action_1_amount,action_1_player,action_1_street,action_1_type,action_2_amount,action_2_player,action_2_street,action_2_type,action_3_amount,action_3_player,action_3_street,action_3_type,action_4_amount,action_4_player,action_4_street,action_4_type,action_5_amount,action_5_player,action_5_street,action_5_type,action_6_amount,action_6_player,action_6_street,action_6_type,action_7_amount,action_7_player,action_7_street,action_7_type,action_8_amount,action_8_player,action_8_street,action_8_type,action_9_amount,action_9_player,action_9_street,action_9_type,community_cards,current_street,final_pot,final_stack,game_number,hand_name,hand_value,hole_cards,initial_seats,initial_stack,player_name,pot,round_count,street,win_rate,won_hand
10,tqifnymnbrlqlinlmosppt,preflop,call,10,nuwldfzcmyuklqqtbtwevo,preflop,call,0,tqifnymnbrlqlinlmosppt,flop,call,0,nuwldfzcmyuklqqtbtwevo,flop,call,0,tqifnymnbrlqlinlmosppt,turn,call,0,nuwldfzcmyuklqqtbtwevo,turn,call,0,tqifnymnbrlqlinlmosppt,river,call,0,nuwldfzcmyuklqqtbtwevo,river,call,,,,,"S2,CT,HA,S3,C6",river,20,1010,1,,,"D6,H9","[{'name': 'Player1', 'uuid': 'nuwldfzcmyuklqqtbtwevo', 'stack': 990, 'state': 'participating'}, {'name': 'Player2', 'uuid': 'tqifnymnbrlqlinlmosppt', 'stack': 995, 'state': 'participating'}]",1000,Player1,20,1,river,0.64,1
1000,kkxkfdfdrrjdlagbwasdat,preflop,raise,1000,yuucieqfpgcocffbhqybpv,preflop,call,,,,,,,,,,,,,,,,,,,,,,,,,,,,,,river,2000,0,1,,,"H6,H9","[{'name': 'Player1', 'uuid': 'yuucieqfpgcocffbhqybpv', 'stack': 990, 'state': 'participating'}, {'name': 'Player2', 'uuid': 'kkxkfdfdrrjdlagbwasdat', 'stack': 995, 'state': 'participating'}]",1000,Player1,1010,1,preflop,0.54,0
10,xlzlijyzrmwzskqpmqfbef,preflop,call,10,rbrltmcgkqeodfutrbeffh,preflop,call,0,xlzlijyzrmwzskqpmqfbef,flop,call,0,rbrltmcgkqeodfutrbeffh,flop,call,0,xlzlijyzrmwzskqpmqfbef,turn,call,0,rbrltmcgkqeodfutrbeffh,turn,call,0,xlzlijyzrmwzskqpmqfbef,river,call,0,rbrltmcgkqeodfutrbeffh,river,call,,,,,"H6,C2,C3,D6,H5",river,20,990,1,,,"SK,CQ","[{'name': 'Player1', 'uuid': 'rbrltmcgkqeodfutrbeffh', 'stack': 990, 'state': 'participating'}, {'name': 'Player2', 'uuid': 'xlzlijyzrmwzskqpmqfbef', 'stack': 995, 'state': 'participating'}]",1000,Player1,20,1,river,0.29,0
10,nezxemjqxgszlouxmabvfg,preflop,call,10,aoopmfnvfldnnqfmujjzzu,preflop,call,0,nezxemjqxgszlouxmabvfg,flop,call,0,aoopmfnvfldnnqfmujjzzu,flop,call,0,nezxemjqxgszlouxmabvfg,turn,call,0,aoopmfnvfldnnqfmujjzzu,turn,call,0,nezxemjqxgszlouxmabvfg,river,call,990,aoopmfnvfldnnqfmujjzzu,river,raise,990,nezxemjqxgszlouxmabvfg,river,call,"HJ,H8,C7,S4,C2",river,2000,2000,1,,,"DT,C8","[{'name': 'Player1', 'uuid': 'aoopmfnvfldnnqfmujjzzu', 'stack': 990, 'state': 'participating'}, {'name': 'Player2', 'uuid': 'nezxemjqxgszlouxmabvfg', 'stack': 995, 'state': 'participating'}]",1000,Player1,20,1,river,0.76,1
10,qhspaewevvmmpttewfbmij,preflop,call,10,xlfvyjmnpjepzfmnbkgync,preflop,call,0,qhspaewevvmmpttewfbmij,flop,call,990,xlfvyjmnpjepzfmnbkgync,flop,raise,990,qhspaewevvmmpttewfbmij,flop,call,,,,,,,,,,,,,,,,,"S5,D8,D6",river,2000,2000,1,,,"C9,D9","[{'name': 'Player1', 'uuid': 'xlfvyjmnpjepzfmnbkgync', 'stack': 990, 'state': 'participating'}, {'name': 'Player2', 'uuid': 'qhspaewevvmmpttewfbmij', 'stack': 995, 'state': 'participating'}]",1000,Player1,20,1,flop,0.78,1
10,uycvyyrxnwiydcvbgmxobb,preflop,call,10,obytymvnhlwkfbgkcecpdt,preflop,call,0,uycvyyrxnwiydcvbgmxobb,flop,call,0,obytymvnhlwkfbgkcecpdt,flop,call,0,uycvyyrxnwiydcvbgmxobb,turn,call,990,obytymvnhlwkfbgkcecpdt,turn,raise,990,uycvyyrxnwiydcvbgmxobb,turn,call,,,,,,,,,"ST,DJ,CK,CJ",river,2000,0,1,,,"D8,HT","[{'name': 'Player1', 'uuid': 'obytymvnhlwkfbgkcecpdt', 'stack': 990, 'state': 'participating'}, {'name': 'Player2', 'uuid': 'uycvyyrxnwiydcvbgmxobb', 'stack': 995, 'state': 'participating'}]",1000,Player1,20,1,turn,0.76,0
10,jbeirlhedzxyjrxownielr,preflop,call,10,ofwpwytyxnignswydbcryc,preflop,call,0,jbeirlhedzxyjrxownielr,flop,call,0,ofwpwytyxnignswydbcryc,flop,call,0,jbeirlhedzxyjrxownielr,turn,call,0,ofwpwytyxnignswydbcryc,turn,call,0,jbeirlhedzxyjrxownielr,river,call,0,ofwpwytyxnignswydbcryc,river,call,,,,,"HQ,C4,CT,CJ,HT",river,20,990,1,,,"D6,H9","[{'name': 'Player1', 'uuid': 'ofwpwytyxnignswydbcryc', 'stack': 990, 'state': 'participating'}, {'name': 'Player2', 'uuid': 'jbeirlhedzxyjrxownielr', 'stack': 995, 'state': 'participating'}]",1000,Player1,20,1,river,0.24,0
10,dukzvyykvmmnphljpbvavu,preflop,call,10,aogmxyzaflbupjovacoquu,preflop,call,0,dukzvyykvmmnphljpbvavu,flop,call,0,aogmxyzaflbupjovacoquu,flop,call,0,dukzvyykvmmnphljpbvavu,turn,call,0,aogmxyzaflbupjovacoquu,turn,call,0,dukzvyykvmmnphljpbvavu,river,call,0,aogmxyzaflbupjovacoquu,river,call,,,,,"CK,H5,D6,SA,S3",river,20,990,1,,,"DJ,H4","[{'name': 'Player1', 'uuid': 'aogmxyzaflbupjovacoquu', 'stack': 990, 'state': 'participating'}, {'name': 'Player2', 'uuid': 'dukzvyykvmmnphljpbvavu', 'stack': 995, 'state': 'participating'}]",1000,Player1,20,1,river,0.22,0
10,uvbcywskmhtkitxqzdefop,preflop,call,10,fvwcxiydhmkmhccuicnqst,preflop,call,0,uvbcywskmhtkitxqzdefop,flop,call,0,fvwcxiydhmkmhccuicnqst,flop,call,0,uvbcywskmhtkitxqzdefop,turn,call,0,fvwcxiydhmkmhccuicnqst,turn,call,0,uvbcywskmhtkitxqzdefop,river,call,0,fvwcxiydhmkmhccuicnqst,river,call,,,,,"S7,CQ,D3,S5,S4",river,20,1010,1,,,"CK,H3","[{'name': 'Player1', 'uuid': 'fvwcxiydhmkmhccuicnqst', 'stack': 990, 'state': 'participating'}, {'name': 'Player2', 'uuid': 'uvbcywskmhtkitxqzdefop', 'stack': 995, 'state': 'participating'}]",1000,Player1,20,1,river,0.39,1
10,wbjnlovqwlomiqhvgbufov,preflop,call,10,hkwqkmydtpxvzlvwfjctts,preflop,call,0,wbjnlovqwlomiqhvgbufov,flop,call,0,hkwqkmydtpxvzlvwfjctts,flop,call,990,wbjnlovqwlomiqhvgbufov,turn,raise,990,hkwqkmydtpxvzlvwfjctts,turn,call,,,,,,,,,,,,,"SJ,S5,D7,H8",river,2000,0,1,,,"S7,H6","[{'name': 'Player1', 'uuid': 'hkwqkmydtpxvzlvwfjctts', 'stack': 990, 'state': 'participating'}, {'name': 'Player2', 'uuid': 'wbjnlovqwlomiqhvgbufov', 'stack': 995, 'state': 'participating'}]",1000,Player1,1010,1,turn,0.63,0
10,jtebejytpsofqmerdbylqm,preflop,call,10,plzwtvrhuerwoivyrlqogb,preflop,call,990,jtebejytpsofqmerdbylqm,flop,raise,990,plzwtvrhuerwoivyrlqogb,flop,call,,,,,,,,,,,,,,,,,,,,,"SK,HA,HT",river,2000,0,1,,,"D4,C3","[{'name': 'Player1', 'uuid': 'plzwtvrhuerwoivyrlqogb', 'stack': 990, 'state': 'participating'}, {'name': 'Player2', 'uuid': 'jtebejytpsofqmerdbylqm', 'stack': 995, 'state': 'participating'}]",1000,Player1,1010,1,flop,0.16,0
10,nmchjogbytztzhdbxtawlm,preflop,call,10,hzhzpdkriccvzilvpxbqhc,preflop,call,0,nmchjogbytztzhdbxtawlm,flop,call,0,hzhzpdkriccvzilvpxbqhc,flop,call,0,nmchjogbytztzhdbxtawlm,turn,call,0,hzhzpdkriccvzilvpxbqhc,turn,call,0,nmchjogbytztzhdbxtawlm,river,call,0,hzhzpdkriccvzilvpxbqhc,river,call,,,,,"S8,HQ,CT,D5,D4",river,20,1010,1,,,"D9,CK","[{'name': 'Player1', 'uuid': 'hzhzpdkriccvzilvpxbqhc', 'stack': 990, 'state': 'participating'}, {'name': 'Player2', 'uuid': 'nmchjogbytztzhdbxtawlm', 'stack': 995, 'state': 'participating'}]",1000,Player1,20,1,river,0.27,1
10,bgphakzpkimmvbvonfgwnd,preflop,call,10,klzzhznbcadrietvvsksqb,preflop,call,0,bgphakzpkimmvbvonfgwnd,flop,call,0,klzzhznbcadrietvvsksqb,flop,call,0,bgphakzpkimmvbvonfgwnd,turn,call,0,klzzhznbcadrietvvsksqb,turn,call,990,bgphakzpkimmvbvonfgwnd,river,raise,990,klzzhznbcadrietvvsksqb,river,call,,,,,"SJ,HA,DK,S2,SQ",river,2000,0,1,,,"H3,C6","[{'name': 'Player1', 'uuid': 'klzzhznbcadrietvvsksqb', 'stack': 990, 'state': 'participating'}, {'name': 'Player2', 'uuid': 'bgphakzpkimmvbvonfgwnd', 'stack': 995, 'state': 'participating'}]",1000,Player1,1010,1,river,0.03,0
10,otupprkfeahmhmmszqbaeh,preflop,call,10,ehtnfxusrxwilcvfpkespu,preflop,call,990,otupprkfeahmhmmszqbaeh,flop,raise,990,ehtnfxusrxwilcvfpkespu,flop,call,,,,,,,,,,,,,,,,,,,,,"C8,DK,D6",river,2000,0,1,,,"C7,CA","[{'name': 'Player1', 'uuid': 'ehtnfxusrxwilcvfpkespu', 'stack': 990, 'state': 'participating'}, {'name': 'Player2', 'uuid': 'otupprkfeahmhmmszqbaeh', 'stack': 995, 'state': 'participating'}]",1000,Player1,1010,1,flop,0.55,0
1000,juadbvcfmcxinpbwmxjfmd,preflop,raise,1000,skoidapgjxytsiywsgymls,preflop,call,,,,,,,,,,,,,,,,,,,,,,,,,,,,,,river,2000,0,1,,,"SJ,H5","[{'name': 'Player1', 'uuid': 'skoidapgjxytsiywsgymls', 'stack': 990, 'state': 'participating'}, {'name': 'Player2', 'uuid': 'juadbvcfmcxinpbwmxjfmd', 'stack': 995, 'state': 'participating'}]",1000,Player1,1010,1,preflop,0.48,0
1000,rutpnhqtuttjaujdwcxmny,preflop,raise,1000,dlhhkooeignecuvrvtzbuv,preflop,call,,,,,,,,,,,,,,,,,,,,,,,,,,,,,,river,2000,2000,1,,,"ST,H9","[{'name': 'Player1', 'uuid': 'dlhhkooeignecuvrvtzbuv', 'stack': 990, 'state': 'participating'}, {'name': 'Player2', 'uuid': 'rutpnhqtuttjaujdwcxmny', 'stack': 995, 'state': 'participating'}]",1000,Player1,1010,1,preflop,0.61,1
1000,aswtwguqpvscrdtoiktijp,preflop,raise,1000,cervddlwacigxhbtzedjic,preflop,call,,,,,,,,,,,,,,,,,,,,,,,,,,,,,,river,2000,0,1,,,"D2,CQ","[{'name': 'Player1', 'uuid': 'cervddlwacigxhbtzedjic', 'stack': 990, 'state': 'participating'}, {'name': 'Player2', 'uuid': 'aswtwguqpvscrdtoiktijp', 'stack': 995, 'state': 'participating'}]",1000,Player1,1010,1,preflop,0.51,0
10,mciasgjahcqgvhmchhzoqk,preflop,call,10,iuaxausfpctggbiuvwjizw,preflop,call,0,mciasgjahcqgvhmchhzoqk,flop,call,0,iuaxausfpctggbiuvwjizw,flop,call,0,mciasgjahcqgvhmchhzoqk,turn,call,0,iuaxausfpctggbiuvwjizw,turn,call,0,mciasgjahcqgvhmchhzoqk,river,call,0,iuaxausfpctggbiuvwjizw,river,call,,,,,"CQ,H2,HQ,C4,C2",river,20,1010,1,,,"HA,S6","[{'name': 'Player1', 'uuid': 'iuaxausfpctggbiuvwjizw', 'stack': 990, 'state': 'participating'}, {'name': 'Player2', 'uuid': 'mciasgjahcqgvhmchhzoqk', 'stack': 995, 'state': 'participating'}]",1000,Player1,20,1,river,0.6,1
10,czmzqwceilywncekfrigkj,preflop,call,10,kjmpanjvodmazeavopdmpw,preflop,call,0,czmzqwceilywncekfrigkj,flop,call,0,kjmpanjvodmazeavopdmpw,flop,call,990,czmzqwceilywncekfrigkj,turn,raise,990,kjmpanjvodmazeavopdmpw,turn,call,,,,,,,,,,,,,"C8,C2,CA,C6",river,2000,0,1,,,"S3,C7","[{'name': 'Player1', 'uuid': 'kjmpanjvodmazeavopdmpw', 'stack': 990, 'state': 'participating'}, {'name': 'Player2', 'uuid': 'czmzqwceilywncekfrigkj', 'stack': 995, 'state': 'participating'}]",1000,Player1,1010,1,turn,0.57,0
10,otahygcdjvjqylgtfnwnhc,preflop,call,10,nkgoqcudrlunbwerpveqao,preflop,call,0,otahygcdjvjqylgtfnwnhc,flop,call,0,nkgoqcudrlunbwerpveqao,flop,call,0,otahygcdjvjqylgtfnwnhc,turn,call,0,nkgoqcudrlunbwerpveqao,turn,call,0,otahygcdjvjqylgtfnwnhc,river,call,0,nkgoqcudrlunbwerpveqao,river,call,,,,,"SJ,C8,C6,DQ,C7",river,20,990,1,,,"H5,S3","[{'name': 'Player1', 'uuid': 'nkgoqcudrlunbwerpveqao', 'stack': 990, 'state': 'participating'}, {'name': 'Player2', 'uuid': 'otahygcdjvjqylgtfnwnhc', 'stack': 995, 'state': 'participating'}]",1000,Player1,20,1,river,0.07,0
10,jaiguczlxqhmnnyrxkimtv,preflop,call,10,mwwsnicershuosotafrkqb,preflop,call,990,jaiguczlxqhmnnyrxkimtv,flop,raise,990,mwwsnicershuosotafrkqb,flop,call,,,,,,,,,,,,,,,,,,,,,"C6,H5,CJ",river,2000,0,1,,,"D9,H2","[{'name': 'Player1', 'uuid': 'mwwsnicershuosotafrkqb', 'stack': 990, 'state': 'participating'}, {'name': 'Player2', 'uuid': 'jaiguczlxqhmnnyrxkimtv', 'stack': 995, 'state': 'participating'}]",1000,Player1,1010,1,flop,0.24,0
10,lqzzplpiumkowhfjhkjyyz,preflop,call,10,bcycngciruwixunwtlawlz,preflop,call,0,lqzzplpiumkowhfjhkjyyz,flop,call,0,bcycngciruwixunwtlawlz,flop,call,0,lqzzplpiumkowhfjhkjyyz,turn,call,0,bcycngciruwixunwtlawlz,turn,call,0,lqzzplpiumkowhfjhkjyyz,river,call,0,bcycngciruwixunwtlawlz,river,call,,,,,"H3,H2,C9,SA,H9",river,20,1010,1,,,"DJ,ST","[{'name': 'Player1', 'uuid': 'bcycngciruwixunwtlawlz', 'stack': 990, 'state': 'participating'}, {'name': 'Player2', 'uuid': 'lqzzplpiumkowhfjhkjyyz', 'stack': 995, 'state': 'participating'}]",1000,Player1,20,1,river,0.26,1
10,yicgksgmlzupoxlmgapqma,preflop,call,10,zcouaarjhmfxbrgfebzqut,preflop,call,0,yicgksgmlzupoxlmgapqma,flop,call,0,zcouaarjhmfxbrgfebzqut,flop,call,0,yicgksgmlzupoxlmgapqma,turn,call,0,zcouaarjhmfxbrgfebzqut,turn,call,0,yicgksgmlzupoxlmgapqma,river,call,0,zcouaarjhmfxbrgfebzqut,river,call,,,,,"S9,C4,CT,S2,S7",river,20,1010,1,,,"SQ,C8","[{'name': 'Player1', 'uuid': 'zcouaarjhmfxbrgfebzqut', 'stack': 990, 'state': 'participating'}, {'name': 'Player2', 'uuid': 'yicgksgmlzupoxlmgapqma', 'stack': 995, 'state': 'participating'}]",1000,Player1,20,1,river,0.22,1
1000,vpnvoelshivbdvlpueklmk,preflop,raise,1000,nbfgkhqzxomrrpevyafbgv,preflop,call,,,,,,,,,,,,,,,,,,,,,,,,,,,,,,river,2000,0,1,,,"S4,H4","[{'name': 'Player1', 'uuid': 'nbfgkhqzxomrrpevyafbgv', 'stack': 990, 'state': 'participating'}, {'name': 'Player2', 'uuid': 'vpnvoelshivbdvlpueklmk', 'stack': 995, 'state': 'participating'}]",1000,Player1,1010,1,preflop,0.58,0
10,jzuqleoatrbgaxbiuqlkdn,preflop,call,10,ullduzexufvsfgrtdykvzs,preflop,call,0,jzuqleoatrbgaxbiuqlkdn,flop,call,0,ullduzexufvsfgrtdykvzs,flop,call,990,jzuqleoatrbgaxbiuqlkdn,turn,raise,990,ullduzexufvsfgrtdykvzs,turn,call,,,,,,,,,,,,,"CQ,D2,S3,D8",river,2000,0,1,,,"H6,DK","[{'name': 'Player1', 'uuid': 'ullduzexufvsfgrtdykvzs', 'stack': 990, 'state': 'participating'}, {'name': 'Player2', 'uuid': 'jzuqleoatrbgaxbiuqlkdn', 'stack': 995, 'state': 'participating'}]",1000,Player1,1010,1,turn,0.39,0
10,zgpypyascsdbleqlawoszp,preflop,call,10,xbozityahyywwmmeispgpr,preflop,call,0,zgpypyascsdbleqlawoszp,flop,call,0,xbozityahyywwmmeispgpr,flop,call,0,zgpypyascsdbleqlawoszp,turn,call,0,xbozityahyywwmmeispgpr,turn,call,0,zgpypyascsdbleqlawoszp,river,call,0,xbozityahyywwmmeispgpr,river,call,,,,,"S8,H7,DQ,DJ,DA",river,20,990,1,,,"HK,C5","[{'name': 'Player1', 'uuid': 'xbozityahyywwmmeispgpr', 'stack': 990, 'state': 'participating'}, {'name': 'Player2', 'uuid': 'zgpypyascsdbleqlawoszp', 'stack': 995, 'state': 'participating'}]",1000,Player1,20,1,river,0.38,0
10,rksjualdvtvyewrlyhipkh,preflop,call,10,ggxhqgifbklsqdtffwyzqn,preflop,call,0,rksjualdvtvyewrlyhipkh,flop,call,0,ggxhqgifbklsqdtffwyzqn,flop,call,0,rksjualdvtvyewrlyhipkh,turn,call,0,ggxhqgifbklsqdtffwyzqn,turn,call,0,rksjualdvtvyewrlyhipkh,river,call,0,ggxhqgifbklsqdtffwyzqn,river,call,,,,,"CK,S2,DK,H6,S7",river,20,990,1,,,"H5,HT","[{'name': 'Player1', 'uuid': 'ggxhqgifbklsqdtffwyzqn', 'stack': 990, 'state': 'participating'}, {'name': 'Player2', 'uuid': 'rksjualdvtvyewrlyhipkh', 'stack': 995, 'state': 'participating'}]",1000,Player1,20,1,river,0.17,0
10,aumoaqtcthwhnehulknexa,preflop,call,10,sckbrveyhadewdvepdrhos,preflop,call,0,aumoaqtcthwhnehulknexa,flop,call,0,sckbrveyhadewdvepdrhos,flop,call,0,aumoaqtcthwhnehulknexa,turn,call,990,sckbrveyhadewdvepdrhos,turn,raise,990,aumoaqtcthwhnehulknexa,turn,call,,,,,,,,,"CT,C6,HJ,SK",river,2000,2000,1,,,"C9,DQ","[{'name': 'Player1', 'uuid': 'sckbrveyhadewdvepdrhos', 'stack': 990, 'state': 'participating'}, {'name': 'Player2', 'uuid': 'aumoaqtcthwhnehulknexa', 'stack': 995, 'state': 'participating'}]",1000,Player1,20,1,turn,0.92,1
10,vgmqjmpvqbeoqkjtjbiynq,preflop,call,10,eeivxupywsrrxecaxtkjwh,preflop,call,0,vgmqjmpvqbeoqkjtjbiynq,flop,call,0,eeivxupywsrrxecaxtkjwh,flop,call,0,vgmqjmpvqbeoqkjtjbiynq,turn,call,0,eeivxupywsrrxecaxtkjwh,turn,call,0,vgmqjmpvqbeoqkjtjbiynq,river,call,0,eeivxupywsrrxecaxtkjwh,river,call,,,,,"D7,HQ,C5,S3,S8",river,20,990,1,,,"ST,S4","[{'name': 'Player1', 'uuid': 'eeivxupywsrrxecaxtkjwh', 'stack': 990, 'state': 'participating'}, {'name': 'Player2', 'uuid': 'vgmqjmpvqbeoqkjtjbiynq', 'stack': 995, 'state': 'participating'}]",1000,Player1,20,1,river,0.07,0
10,qiwsvqigsoafkzjwfpifhl,preflop,call,1000,vxnfoglbyaweqwhrrghvqa,preflop,raise,1000,qiwsvqigsoafkzjwfpifhl,preflop,call,,,,,,,,,,,,,,,,,,,,,,,,,,river,2000,2000,1,,,"CK,DK","[{'name': 'Player1', 'uuid': 'vxnfoglbyaweqwhrrghvqa', 'stack': 990, 'state': 'participating'}, {'name': 'Player2', 'uuid': 'qiwsvqigsoafkzjwfpifhl', 'stack': 995, 'state': 'participating'}]",1000,Player1,20,1,preflop,0.83,1
10,weahkuklsxwolitqnriktg,preflop,call,10,rkkdivbrqvsppucggelihy,preflop,call,0,weahkuklsxwolitqnriktg,flop,call,0,rkkdivbrqvsppucggelihy,flop,call,0,weahkuklsxwolitqnriktg,turn,call,0,rkkdivbrqvsppucggelihy,turn,call,0,weahkuklsxwolitqnriktg,river,call,0,rkkdivbrqvsppucggelihy,river,call,,,,,"C8,DK,H8,SQ,C7",river,20,990,1,,,"CJ,C5","[{'name': 'Player1', 'uuid': 'rkkdivbrqvsppucggelihy', 'stack': 990, 'state': 'participating'}, {'name': 'Player2', 'uuid': 'weahkuklsxwolitqnriktg', 'stack': 995, 'state': 'participating'}]",1000,Player1,20,1,river,0.35,0
10,htqdhvckmuxaelmgccfctn,preflop,call,10,gvgeyywbuijwdprvjgetju,preflop,call,0,htqdhvckmuxaelmgccfctn,flop,call,990,gvgeyywbuijwdprvjgetju,flop,raise,990,htqdhvckmuxaelmgccfctn,flop,call,,,,,,,,,,,,,,,,,"DJ,C4,S2",river,2000,2000,1,,,"C8,SJ","[{'name': 'Player1', 'uuid': 'gvgeyywbuijwdprvjgetju', 'stack': 990, 'state': 'participating'}, {'name': 'Player2', 'uuid': 'htqdhvckmuxaelmgccfctn', 'stack': 995, 'state': 'participating'}]",1000,Player1,20,1,flop,0.8,1
10,vrtlbsyfpujeunjkfcftts,preflop,call,1000,vhdsxnawxekuxjeyaqxslm,preflop,raise,1000,vrtlbsyfpujeunjkfcftts,preflop,call,,,,,,,,,,,,,,,,,,,,,,,,,,river,2000,2000,1,,,"H8,S8","[{'name': 'Player1', 'uuid': 'vhdsxnawxekuxjeyaqxslm', 'stack': 990, 'state': 'participating'}, {'name': 'Player2', 'uuid': 'vrtlbsyfpujeunjkfcftts', 'stack': 995, 'state': 'participating'}]",1000,Player1,20,1,preflop,0.79,1
10,ahebeshjtywqtsfqxylxyh,preflop,call,10,ckqudpumsrdcqfpiamaczj,preflop,call,0,ahebeshjtywqtsfqxylxyh,flop,call,0,ckqudpumsrdcqfpiamaczj,flop,call,0,ahebeshjtywqtsfqxylxyh,turn,call,0,ckqudpumsrdcqfpiamaczj,turn,call,0,ahebeshjtywqtsfqxylxyh,river,call,0,ckqudpumsrdcqfpiamaczj,river,call,,,,,"HK,HJ,C5,CT,C2",river,20,1010,1,,,"S2,S6","[{'name': 'Player1', 'uuid': 'ckqudpumsrdcqfpiamaczj', 'stack': 990, 'state': 'participating'}, {'name': 'Player2', 'uuid': 'ahebeshjtywqtsfqxylxyh', 'stack': 995, 'state': 'participating'}]",1000,Player1,20,1,river,0.39,1
10,iiatxuskodqnahokzchhgc,preflop,call,10,fmhekuhlsarlgelrfzpthh,preflop,call,0,iiatxuskodqnahokzchhgc,flop,call,0,fmhekuhlsarlgelrfzpthh,flop,call,0,iiatxuskodqnahokzchhgc,turn,call,0,fmhekuhlsarlgelrfzpthh,turn,call,0,iiatxuskodqnahokzchhgc,river,call,0,fmhekuhlsarlgelrfzpthh,river,call,,,,,"H8,DA,S8,SA,CK",river,20,990,1,,,"C5,C6","[{'name': 'Player1', 'uuid': 'fmhekuhlsarlgelrfzpthh', 'stack': 990, 'state': 'participating'}, {'name': 'Player2', 'uuid': 'iiatxuskodqnahokzchhgc', 'stack': 995, 'state': 'participating'}]",1000,Player1,20,1,river,0.2,0
10,tmfcpqzqgzlzhdlzdawyoy,preflop,call,10,yypjymrokmcekisgjmuqov,preflop,call,0,tmfcpqzqgzlzhdlzdawyoy,flop,call,0,yypjymrokmcekisgjmuqov,flop,call,0,tmfcpqzqgzlzhdlzdawyoy,turn,call,0,yypjymrokmcekisgjmuqov,turn,call,0,tmfcpqzqgzlzhdlzdawyoy,river,call,0,yypjymrokmcekisgjmuqov,river,call,,,,,"D9,D6,C5,DA,C2",river,20,990,1,,,"HT,CJ","[{'name': 'Player1', 'uuid': 'yypjymrokmcekisgjmuqov', 'stack': 990, 'state': 'participating'}, {'name': 'Player2', 'uuid': 'tmfcpqzqgzlzhdlzdawyoy', 'stack': 995, 'state': 'participating'}]",1000,Player1,20,1,river,0.13,0
10,gpeiwmjgwagjqbkzjljury,preflop,call,10,nbcshhvapzpwvmfwwrmuua,preflop,call,0,gpeiwmjgwagjqbkzjljury,flop,call,0,nbcshhvapzpwvmfwwrmuua,flop,call,0,gpeiwmjgwagjqbkzjljury,turn,call,0,nbcshhvapzpwvmfwwrmuua,turn,call,0,gpeiwmjgwagjqbkzjljury,river,call,0,nbcshhvapzpwvmfwwrmuua,river,call,,,,,"HA,H2,CA,H4,SJ",river,20,990,1,,,"C8,C2","[{'name': 'Player1', 'uuid': 'nbcshhvapzpwvmfwwrmuua', 'stack': 990, 'state': 'participating'}, {'name': 'Player2', 'uuid': 'gpeiwmjgwagjqbkzjljury', 'stack': 995, 'state': 'participating'}]",1000,Player1,20,1,river,0.58,0
10,jlsctevnwxfavusyxwjjgk,preflop,call,10,cgjmyoapmptwlqcwskvovs,preflop,call,0,jlsctevnwxfavusyxwjjgk,flop,call,0,cgjmyoapmptwlqcwskvovs,flop,call,0,jlsctevnwxfavusyxwjjgk,turn,call,0,cgjmyoapmptwlqcwskvovs,turn,call,0,jlsctevnwxfavusyxwjjgk,river,call,0,cgjmyoapmptwlqcwskvovs,river,call,,,,,"D2,CJ,SQ,SA,D7",river,20,990,1,,,"C9,C5","[{'name': 'Player1', 'uuid': 'cgjmyoapmptwlqcwskvovs', 'stack': 990, 'state': 'participating'}, {'name': 'Player2', 'uuid': 'jlsctevnwxfavusyxwjjgk', 'stack': 995, 'state': 'participating'}]",1000,Player1,20,1,river,0.25,0
10,pullwaavagmvihecxfmjhp,preflop,call,10,sodjbndfrrazfslkzskhmz,preflop,call,990,pullwaavagmvihecxfmjhp,flop,raise,990,sodjbndfrrazfslkzskhmz,flop,call,,,,,,,,,,,,,,,,,,,,,"HA,C4,S2",river,2000,0,1,,,"D8,D9","[{'name': 'Player1', 'uuid': 'sodjbndfrrazfslkzskhmz', 'stack': 990, 'state': 'participating'}, {'name': 'Player2', 'uuid': 'pullwaavagmvihecxfmjhp', 'stack': 995, 'state': 'participating'}]",1000,Player1,1010,1,flop,0.28,0
10,qrjwgkrxjxbokqmfxbjihc,preflop,call,10,vqfewhwhwvwfuslsrhgndp,preflop,call,990,qrjwgkrxjxbokqmfxbjihc,flop,raise,990,vqfewhwhwvwfuslsrhgndp,flop,call,,,,,,,,,,,,,,,,,,,,,"C2,CT,H8",river,2000,0,1,,,"HQ,S6","[{'name': 'Player1', 'uuid': 'vqfewhwhwvwfuslsrhgndp', 'stack': 990, 'state': 'participating'}, {'name': 'Player2', 'uuid': 'qrjwgkrxjxbokqmfxbjihc', 'stack': 995, 'state': 'participating'}]",1000,Player1,1010,1,flop,0.35,0
10,suacbngxdeawzjwooohkml,preflop,call,10,kqdtvrbniwdgrdnzifzqmu,preflop,call,0,suacbngxdeawzjwooohkml,flop,call,0,kqdtvrbniwdgrdnzifzqmu,flop,call,0,suacbngxdeawzjwooohkml,turn,call,0,kqdtvrbniwdgrdnzifzqmu,turn,call,0,suacbngxdeawzjwooohkml,river,call,0,kqdtvrbniwdgrdnzifzqmu,river,call,,,,,"S3,S2,D8,DA,H4",river,20,990,1,,,"CQ,H6","[{'name': 'Player1', 'uuid': 'kqdtvrbniwdgrdnzifzqmu', 'stack': 990, 'state': 'participating'}, {'name': 'Player2', 'uuid': 'suacbngxdeawzjwooohkml', 'stack': 995, 'state': 'participating'}]",1000,Player1,20,1,river,0.24,0
10,cxefyqxkpcfsoeaabqnqnd,preflop,call,10,lozhckzfxwotkztpibqhax,preflop,call,0,cxefyqxkpcfsoeaabqnqnd,flop,call,0,lozhckzfxwotkztpibqhax,flop,call,0,cxefyqxkpcfsoeaabqnqnd,turn,call,0,lozhckzfxwotkztpibqhax,turn,call,0,cxefyqxkpcfsoeaabqnqnd,river,call,0,lozhckzfxwotkztpibqhax,river,call,,,,,"H6,S2,H3,DK,C7",river,20,1010,1,,,"S4,HQ","[{'name': 'Player1', 'uuid': 'lozhckzfxwotkztpibqhax', 'stack': 990, 'state': 'participating'}, {'name': 'Player2', 'uuid': 'cxefyqxkpcfsoeaabqnqnd', 'stack': 995, 'state': 'participating'}]",1000,Player1,20,1,river,0.23,1
10,luwoakwjhqhxxzukzfrdll,preflop,call,10,dvcebigkljdbbtpasozflu,preflop,call,0,luwoakwjhqhxxzukzfrdll,flop,call,990,dvcebigkljdbbtpasozflu,flop,raise,990,luwoakwjhqhxxzukzfrdll,flop,call,,,,,,,,,,,,,,,,,"C6,S7,H3",river,2000,2000,1,,,"C7,HT","[{'name': 'Player1', 'uuid': 'dvcebigkljdbbtpasozflu', 'stack': 990, 'state': 'participating'}, {'name': 'Player2', 'uuid': 'luwoakwjhqhxxzukzfrdll', 'stack': 995, 'state': 'participating'}]",1000,Player1,20,1,flop,0.78,1
10,smqyvyjytzkvxrljuwgnoj,preflop,call,10,mnpqlowugqbgxvjcdredch,preflop,call,0,smqyvyjytzkvxrljuwgnoj,flop,call,990,mnpqlowugqbgxvjcdredch,flop,raise,990,smqyvyjytzkvxrljuwgnoj,flop,call,,,,,,,,,,,,,,,,,"C5,H7,H9",river,2000,2000,1,,,"H5,H6","[{'name': 'Player1', 'uuid': 'mnpqlowugqbgxvjcdredch', 'stack': 990, 'state': 'participating'}, {'name': 'Player2', 'uuid': 'smqyvyjytzkvxrljuwgnoj', 'stack': 995, 'state': 'participating'}]",1000,Player1,20,1,flop,0.76,1
10,dkgdfsotesgbiusdynlrlo,preflop,call,10,atvwgbuyukxbyvfpubwsvd,preflop,call,0,dkgdfsotesgbiusdynlrlo,flop,call,0,atvwgbuyukxbyvfpubwsvd,flop,call,990,dkgdfsotesgbiusdynlrlo,turn,raise,990,atvwgbuyukxbyvfpubwsvd,turn,call,,,,,,,,,,,,,"H2,ST,HK,CQ",river,2000,0,1,,,"D6,D3","[{'name': 'Player1', 'uuid': 'atvwgbuyukxbyvfpubwsvd', 'stack': 990, 'state': 'participating'}, {'name': 'Player2', 'uuid': 'dkgdfsotesgbiusdynlrlo', 'stack': 995, 'state': 'participating'}]",1000,Player1,1010,1,turn,0.11,0
10,vaakuyragjjeslanfxnxtd,preflop,call,10,bgsnnuaurvvfallczpajch,preflop,call,0,vaakuyragjjeslanfxnxtd,flop,call,0,bgsnnuaurvvfallczpajch,flop,call,0,vaakuyragjjeslanfxnxtd,turn,call,0,bgsnnuaurvvfallczpajch,turn,call,0,vaakuyragjjeslanfxnxtd,river,call,0,bgsnnuaurvvfallczpajch,river,call,,,,,"HQ,DK,C5,S9,D3",river,20,990,1,,,"C6,D5","[{'name': 'Player1', 'uuid': 'bgsnnuaurvvfallczpajch', 'stack': 990, 'state': 'participating'}, {'name': 'Player2', 'uuid': 'vaakuyragjjeslanfxnxtd', 'stack': 995, 'state': 'participating'}]",1000,Player1,20,1,river,0.46,0
10,ouoilvgkksbrnfqnvsxpli,preflop,call,10,sqejevtjxvhrxwrrigdzpp,preflop,call,0,ouoilvgkksbrnfqnvsxpli,flop,call,0,sqejevtjxvhrxwrrigdzpp,flop,call,990,ouoilvgkksbrnfqnvsxpli,turn,raise,990,sqejevtjxvhrxwrrigdzpp,turn,call,,,,,,,,,,,,,"H3,HJ,SJ,HT",river,2000,0,1,,,"D8,C5","[{'name': 'Player1', 'uuid': 'sqejevtjxvhrxwrrigdzpp', 'stack': 990, 'state': 'participating'}, {'name': 'Player2', 'uuid': 'ouoilvgkksbrnfqnvsxpli', 'stack': 995, 'state': 'participating'}]",1000,Player1,1010,1,turn,0.15,0
10,hpdqvurcdmfioedeizkrpu,preflop,call,10,yjbuqwejcfrfqraitcvjoy,preflop,call,0,hpdqvurcdmfioedeizkrpu,flop,call,0,yjbuqwejcfrfqraitcvjoy,flop,call,0,hpdqvurcdmfioedeizkrpu,turn,call,0,yjbuqwejcfrfqraitcvjoy,turn,call,0,hpdqvurcdmfioedeizkrpu,river,call,0,yjbuqwejcfrfqraitcvjoy,river,call,,,,,"C6,DT,HQ,DQ,C5",river,20,1010,1,,,"S8,D2","[{'name': 'Player1', 'uuid': 'yjbuqwejcfrfqraitcvjoy', 'stack': 990, 'state': 'participating'}, {'name': 'Player2', 'uuid': 'hpdqvurcdmfioedeizkrpu', 'stack': 995, 'state': 'participating'}]",1000,Player1,20,1,river,0.06,1
10,wwtghnbxicvldysjatlauy,preflop,call,10,vhunafwvhhglzwlxgdaarq,preflop,call,0,wwtghnbxicvldysjatlauy,flop,call,0,vhunafwvhhglzwlxgdaarq,flop,call,0,wwtghnbxicvldysjatlauy,turn,call,0,vhunafwvhhglzwlxgdaarq,turn,call,0,wwtghnbxicvldysjatlauy,river,call,0,vhunafwvhhglzwlxgdaarq,river,call,,,,,"C2,SJ,DA,HA,S5",river,20,1010,1,,,"DK,HT","[{'name': 'Player1', 'uuid': 'vhunafwvhhglzwlxgdaarq', 'stack': 990, 'state': 'participating'}, {'name': 'Player2', 'uuid': 'wwtghnbxicvldysjatlauy', 'stack': 995, 'state': 'participating'}]",1000,Player1,20,1,river,0.56,1
10,vaalielwuqsbghilypkryb,preflop,call,10,tjvuauslxquykptooretmy,preflop,call,0,vaalielwuqsbghilypkryb,flop,call,990,tjvuauslxquykptooretmy,flop,raise,990,vaalielwuqsbghilypkryb,flop,call,,,,,,,,,,,,,,,,,"S3,DA,C7",river,2000,2000,1,,,"CA,H5","[{'name': 'Player1', 'uuid': 'tjvuauslxquykptooretmy', 'stack': 990, 'state': 'participating'}, {'name': 'Player2', 'uuid': 'vaalielwuqsbghilypkryb', 'stack': 995, 'state': 'participating'}]",1000,Player1,20,1,flop,0.87,1
1000,udwlprvyksnsnhqosmmfiz,preflop,raise,1000,xlnvexrhlxoumejozvtlwx,preflop,call,,,,,,,,,,,,,,,,,,,,,,,,,,,,,,river,2000,0,1,,,"CA,S5","[{'name': 'Player1', 'uuid': 'xlnvexrhlxoumejozvtlwx', 'stack': 990, 'state': 'participating'}, {'name': 'Player2', 'uuid': 'udwlprvyksnsnhqosmmfiz', 'stack': 995, 'state': 'participating'}]",1000,Player1,1010,1,preflop,0.59,0
10,kevjltdiufsputgsktkixu,preflop,call,10,qkglpwtsesraziqbbkzzta,preflop,call,0,kevjltdiufsputgsktkixu,flop,call,0,qkglpwtsesraziqbbkzzta,flop,call,0,kevjltdiufsputgsktkixu,turn,call,0,qkglpwtsesraziqbbkzzta,turn,call,0,kevjltdiufsputgsktkixu,river,call,0,qkglpwtsesraziqbbkzzta,river,call,,,,,"H4,CQ,HJ,DQ,S7",river,20,1010,1,,,"C7,HT","[{'name': 'Player1', 'uuid': 'qkglpwtsesraziqbbkzzta', 'stack': 990, 'state': 'participating'}, {'name': 'Player2', 'uuid': 'kevjltdiufsputgsktkixu', 'stack': 995, 'state': 'participating'}]",1000,Player1,20,1,river,0.66,1
10,bcyobaofhbesuijcrtnxud,preflop,call,10,ixfjjbpghoxfbysrtddmae,preflop,call,0,bcyobaofhbesuijcrtnxud,flop,call,0,ixfjjbpghoxfbysrtddmae,flop,call,0,bcyobaofhbesuijcrtnxud,turn,call,0,ixfjjbpghoxfbysrtddmae,turn,call,0,bcyobaofhbesuijcrtnxud,river,call,0,ixfjjbpghoxfbysrtddmae,river,call,,,,,"D2,S5,D8,H4,C7",river,20,1010,1,,,"D7,CT","[{'name': 'Player1', 'uuid': 'ixfjjbpghoxfbysrtddmae', 'stack': 990, 'state': 'participating'}, {'name': 'Player2', 'uuid': 'bcyobaofhbesuijcrtnxud', 'stack': 995, 'state': 'participating'}]",1000,Player1,20,1,river,0.53,1
10,vvixfpbnjxozqhoioddqjc,preflop,call,10,kexdhgbfufqydhmisxgmxy,preflop,call,0,vvixfpbnjxozqhoioddqjc,flop,call,990,kexdhgbfufqydhmisxgmxy,flop,raise,990,vvixfpbnjxozqhoioddqjc,flop,call,,,,,,,,,,,,,,,,,"S3,D5,D8",river,2000,2000,1,,,"C5,DA","[{'name': 'Player1', 'uuid': 'kexdhgbfufqydhmisxgmxy', 'stack': 990, 'state': 'participating'}, {'name': 'Player2', 'uuid': 'vvixfpbnjxozqhoioddqjc', 'stack': 995, 'state': 'participating'}]",1000,Player1,20,1,flop,0.73,1
10,bpdwrxhbxxidoascujbwfn,preflop,call,1000,ffyixpxddkosteufjwxotp,preflop,raise,1000,bpdwrxhbxxidoascujbwfn,preflop,call,,,,,,,,,,,,,,,,,,,,,,,,,,river,2000,2000,1,,,"CQ,HQ","[{'name': 'Player1', 'uuid': 'ffyixpxddkosteufjwxotp', 'stack': 990, 'state': 'participating'}, {'name': 'Player2', 'uuid': 'bpdwrxhbxxidoascujbwfn', 'stack': 995, 'state': 'participating'}]",1000,Player1,20,1,preflop,0.87,1
10,iejjhestssyroomnjeznpf,preflop,call,10,fhceibsgnbdmpiyjyhwhoo,preflop,call,0,iejjhestssyroomnjeznpf,flop,call,0,fhceibsgnbdmpiyjyhwhoo,flop,call,0,iejjhestssyroomnjeznpf,turn,call,0,fhceibsgnbdmpiyjyhwhoo,turn,call,0,iejjhestssyroomnjeznpf,river,call,0,fhceibsgnbdmpiyjyhwhoo,river,call,,,,,"DK,C2,D4,S6,ST",river,20,990,1,,,"CQ,C9","[{'name': 'Player1', 'uuid': 'fhceibsgnbdmpiyjyhwhoo', 'stack': 990, 'state': 'participating'}, {'name': 'Player2', 'uuid': 'iejjhestssyroomnjeznpf', 'stack': 995, 'state': 'participating'}]",1000,Player1,20,1,river,0.25,0
10,ieqqbrtnjkonqatmtkzxgi,preflop,call,10,jgkdtcfmzlslucjbjjgdwu,preflop,call,0,ieqqbrtnjkonqatmtkzxgi,flop,call,0,jgkdtcfmzlslucjbjjgdwu,flop,call,0,ieqqbrtnjkonqatmtkzxgi,turn,call,0,jgkdtcfmzlslucjbjjgdwu,turn,call,0,ieqqbrtnjkonqatmtkzxgi,river,call,0,jgkdtcfmzlslucjbjjgdwu,river,call,,,,,"S5,DT,C5,H2,CT",river,20,1010,1,,,"CA,D2","[{'name': 'Player1', 'uuid': 'jgkdtcfmzlslucjbjjgdwu', 'stack': 990, 'state': 'participating'}, {'name': 'Player2', 'uuid': 'ieqqbrtnjkonqatmtkzxgi', 'stack': 995, 'state': 'participating'}]",1000,Player1,20,1,river,0.56,1
10,cxexwgmvefswtcmcmtyaxx,preflop,call,10,hlftovesjtwyeeghakbbwy,preflop,call,0,cxexwgmvefswtcmcmtyaxx,flop,call,0,hlftovesjtwyeeghakbbwy,flop,call,0,cxexwgmvefswtcmcmtyaxx,turn,call,0,hlftovesjtwyeeghakbbwy,turn,call,0,cxexwgmvefswtcmcmtyaxx,river,call,0,hlftovesjtwyeeghakbbwy,river,call,,,,,"C5,H5,HT,SJ,S7",river,20,990,1,,,"CK,CQ","[{'name': 'Player1', 'uuid': 'hlftovesjtwyeeghakbbwy', 'stack': 990, 'state': 'participating'}, {'name': 'Player2', 'uuid': 'cxexwgmvefswtcmcmtyaxx', 'stack': 995, 'state': 'participating'}]",1000,Player1,20,1,river,0.37,0
10,vyepbiwykpvemdibiyxgax,preflop,call,10,jiugzmslnotvfqyytwqdjg,preflop,call,0,vyepbiwykpvemdibiyxgax,flop,call,0,jiugzmslnotvfqyytwqdjg,flop,call,0,vyepbiwykpvemdibiyxgax,turn,call,0,jiugzmslnotvfqyytwqdjg,turn,call,0,vyepbiwykpvemdibiyxgax,river,call,0,jiugzmslnotvfqyytwqdjg,river,call,,,,,"H3,CT,D2,C9,H9",river,20,1010,1,,,"CA,HK","[{'name': 'Player1', 'uuid': 'jiugzmslnotvfqyytwqdjg', 'stack': 990, 'state': 'participating'}, {'name': 'Player2', 'uuid': 'vyepbiwykpvemdibiyxgax', 'stack': 995, 'state': 'participating'}]",1000,Player1,20,1,river,0.51,1
10,uihtqbxulpkrtvezvyacrq,preflop,call,10,ecdenwqvgnycwxoxtxkqqf,preflop,call,0,uihtqbxulpkrtvezvyacrq,flop,call,0,ecdenwqvgnycwxoxtxkqqf,flop,call,0,uihtqbxulpkrtvezvyacrq,turn,call,0,ecdenwqvgnycwxoxtxkqqf,turn,call,0,uihtqbxulpkrtvezvyacrq,river,call,0,ecdenwqvgnycwxoxtxkqqf,river,call,,,,,"D8,D2,DQ,C6,CQ",river,20,990,1,,,"C4,S7","[{'name': 'Player1', 'uuid': 'ecdenwqvgnycwxoxtxkqqf', 'stack': 990, 'state': 'participating'}, {'name': 'Player2', 'uuid': 'uihtqbxulpkrtvezvyacrq', 'stack': 995, 'state': 'participating'}]",1000,Player1,20,1,river,0.03,0
10,xhwfokhifshwbnbbeonjkd,preflop,call,10,fxliqtmcnfsvojxmocjhzh,preflop,call,0,xhwfokhifshwbnbbeonjkd,flop,call,0,fxliqtmcnfsvojxmocjhzh,flop,call,990,xhwfokhifshwbnbbeonjkd,turn,raise,990,fxliqtmcnfsvojxmocjhzh,turn,call,,,,,,,,,,,,,"S5,H3,DK,CK",river,2000,0,1,,,"H2,DT","[{'name': 'Player1', 'uuid': 'fxliqtmcnfsvojxmocjhzh', 'stack': 990, 'state': 'participating'}, {'name': 'Player2', 'uuid': 'xhwfokhifshwbnbbeonjkd', 'stack': 995, 'state': 'participating'}]",1000,Player1,1010,1,turn,0.24,0
10,qxtztzpwvcespgrxpnmjio,preflop,call,10,fnjiyxfahysjivutjdaukz,preflop,call,990,qxtztzpwvcespgrxpnmjio,flop,raise,990,fnjiyxfahysjivutjdaukz,flop,call,,,,,,,,,,,,,,,,,,,,,"HJ,C4,D2",river,2000,0,1,,,"H3,DT","[{'name': 'Player1', 'uuid': 'fnjiyxfahysjivutjdaukz', 'stack': 990, 'state': 'participating'}, {'name': 'Player2', 'uuid': 'qxtztzpwvcespgrxpnmjio', 'stack': 995, 'state': 'participating'}]",1000,Player1,1010,1,flop,0.3,0
10,rbswbrlythrovucmrxyutu,preflop,call,10,wzgtusyqormkettkeenfmc,preflop,call,0,rbswbrlythrovucmrxyutu,flop,call,0,wzgtusyqormkettkeenfmc,flop,call,0,rbswbrlythrovucmrxyutu,turn,call,0,wzgtusyqormkettkeenfmc,turn,call,0,rbswbrlythrovucmrxyutu,river,call,990,wzgtusyqormkettkeenfmc,river,raise,990,rbswbrlythrovucmrxyutu,river,call,"SK,CQ,ST,D2,H4",river,2000,2000,1,,,"C4,DT","[{'name': 'Player1', 'uuid': 'wzgtusyqormkettkeenfmc', 'stack': 990, 'state': 'participating'}, {'name': 'Player2', 'uuid': 'rbswbrlythrovucmrxyutu', 'stack': 995, 'state': 'participating'}]",1000,Player1,20,1,river,0.87,1
10,xxmzjadaaxsbmcbvcdcved,preflop,call,10,iieagttxwcwspsvuszosxn,preflop,call,0,xxmzjadaaxsbmcbvcdcved,flop,call,0,iieagttxwcwspsvuszosxn,flop,call,0,xxmzjadaaxsbmcbvcdcved,turn,call,0,iieagttxwcwspsvuszosxn,turn,call,990,xxmzjadaaxsbmcbvcdcved,river,raise,990,iieagttxwcwspsvuszosxn,river,call,,,,,"S3,S5,C9,DK,H9",river,2000,0,1,,,"D2,DA","[{'name': 'Player1', 'uuid': 'iieagttxwcwspsvuszosxn', 'stack': 990, 'state': 'participating'}, {'name': 'Player2', 'uuid': 'xxmzjadaaxsbmcbvcdcved', 'stack': 995, 'state': 'participating'}]",1000,Player1,1010,1,river,0.38,0
10,akbeigjlmghzwfpzdxstyg,preflop,call,10,jnnrdottcbxklqtmzhdsdl,preflop,call,0,akbeigjlmghzwfpzdxstyg,flop,call,990,jnnrdottcbxklqtmzhdsdl,flop,raise,990,akbeigjlmghzwfpzdxstyg,flop,call,,,,,,,,,,,,,,,,,"CK,S7,HA",river,2000,2000,1,,,"DT,DA","[{'name': 'Player1', 'uuid': 'jnnrdottcbxklqtmzhdsdl', 'stack': 990, 'state': 'participating'}, {'name': 'Player2', 'uuid': 'akbeigjlmghzwfpzdxstyg', 'stack': 995, 'state': 'participating'}]",1000,Player1,20,1,flop,0.93,1
10,iqaenspmqhvyjmmwdhsjes,preflop,call,10,djdfpfzenwnizoenchgjfh,preflop,call,0,iqaenspmqhvyjmmwdhsjes,flop,call,0,djdfpfzenwnizoenchgjfh,flop,call,0,iqaenspmqhvyjmmwdhsjes,turn,call,0,djdfpfzenwnizoenchgjfh,turn,call,0,iqaenspmqhvyjmmwdhsjes,river,call,0,djdfpfzenwnizoenchgjfh,river,call,,,,,"DA,S5,DJ,HJ,D3",river,20,1010,1,,,"C9,C5","[{'name': 'Player1', 'uuid': 'djdfpfzenwnizoenchgjfh', 'stack': 990, 'state': 'participating'}, {'name': 'Player2', 'uuid': 'iqaenspmqhvyjmmwdhsjes', 'stack': 995, 'state': 'participating'}]",1000,Player1,20,1,river,0.66,1
10,chlozplvhwaegmhnycbzlv,preflop,call,10,tfprochzadhryebyqpuaxp,preflop,call,990,chlozplvhwaegmhnycbzlv,flop,raise,990,tfprochzadhryebyqpuaxp,flop,call,,,,,,,,,,,,,,,,,,,,,"DA,H5,ST",river,2000,0,1,,,"DJ,HQ","[{'name': 'Player1', 'uuid': 'tfprochzadhryebyqpuaxp', 'stack': 990, 'state': 'participating'}, {'name': 'Player2', 'uuid': 'chlozplvhwaegmhnycbzlv', 'stack': 995, 'state': 'participating'}]",1000,Player1,1010,1,flop,0.54,0
1000,tyyeoadermpuvkcokxeaxi,preflop,raise,1000,kdugjfndkcjzjwqfuxunse,preflop,call,,,,,,,,,,,,,,,,,,,,,,,,,,,,,,river,2000,0,1,,,"C2,SQ","[{'name': 'Player1', 'uuid': 'kdugjfndkcjzjwqfuxunse', 'stack': 990, 'state': 'participating'}, {'name': 'Player2', 'uuid': 'tyyeoadermpuvkcokxeaxi', 'stack': 995, 'state': 'participating'}]",1000,Player1,1010,1,preflop,0.48,0
10,ikvdmpaafsbrnbwmpjmfvo,preflop,call,10,ueimtkkvinypejitqnldep,preflop,call,990,ikvdmpaafsbrnbwmpjmfvo,flop,raise,-1,ueimtkkvinypejitqnldep,flop,raise,,,,,,,,,,,,,,,,,,,,,"CJ,SQ,D2",flop,1010,990,1,,,"HQ,CK","[{'name': 'Player1', 'uuid': 'ueimtkkvinypejitqnldep', 'stack': 990, 'state': 'participating'}, {'name': 'Player2', 'uuid': 'ikvdmpaafsbrnbwmpjmfvo', 'stack': 995, 'state': 'participating'}]",1000,Player1,1010,1,flop,0.82,0
10,cntftdlaktuvngntuawmfh,preflop,call,10,ulbmlynqocppmdcaywozuy,preflop,call,0,cntftdlaktuvngntuawmfh,flop,call,0,ulbmlynqocppmdcaywozuy,flop,call,0,cntftdlaktuvngntuawmfh,turn,call,0,ulbmlynqocppmdcaywozuy,turn,call,0,cntftdlaktuvngntuawmfh,river,call,0,ulbmlynqocppmdcaywozuy,river,call,,,,,"D8,DJ,D3,H6,HA",river,20,1000,1,,,"C3,D5","[{'name': 'Player1', 'uuid': 'ulbmlynqocppmdcaywozuy', 'stack': 990, 'state': 'participating'}, {'name': 'Player2', 'uuid': 'cntftdlaktuvngntuawmfh', 'stack': 995, 'state': 'participating'}]",1000,Player1,20,1,river,0.47,1
10,jyberttwanzucbnbjcevww,preflop,call,10,ndxscnnhlejoqhnnnngwbk,preflop,call,0,jyberttwanzucbnbjcevww,flop,call,990,ndxscnnhlejoqhnnnngwbk,flop,raise,990,jyberttwanzucbnbjcevww,flop,call,,,,,,,,,,,,,,,,,"SQ,HT,D9",river,2000,2000,1,,,"H9,HJ","[{'name': 'Player1', 'uuid': 'ndxscnnhlejoqhnnnngwbk', 'stack': 990, 'state': 'participating'}, {'name': 'Player2', 'uuid': 'jyberttwanzucbnbjcevww', 'stack': 995, 'state': 'participating'}]",1000,Player1,20,1,flop,0.75,1
10,wpoetfvfnztkvhxkvfosje,preflop,call,1000,ripmqbrcwusdaemvgnurae,preflop,raise,1000,wpoetfvfnztkvhxkvfosje,preflop,call,,,,,,,,,,,,,,,,,,,,,,,,,,river,2000,2000,1,,,"HQ,CQ","[{'name': 'Player1', 'uuid': 'ripmqbrcwusdaemvgnurae', 'stack': 990, 'state': 'participating'}, {'name': 'Player2', 'uuid': 'wpoetfvfnztkvhxkvfosje', 'stack': 995, 'state': 'participating'}]",1000,Player1,20,1,preflop,0.83,1
10,jwbmskcqynsbvndrvvobjr,preflop,call,10,jcgnzdsdvcryphllrxhjet,preflop,call,990,jwbmskcqynsbvndrvvobjr,flop,raise,-1,jcgnzdsdvcryphllrxhjet,flop,raise,,,,,,,,,,,,,,,,,,,,,"S4,DJ,HT",flop,1010,990,1,,,"DA,CJ","[{'name': 'Player1', 'uuid': 'jcgnzdsdvcryphllrxhjet', 'stack': 990, 'state': 'participating'}, {'name': 'Player2', 'uuid': 'jwbmskcqynsbvndrvvobjr', 'stack': 995, 'state': 'participating'}]",1000,Player1,1010,1,flop,0.82,0
10,atkhcyazrwbrwrhgntwfjm,preflop,call,10,ugyouikumynpqapjahnhwj,preflop,call,0,atkhcyazrwbrwrhgntwfjm,flop,call,0,ugyouikumynpqapjahnhwj,flop,call,0,atkhcyazrwbrwrhgntwfjm,turn,call,0,ugyouikumynpqapjahnhwj,turn,call,0,atkhcyazrwbrwrhgntwfjm,river,call,0,ugyouikumynpqapjahnhwj,river,call,,,,,"S3,DA,SQ,HA,S4",river,20,1000,1,,,"D6,D7","[{'name': 'Player1', 'uuid': 'ugyouikumynpqapjahnhwj', 'stack': 990, 'state': 'participating'}, {'name': 'Player2', 'uuid': 'atkhcyazrwbrwrhgntwfjm', 'stack': 995, 'state': 'participating'}]",1000,Player1,20,1,river,0.07,1
10,gqerklmuhdhxnkvfswekgp,preflop,call,10,zvmhuvfbelawhstmuqpumu,preflop,call,0,gqerklmuhdhxnkvfswekgp,flop,call,0,zvmhuvfbelawhstmuqpumu,flop,call,0,gqerklmuhdhxnkvfswekgp,turn,call,0,zvmhuvfbelawhstmuqpumu,turn,call,0,gqerklmuhdhxnkvfswekgp,river,call,990,zvmhuvfbelawhstmuqpumu,river,raise,990,gqerklmuhdhxnkvfswekgp,river,call,"SQ,HT,C6,C4,D9",river,2000,2000,1,,,"S8,HJ","[{'name': 'Player1', 'uuid': 'zvmhuvfbelawhstmuqpumu', 'stack': 990, 'state': 'participating'}, {'name': 'Player2', 'uuid': 'gqerklmuhdhxnkvfswekgp', 'stack': 995, 'state': 'participating'}]",1000,Player1,20,1,river,0.98,1
10,xbrjxentftemywdpqcsvks,preflop,call,10,htqozurhfyepgnyehavtgm,preflop,call,0,xbrjxentftemywdpqcsvks,flop,call,0,htqozurhfyepgnyehavtgm,flop,call,0,xbrjxentftemywdpqcsvks,turn,call,0,htqozurhfyepgnyehavtgm,turn,call,0,xbrjxentftemywdpqcsvks,river,call,0,htqozurhfyepgnyehavtgm,river,call,,,,,"H7,D8,ST,H4,S9",river,20,990,1,,,"CK,H5","[{'name': 'Player1', 'uuid': 'htqozurhfyepgnyehavtgm', 'stack': 990, 'state': 'participating'}, {'name': 'Player2', 'uuid': 'xbrjxentftemywdpqcsvks', 'stack': 995, 'state': 'participating'}]",1000,Player1,20,1,river,0.12,0
10,qqkisdpwrxlwzerinazxfk,preflop,call,10,iweiesqlvtyxukghdahbkq,preflop,call,0,qqkisdpwrxlwzerinazxfk,flop,call,0,iweiesqlvtyxukghdahbkq,flop,call,0,qqkisdpwrxlwzerinazxfk,turn,call,0,iweiesqlvtyxukghdahbkq,turn,call,0,qqkisdpwrxlwzerinazxfk,river,call,990,iweiesqlvtyxukghdahbkq,river,raise,990,qqkisdpwrxlwzerinazxfk,river,call,"DT,H9,H3,S4,C3",river,2000,2000,1,,,"D2,S3","[{'name': 'Player1', 'uuid': 'iweiesqlvtyxukghdahbkq', 'stack': 990, 'state': 'participating'}, {'name': 'Player2', 'uuid': 'qqkisdpwrxlwzerinazxfk', 'stack': 995, 'state': 'participating'}]",1000,Player1,20,1,river,0.94,1
10,dlkzlszlczcdqiegootknh,preflop,call,10,vnqcnrojbapemnsqrjaydf,preflop,call,0,dlkzlszlczcdqiegootknh,flop,call,0,vnqcnrojbapemnsqrjaydf,flop,call,990,dlkzlszlczcdqiegootknh,turn,raise,990,vnqcnrojbapemnsqrjaydf,turn,call,,,,,,,,,,,,,"C5,CK,C9,CT",river,2000,0,1,,,"D5,S3","[{'name': 'Player1', 'uuid': 'vnqcnrojbapemnsqrjaydf', 'stack': 990, 'state': 'participating'}, {'name': 'Player2', 'uuid': 'dlkzlszlczcdqiegootknh', 'stack': 995, 'state': 'participating'}]",1000,Player1,1010,1,turn,0.3,0
10,nvaltrrkniaxironobgwcu,preflop,call,10,ydmlqhqxkywauunoozvwen,preflop,call,0,nvaltrrkniaxironobgwcu,flop,call,0,ydmlqhqxkywauunoozvwen,flop,call,0,nvaltrrkniaxironobgwcu,turn,call,0,ydmlqhqxkywauunoozvwen,turn,call,0,nvaltrrkniaxironobgwcu,river,call,990,ydmlqhqxkywauunoozvwen,river,raise,990,nvaltrrkniaxironobgwcu,river,call,"S8,S5,C2,S4,D3",river,2000,2000,1,,,"DQ,S6","[{'name': 'Player1', 'uuid': 'ydmlqhqxkywauunoozvwen', 'stack': 990, 'state': 'participating'}, {'name': 'Player2', 'uuid': 'nvaltrrkniaxironobgwcu', 'stack': 995, 'state': 'participating'}]",1000,Player1,20,1,river,0.94,1
10,sdiprxjojsofkabubimbmb,preflop,call,10,wgtllknviyepcohtsiibjg,preflop,call,0,sdiprxjojsofkabubimbmb,flop,call,0,wgtllknviyepcohtsiibjg,flop,call,0,sdiprxjojsofkabubimbmb,turn,call,0,wgtllknviyepcohtsiibjg,turn,call,0,sdiprxjojsofkabubimbmb,river,call,0,wgtllknviyepcohtsiibjg,river,call,,,,,"C7,HA,D7,S7,SK",river,20,1010,1,,,"SJ,H2","[{'name': 'Player1', 'uuid': 'wgtllknviyepcohtsiibjg', 'stack': 990, 'state': 'participating'}, {'name': 'Player2', 'uuid': 'sdiprxjojsofkabubimbmb', 'stack': 995, 'state': 'participating'}]",1000,Player1,20,1,river,0.56,1
10,cxwytoaqeolmfhltxirecv,preflop,call,10,kyjwpbmyltnlpcvszzhacq,preflop,call,0,cxwytoaqeolmfhltxirecv,flop,call,0,kyjwpbmyltnlpcvszzhacq,flop,call,0,cxwytoaqeolmfhltxirecv,turn,call,0,kyjwpbmyltnlpcvszzhacq,turn,call,0,cxwytoaqeolmfhltxirecv,river,call,0,kyjwpbmyltnlpcvszzhacq,river,call,,,,,"HT,CK,ST,D4,HA",river,20,990,1,,,"DJ,D8","[{'name': 'Player1', 'uuid': 'kyjwpbmyltnlpcvszzhacq', 'stack': 990, 'state': 'participating'}, {'name': 'Player2', 'uuid': 'cxwytoaqeolmfhltxirecv', 'stack': 995, 'state': 'participating'}]",1000,Player1,20,1,river,0.42,0
10,xhrsokfduvkqddkkhbhtkz,preflop,call,1000,eefjnjuqyvnyjupwphdjvh,preflop,raise,1000,xhrsokfduvkqddkkhbhtkz,preflop,call,,,,,,,,,,,,,,,,,,,,,,,,,,river,2000,2000,1,,,"DA,CK","[{'name': 'Player1', 'uuid': 'eefjnjuqyvnyjupwphdjvh', 'stack': 990, 'state': 'participating'}, {'name': 'Player2', 'uuid': 'xhrsokfduvkqddkkhbhtkz', 'stack': 995, 'state': 'participating'}]",1000,Player1,20,1,preflop,0.73,1
10,qnxsjhtmambqridlvxnczh,preflop,call,10,dlyuxjscqudosywlzyoefi,preflop,call,990,qnxsjhtmambqridlvxnczh,flop,raise,990,dlyuxjscqudosywlzyoefi,flop,call,,,,,,,,,,,,,,,,,,,,,"S2,SQ,S9",river,2000,0,1,,,"CK,C9","[{'name': 'Player1', 'uuid': 'dlyuxjscqudosywlzyoefi', 'stack': 990, 'state': 'participating'}, {'name': 'Player2', 'uuid': 'qnxsjhtmambqridlvxnczh', 'stack': 995, 'state': 'participating'}]",1000,Player1,1010,1,flop,0.62,0
10,plgsmpmngxselalpaejpty,preflop,call,10,phgufrrvvhmbyiwlufklrp,preflop,call,990,plgsmpmngxselalpaejpty,flop,raise,990,phgufrrvvhmbyiwlufklrp,flop,call,,,,,,,,,,,,,,,,,,,,,"S9,S4,H3",river,2000,0,1,,,"HJ,CT","[{'name': 'Player1', 'uuid': 'phgufrrvvhmbyiwlufklrp', 'stack': 990, 'state': 'participating'}, {'name': 'Player2', 'uuid': 'plgsmpmngxselalpaejpty', 'stack': 995, 'state': 'participating'}]",1000,Player1,1010,1,flop,0.34,0
10,jwvbybsxekzfzqlnjyaeha,preflop,call,10,gcbyqeyubjtvdqjgavysrv,preflop,call,0,jwvbybsxekzfzqlnjyaeha,flop,call,0,gcbyqeyubjtvdqjgavysrv,flop,call,990,jwvbybsxekzfzqlnjyaeha,turn,raise,990,gcbyqeyubjtvdqjgavysrv,turn,call,,,,,,,,,,,,,"D9,D8,HK,H3",river,2000,2000,1,,,"HJ,ST","[{'name': 'Player1', 'uuid': 'gcbyqeyubjtvdqjgavysrv', 'stack': 990, 'state': 'participating'}, {'name': 'Player2', 'uuid': 'jwvbybsxekzfzqlnjyaeha', 'stack': 995, 'state': 'participating'}]",1000,Player1,1010,1,turn,0.36,1
10,hmgbwhqqttpxxypqkvvvya,preflop,call,10,uslowdounjotstmtpuigxg,preflop,call,0,hmgbwhqqttpxxypqkvvvya,flop,call,0,uslowdounjotstmtpuigxg,flop,call,0,hmgbwhqqttpxxypqkvvvya,turn,call,0,uslowdounjotstmtpuigxg,turn,call,0,hmgbwhqqttpxxypqkvvvya,river,call,990,uslowdounjotstmtpuigxg,river,raise,990,hmgbwhqqttpxxypqkvvvya,river,call,"S7,HJ,HT,D4,SK",river,2000,2000,1,,,"C7,CK","[{'name': 'Player1', 'uuid': 'uslowdounjotstmtpuigxg', 'stack': 990, 'state': 'participating'}, {'name': 'Player2', 'uuid': 'hmgbwhqqttpxxypqkvvvya', 'stack': 995, 'state': 'participating'}]",1000,Player1,20,1,river,0.93,1
10,csebonaoiqimzemoyqxaua,preflop,call,10,iegnzbhekflzjmggnzlrnz,preflop,call,0,csebonaoiqimzemoyqxaua,flop,call,0,iegnzbhekflzjmggnzlrnz,flop,call,0,csebonaoiqimzemoyqxaua,turn,call,0,iegnzbhekflzjmggnzlrnz,turn,call,990,csebonaoiqimzemoyqxaua,river,raise,990,iegnzbhekflzjmggnzlrnz,river,call,,,,,"H4,DJ,DA,D4,D7",river,2000,0,1,,,"C2,H3","[{'name': 'Player1', 'uuid': 'iegnzbhekflzjmggnzlrnz', 'stack': 990, 'state': 'participating'}, {'name': 'Player2', 'uuid': 'csebonaoiqimzemoyqxaua', 'stack': 995, 'state': 'participating'}]",1000,Player1,1010,1,river,0.0,0
10,lkxkjpddfcsmtqrgpcokeh,preflop,call,10,yioppfowfhlvxhjtpssocd,preflop,call,0,lkxkjpddfcsmtqrgpcokeh,flop,call,0,yioppfowfhlvxhjtpssocd,flop,call,990,lkxkjpddfcsmtqrgpcokeh,turn,raise,-1,yioppfowfhlvxhjtpssocd,turn,raise,,,,,,,,,,,,,"DQ,CQ,H7,H9",turn,1010,990,1,,,"S9,S2","[{'name': 'Player1', 'uuid': 'yioppfowfhlvxhjtpssocd', 'stack': 990, 'state': 'participating'}, {'name': 'Player2', 'uuid': 'lkxkjpddfcsmtqrgpcokeh', 'stack': 995, 'state': 'participating'}]",1000,Player1,1010,1,turn,0.75,0
10,zccbmthmqquanhtccniemz,preflop,call,10,kgqtcntzmvwftxwfshgwmr,preflop,call,0,zccbmthmqquanhtccniemz,flop,call,0,kgqtcntzmvwftxwfshgwmr,flop,call,0,zccbmthmqquanhtccniemz,turn,call,0,kgqtcntzmvwftxwfshgwmr,turn,call,0,zccbmthmqquanhtccniemz,river,call,0,kgqtcntzmvwftxwfshgwmr,river,call,,,,,"HA,C7,DT,C2,D3",river,20,1010,1,,,"S2,HJ","[{'name': 'Player1', 'uuid': 'kgqtcntzmvwftxwfshgwmr', 'stack': 990, 'state': 'participating'}, {'name': 'Player2', 'uuid': 'zccbmthmqquanhtccniemz', 'stack': 995, 'state': 'participating'}]",1000,Player1,20,1,river,0.51,1
10,boovnfovqpniptapkxiwat,preflop,call,10,hlzbrpukmgwytizyzdoxpb,preflop,call,0,boovnfovqpniptapkxiwat,flop,call,0,hlzbrpukmgwytizyzdoxpb,flop,call,0,boovnfovqpniptapkxiwat,turn,call,0,hlzbrpukmgwytizyzdoxpb,turn,call,0,boovnfovqpniptapkxiwat,river,call,0,hlzbrpukmgwytizyzdoxpb,river,call,,,,,"S4,DT,C7,S7,HQ",river,20,1010,1,,,"SA,D9","[{'name': 'Player1', 'uuid': 'hlzbrpukmgwytizyzdoxpb', 'stack': 990, 'state': 'participating'}, {'name': 'Player2', 'uuid': 'boovnfovqpniptapkxiwat', 'stack': 995, 'state': 'participating'}]",1000,Player1,20,1,river,0.47,1
10,grrdgsklstphmrwycokwdm,preflop,call,10,mjttxcvriwmuuoiijoewjk,preflop,call,0,grrdgsklstphmrwycokwdm,flop,call,0,mjttxcvriwmuuoiijoewjk,flop,call,990,grrdgsklstphmrwycokwdm,turn,raise,990,mjttxcvriwmuuoiijoewjk,turn,call,,,,,,,,,,,,,"H8,D6,S7,HA",river,2000,0,1,,,"C6,S4","[{'name': 'Player1', 'uuid': 'mjttxcvriwmuuoiijoewjk', 'stack': 990, 'state': 'participating'}, {'name': 'Player2', 'uuid': 'grrdgsklstphmrwycokwdm', 'stack': 995, 'state': 'participating'}]",1000,Player1,1010,1,turn,0.47,0
10,bancpptitkbzchxvixtpct,preflop,call,10,skiliwlpcfqoiysbmwrfvx,preflop,call,0,bancpptitkbzchxvixtpct,flop,call,0,skiliwlpcfqoiysbmwrfvx,flop,call,990,bancpptitkbzchxvixtpct,turn,raise,990,skiliwlpcfqoiysbmwrfvx,turn,call,,,,,,,,,,,,,"HK,S9,D3,S3",river,2000,0,1,,,"C6,DA","[{'name': 'Player1', 'uuid': 'skiliwlpcfqoiysbmwrfvx', 'stack': 990, 'state': 'participating'}, {'name': 'Player2', 'uuid': 'bancpptitkbzchxvixtpct', 'stack': 995, 'state': 'participating'}]",1000,Player1,1010,1,turn,0.49,0
10,urwyjzkgrtyqqedbfdzrye,preflop,call,10,wtivzocecgfkhatphnbzhg,preflop,call,0,urwyjzkgrtyqqedbfdzrye,flop,call,0,wtivzocecgfkhatphnbzhg,flop,call,0,urwyjzkgrtyqqedbfdzrye,turn,call,990,wtivzocecgfkhatphnbzhg,turn,raise,990,urwyjzkgrtyqqedbfdzrye,turn,call,,,,,,,,,"DQ,D6,D3,C6",river,2000,2000,1,,,"HA,S6","[{'name': 'Player1', 'uuid': 'wtivzocecgfkhatphnbzhg', 'stack': 990, 'state': 'participating'}, {'name': 'Player2', 'uuid': 'urwyjzkgrtyqqedbfdzrye', 'stack': 995, 'state': 'participating'}]",1000,Player1,20,1,turn,0.85,1
10,qieoaswngzwydvbzxqowau,preflop,call,10,lbsfeesexhvebgeuhtxunm,preflop,call,0,qieoaswngzwydvbzxqowau,flop,call,0,lbsfeesexhvebgeuhtxunm,flop,call,0,qieoaswngzwydvbzxqowau,turn,call,0,lbsfeesexhvebgeuhtxunm,turn,call,990,qieoaswngzwydvbzxqowau,river,raise,990,lbsfeesexhvebgeuhtxunm,river,call,,,,,"H5,H3,H4,ST,S8",river,2000,0,1,,,"C6,CQ","[{'name': 'Player1', 'uuid': 'lbsfeesexhvebgeuhtxunm', 'stack': 990, 'state': 'participating'}, {'name': 'Player2', 'uuid': 'qieoaswngzwydvbzxqowau', 'stack': 995, 'state': 'participating'}]",1000,Player1,1010,1,river,0.12,0
10,lmexwfdqiujgwejuytndqc,preflop,call,10,mjaxurukmtjfbelyypsjbz,preflop,call,0,lmexwfdqiujgwejuytndqc,flop,call,0,mjaxurukmtjfbelyypsjbz,flop,call,0,lmexwfdqiujgwejuytndqc,turn,call,0,mjaxurukmtjfbelyypsjbz,turn,call,990,lmexwfdqiujgwejuytndqc,river,raise,990,mjaxurukmtjfbelyypsjbz,river,call,,,,,"SA,D3,H3,CQ,D8",river,2000,0,1,,,"HK,D6","[{'name': 'Player1', 'uuid': 'mjaxurukmtjfbelyypsjbz', 'stack': 990, 'state': 'participating'}, {'name': 'Player2', 'uuid': 'lmexwfdqiujgwejuytndqc', 'stack': 995, 'state': 'participating'}]",1000,Player1,1010,1,river,0.38,0
10,xizlrwahwjncrriywnvqfb,preflop,call,10,rujqhxdmyziovjnzebbgkg,preflop,call,0,xizlrwahwjncrriywnvqfb,flop,call,0,rujqhxdmyziovjnzebbgkg,flop,call,0,xizlrwahwjncrriywnvqfb,turn,call,0,rujqhxdmyziovjnzebbgkg,turn,call,0,xizlrwahwjncrriywnvqfb,river,call,0,rujqhxdmyziovjnzebbgkg,river,call,,,,,"DT,S7,SQ,D9,D7",river,20,990,1,,,"H9,H2","[{'name': 'Player1', 'uuid': 'rujqhxdmyziovjnzebbgkg', 'stack': 990, 'state': 'participating'}, {'name': 'Player2', 'uuid': 'xizlrwahwjncrriywnvqfb', 'stack': 995, 'state': 'participating'}]",1000,Player1,20,1,river,0.44,0
10,rjvyqjunifthhzjsaphtqr,preflop,call,10,jndmaauxnloqxzmhrxlqsu,preflop,call,0,rjvyqjunifthhzjsaphtqr,flop,call,0,jndmaauxnloqxzmhrxlqsu,flop,call,0,rjvyqjunifthhzjsaphtqr,turn,call,0,jndmaauxnloqxzmhrxlqsu,turn,call,0,rjvyqjunifthhzjsaphtqr,river,call,0,jndmaauxnloqxzmhrxlqsu,river,call,,,,,"H8,SK,SQ,D6,S6",river,20,1010,1,,,"S4,CA","[{'name': 'Player1', 'uuid': 'jndmaauxnloqxzmhrxlqsu', 'stack': 990, 'state': 'participating'}, {'name': 'Player2', 'uuid': 'rjvyqjunifthhzjsaphtqr', 'stack': 995, 'state': 'participating'}]",1000,Player1,20,1,river,0.44,1
10,jxjekekakgtprjpthkpsdb,preflop,call,10,ltoxaievavmgatoisuzhfb,preflop,call,0,jxjekekakgtprjpthkpsdb,flop,call,0,ltoxaievavmgatoisuzhfb,flop,call,0,jxjekekakgtprjpthkpsdb,turn,call,0,ltoxaievavmgatoisuzhfb,turn,call,0,jxjekekakgtprjpthkpsdb,river,call,0,ltoxaievavmgatoisuzhfb,river,call,,,,,"H9,CA,CQ,SK,C9",river,20,990,1,,,"H7,HT","[{'name': 'Player1', 'uuid': 'ltoxaievavmgatoisuzhfb', 'stack': 990, 'state': 'participating'}, {'name': 'Player2', 'uuid': 'jxjekekakgtprjpthkpsdb', 'stack': 995, 'state': 'participating'}]",1000,Player1,20,1,river,0.33,0
10,oszyehhqraokxbifxzrnxw,preflop,call,10,excjlezgjtzegitiekupic,preflop,call,990,oszyehhqraokxbifxzrnxw,flop,raise,990,excjlezgjtzegitiekupic,flop,call,,,,,,,,,,,,,,,,,,,,,"C7,CT,H8",river,2000,0,1,,,"SK,C2","[{'name': 'Player1', 'uuid': 'excjlezgjtzegitiekupic', 'stack': 990, 'state': 'participating'}, {'name': 'Player2', 'uuid': 'oszyehhqraokxbifxzrnxw', 'stack': 995, 'state': 'participating'}]",1000,Player1,1010,1,flop,0.31,0
10,gsnooiwclpgzepdvgonvoy,preflop,call,10,otwcjycisujvfcugmoxfbf,preflop,call,990,gsnooiwclpgzepdvgonvoy,flop,raise,990,otwcjycisujvfcugmoxfbf,flop,call,,,,,,,,,,,,,,,,,,,,,"DJ,HT,SK",river,2000,0,1,,,"H3,C9","[{'name': 'Player1', 'uuid': 'otwcjycisujvfcugmoxfbf', 'stack': 990, 'state': 'participating'}, {'name': 'Player2', 'uuid': 'gsnooiwclpgzepdvgonvoy', 'stack': 995, 'state': 'participating'}]",1000,Player1,1010,1,flop,0.37,0
10,srorxqjdvwzfdbthskpbfz,preflop,call,10,kbevvhxlyecbdemrunstcq,preflop,call,0,srorxqjdvwzfdbthskpbfz,flop,call,0,kbevvhxlyecbdemrunstcq,flop,call,0,srorxqjdvwzfdbthskpbfz,turn,call,0,kbevvhxlyecbdemrunstcq,turn,call,0,srorxqjdvwzfdbthskpbfz,river,call,0,kbevvhxlyecbdemrunstcq,river,call,,,,,"S5,CK,C8,S2,C5",river,20,1010,1,,,"C6,H2","[{'name': 'Player1', 'uuid': 'kbevvhxlyecbdemrunstcq', 'stack': 990, 'state': 'participating'}, {'name': 'Player2', 'uuid': 'srorxqjdvwzfdbthskpbfz', 'stack': 995, 'state': 'participating'}]",1000,Player1,20,1,river,0.54,1
10,wzbmcdvxpuvhulduivcbhf,preflop,call,10,xnkvgorhbhvmejzyeyrdnb,preflop,call,0,wzbmcdvxpuvhulduivcbhf,flop,call,0,xnkvgorhbhvmejzyeyrdnb,flop,call,0,wzbmcdvxpuvhulduivcbhf,turn,call,0,xnkvgorhbhvmejzyeyrdnb,turn,call,0,wzbmcdvxpuvhulduivcbhf,river,call,0,xnkvgorhbhvmejzyeyrdnb,river,call,,,,,"SJ,D5,H5,DQ,D4",river,20,1010,1,,,"C4,ST","[{'name': 'Player1', 'uuid': 'xnkvgorhbhvmejzyeyrdnb', 'stack': 990, 'state': 'participating'}, {'name': 'Player2', 'uuid': 'wzbmcdvxpuvhulduivcbhf', 'stack': 995, 'state': 'participating'}]",1000,Player1,20,1,river,0.58,1
10,oylxqffjszdveivxyqtutr,preflop,call,10,bcrkceeqibthzmvvromssh,preflop,call,0,oylxqffjszdveivxyqtutr,flop,call,0,bcrkceeqibthzmvvromssh,flop,call,0,oylxqffjszdveivxyqtutr,turn,call,0,bcrkceeqibthzmvvromssh,turn,call,0,oylxqffjszdveivxyqtutr,river,call,0,bcrkceeqibthzmvvromssh,river,call,,,,,"H5,D7,D6,CA,DJ",river,20,1010,1,,,"C7,SK","[{'name': 'Player1', 'uuid': 'bcrkceeqibthzmvvromssh', 'stack': 990, 'state': 'participating'}, {'name': 'Player2', 'uuid': 'oylxqffjszdveivxyqtutr', 'stack': 995, 'state': 'participating'}]",1000,Player1,20,1,river,0.61,1
10,knwlnqamwfctmnbpykwqzj,preflop,call,10,feiaksegmuelocwmpgtsdt,preflop,call,990,knwlnqamwfctmnbpykwqzj,flop,raise,990,feiaksegmuelocwmpgtsdt,flop,call,,,,,,,,,,,,,,,,,,,,,"CK,H5,S5",river,2000,0,1,,,"CA,D6","[{'name': 'Player1', 'uuid': 'feiaksegmuelocwmpgtsdt', 'stack': 990, 'state': 'participating'}, {'name': 'Player2', 'uuid': 'knwlnqamwfctmnbpykwqzj', 'stack': 995, 'state': 'participating'}]",1000,Player1,1010,1,flop,0.55,0
10,nrwlvdnwwdajjfoxzmxjjw,preflop,call,10,wuexipzqgjbokuyfctqaaa,preflop,call,0,nrwlvdnwwdajjfoxzmxjjw,flop,call,0,wuexipzqgjbokuyfctqaaa,flop,call,0,nrwlvdnwwdajjfoxzmxjjw,turn,call,0,wuexipzqgjbokuyfctqaaa,turn,call,0,nrwlvdnwwdajjfoxzmxjjw,river,call,0,wuexipzqgjbokuyfctqaaa,river,call,,,,,"C5,D7,C3,D6,S6",river,20,990,1,,,"DA,HK","[{'name': 'Player1', 'uuid': 'wuexipzqgjbokuyfctqaaa', 'stack': 990, 'state': 'participating'}, {'name': 'Player2', 'uuid': 'nrwlvdnwwdajjfoxzmxjjw', 'stack': 995, 'state': 'participating'}]",1000,Player1,20,1,river,0.43,0
10,gmhcuonngjfjvluqozcuix,preflop,call,10,xxfvumztkzqdvsybfzsuna,preflop,call,990,gmhcuonngjfjvluqozcuix,flop,raise,990,xxfvumztkzqdvsybfzsuna,flop,call,,,,,,,,,,,,,,,,,,,,,"S4,C7,CK",river,2000,0,1,,,"H8,H6","[{'name': 'Player1', 'uuid': 'xxfvumztkzqdvsybfzsuna', 'stack': 990, 'state': 'participating'}, {'name': 'Player2', 'uuid': 'gmhcuonngjfjvluqozcuix', 'stack': 995, 'state': 'participating'}]",1000,Player1,1010,1,flop,0.33,0
10,kbxioahozmlocwqdidkxzc,preflop,call,10,xnzqntwmcqwouqssyczlan,preflop,call,0,kbxioahozmlocwqdidkxzc,flop,call,0,xnzqntwmcqwouqssyczlan,flop,call,0,kbxioahozmlocwqdidkxzc,turn,call,0,xnzqntwmcqwouqssyczlan,turn,call,0,kbxioahozmlocwqdidkxzc,river,call,0,xnzqntwmcqwouqssyczlan,river,call,,,,,"DK,H6,SK,HA,D9",river,20,990,1,,,"HQ,H2","[{'name': 'Player1', 'uuid': 'xnzqntwmcqwouqssyczlan', 'stack': 990, 'state': 'participating'}, {'name': 'Player2', 'uuid': 'kbxioahozmlocwqdidkxzc', 'stack': 995, 'state': 'participating'}]",1000,Player1,20,1,river,0.46,0
10,foyalpgaivfxbzrvefxbxt,preflop,call,10,ryjmtgufydxksnkbmsecyv,preflop,call,0,foyalpgaivfxbzrvefxbxt,flop,call,990,ryjmtgufydxksnkbmsecyv,flop,raise,990,foyalpgaivfxbzrvefxbxt,flop,call,,,,,,,,,,,,,,,,,"D3,HA,S7",river,2000,2000,1,,,"CA,C8","[{'name': 'Player1', 'uuid': 'ryjmtgufydxksnkbmsecyv', 'stack': 990, 'state': 'participating'}, {'name': 'Player2', 'uuid': 'foyalpgaivfxbzrvefxbxt', 'stack': 995, 'state': 'participating'}]",1000,Player1,20,1,flop,0.85,1
10,wymhsydldtqavprlzvbslq,preflop,call,10,wmczerqidtdvatcbjjnwmc,preflop,call,0,wymhsydldtqavprlzvbslq,flop,call,990,wmczerqidtdvatcbjjnwmc,flop,raise,990,wymhsydldtqavprlzvbslq,flop,call,,,,,,,,,,,,,,,,,"HK,SQ,H5",river,2000,2000,1,,,"DK,C2","[{'name': 'Player1', 'uuid': 'wmczerqidtdvatcbjjnwmc', 'stack': 990, 'state': 'participating'}, {'name': 'Player2', 'uuid': 'wymhsydldtqavprlzvbslq', 'stack': 995, 'state': 'participating'}]",1000,Player1,20,1,flop,0.77,1
10,qrgdzknvybzbovapwnlwpp,preflop,call,10,qbkrosipernjwzujdpmebc,preflop,call,0,qrgdzknvybzbovapwnlwpp,flop,call,0,qbkrosipernjwzujdpmebc,flop,call,0,qrgdzknvybzbovapwnlwpp,turn,call,0,qbkrosipernjwzujdpmebc,turn,call,0,qrgdzknvybzbovapwnlwpp,river,call,990,qbkrosipernjwzujdpmebc,river,raise,990,qrgdzknvybzbovapwnlwpp,river,call,"D9,C2,C6,D8,CK",river,2000,2000,1,,,"DK,S4","[{'name': 'Player1', 'uuid': 'qbkrosipernjwzujdpmebc', 'stack': 990, 'state': 'participating'}, {'name': 'Player2', 'uuid': 'qrgdzknvybzbovapwnlwpp', 'stack': 995, 'state': 'participating'}]",1000,Player1,20,1,river,0.78,1
10,zgtmlpaojenmbeksnytjjl,preflop,call,10,sfyrwyhshwwbfrzvdzgirv,preflop,call,990,zgtmlpaojenmbeksnytjjl,flop,raise,990,sfyrwyhshwwbfrzvdzgirv,flop,call,,,,,,,,,,,,,,,,,,,,,"C4,CK,CA",river,2000,0,1,,,"ST,D5","[{'name': 'Player1', 'uuid': 'sfyrwyhshwwbfrzvdzgirv', 'stack': 990, 'state': 'participating'}, {'name': 'Player2', 'uuid': 'zgtmlpaojenmbeksnytjjl', 'stack': 995, 'state': 'participating'}]",1000,Player1,1010,1,flop,0.28,0
10,gnwlwmmhtwboqgqmkrsddj,preflop,call,10,cqugbxiqavvxhkadkxpibs,preflop,call,0,gnwlwmmhtwboqgqmkrsddj,flop,call,0,cqugbxiqavvxhkadkxpibs,flop,call,990,gnwlwmmhtwboqgqmkrsddj,turn,raise,990,cqugbxiqavvxhkadkxpibs,turn,call,,,,,,,,,,,,,"D6,SK,D5,S7",river,2000,0,1,,,"D3,H8","[{'name': 'Player1', 'uuid': 'cqugbxiqavvxhkadkxpibs', 'stack': 990, 'state': 'participating'}, {'name': 'Player2', 'uuid': 'gnwlwmmhtwboqgqmkrsddj', 'stack': 995, 'state': 'participating'}]",1000,Player1,1010,1,turn,0.21,0
10,lxobopigklqyyavibyhpqc,preflop,call,10,mnyawdrxcqqwulfocljnfs,preflop,call,0,lxobopigklqyyavibyhpqc,flop,call,0,mnyawdrxcqqwulfocljnfs,flop,call,0,lxobopigklqyyavibyhpqc,turn,call,0,mnyawdrxcqqwulfocljnfs,turn,call,0,lxobopigklqyyavibyhpqc,river,call,0,mnyawdrxcqqwulfocljnfs,river,call,,,,,"HJ,H4,HQ,C2,SQ",river,20,990,1,,,"S5,C3","[{'name': 'Player1', 'uuid': 'mnyawdrxcqqwulfocljnfs', 'stack': 990, 'state': 'participating'}, {'name': 'Player2', 'uuid': 'lxobopigklqyyavibyhpqc', 'stack': 995, 'state': 'participating'}]",1000,Player1,20,1,river,0.0,0
10,unsqjgsgwqgmwspmdwqbnu,preflop,call,10,zvzudosopsommbspubezir,preflop,call,0,unsqjgsgwqgmwspmdwqbnu,flop,call,0,zvzudosopsommbspubezir,flop,call,0,unsqjgsgwqgmwspmdwqbnu,turn,call,0,zvzudosopsommbspubezir,turn,call,0,unsqjgsgwqgmwspmdwqbnu,river,call,0,zvzudosopsommbspubezir,river,call,,,,,"SQ,H7,CK,C9,DQ",river,20,1010,1,,,"SA,C5","[{'name': 'Player1', 'uuid': 'zvzudosopsommbspubezir', 'stack': 990, 'state': 'participating'}, {'name': 'Player2', 'uuid': 'unsqjgsgwqgmwspmdwqbnu', 'stack': 995, 'state': 'participating'}]",1000,Player1,20,1,river,0.44,1
10,qdfmqiwdxvolxgopcpirji,preflop,call,10,yfuuqboubeplbbwpvorfsv,preflop,call,0,qdfmqiwdxvolxgopcpirji,flop,call,0,yfuuqboubeplbbwpvorfsv,flop,call,0,qdfmqiwdxvolxgopcpirji,turn,call,0,yfuuqboubeplbbwpvorfsv,turn,call,0,qdfmqiwdxvolxgopcpirji,river,call,0,yfuuqboubeplbbwpvorfsv,river,call,,,,,"SQ,S4,CT,H7,S3",river,20,1010,1,,,"CK,C5","[{'name': 'Player1', 'uuid': 'yfuuqboubeplbbwpvorfsv', 'stack': 990, 'state': 'participating'}, {'name': 'Player2', 'uuid': 'qdfmqiwdxvolxgopcpirji', 'stack': 995, 'state': 'participating'}]",1000,Player1,20,1,river,0.2,1
10,sznmblqcoxnacmqdndhdxy,preflop,call,10,tdazejyrznvpcjnuluwgtc,preflop,call,0,sznmblqcoxnacmqdndhdxy,flop,call,990,tdazejyrznvpcjnuluwgtc,flop,raise,990,sznmblqcoxnacmqdndhdxy,flop,call,,,,,,,,,,,,,,,,,"D8,SA,D7",river,2000,2000,1,,,"H8,CK","[{'name': 'Player1', 'uuid': 'tdazejyrznvpcjnuluwgtc', 'stack': 990, 'state': 'participating'}, {'name': 'Player2', 'uuid': 'sznmblqcoxnacmqdndhdxy', 'stack': 995, 'state': 'participating'}]",1000,Player1,20,1,flop,0.78,1
10,ivkoenpsoewxiyryeaqgfw,preflop,call,10,ecaeoknxbryklelfhtdcqg,preflop,call,0,ivkoenpsoewxiyryeaqgfw,flop,call,990,ecaeoknxbryklelfhtdcqg,flop,raise,990,ivkoenpsoewxiyryeaqgfw,flop,call,,,,,,,,,,,,,,,,,"S4,HK,SA",river,2000,0,1,,,"SK,D5","[{'name': 'Player1', 'uuid': 'ecaeoknxbryklelfhtdcqg', 'stack': 990, 'state': 'participating'}, {'name': 'Player2', 'uuid': 'ivkoenpsoewxiyryeaqgfw', 'stack': 995, 'state': 'participating'}]",1000,Player1,20,1,flop,0.72,0
10,bextmyajutvtpucyhjjgko,preflop,call,10,vnojwsidphskxyhonsimxg,preflop,call,0,bextmyajutvtpucyhjjgko,flop,call,0,vnojwsidphskxyhonsimxg,flop,call,0,bextmyajutvtpucyhjjgko,turn,call,0,vnojwsidphskxyhonsimxg,turn,call,990,bextmyajutvtpucyhjjgko,river,raise,990,vnojwsidphskxyhonsimxg,river,call,,,,,"D8,ST,C5,S7,H9",river,2000,0,1,,,"DA,S2","[{'name': 'Player1', 'uuid': 'vnojwsidphskxyhonsimxg', 'stack': 990, 'state': 'participating'}, {'name': 'Player2', 'uuid': 'bextmyajutvtpucyhjjgko', 'stack': 995, 'state': 'participating'}]",1000,Player1,1010,1,river,0.15,0
10,wotjmbcfzliqxxtipfnayp,preflop,call,10,nqjdeooanndewbqthskayh,preflop,call,0,wotjmbcfzliqxxtipfnayp,flop,call,0,nqjdeooanndewbqthskayh,flop,call,0,wotjmbcfzliqxxtipfnayp,turn,call,0,nqjdeooanndewbqthskayh,turn,call,0,wotjmbcfzliqxxtipfnayp,river,call,0,nqjdeooanndewbqthskayh,river,call,,,,,"C7,S8,SQ,D7,C8",river,20,990,1,,,"H2,D4","[{'name': 'Player1', 'uuid': 'nqjdeooanndewbqthskayh', 'stack': 990, 'state': 'participating'}, {'name': 'Player2', 'uuid': 'wotjmbcfzliqxxtipfnayp', 'stack': 995, 'state': 'participating'}]",1000,Player1,20,1,river,0.02,0
10,votfubbtfqqupqvhahjwpv,preflop,call,10,wclxopexmatsjocyjqjnwv,preflop,call,0,votfubbtfqqupqvhahjwpv,flop,call,0,wclxopexmatsjocyjqjnwv,flop,call,0,votfubbtfqqupqvhahjwpv,turn,call,0,wclxopexmatsjocyjqjnwv,turn,call,0,votfubbtfqqupqvhahjwpv,river,call,0,wclxopexmatsjocyjqjnwv,river,call,,,,,"HQ,C4,SK,H5,H6",river,20,990,1,,,"HA,D7","[{'name': 'Player1', 'uuid': 'wclxopexmatsjocyjqjnwv', 'stack': 990, 'state': 'participating'}, {'name': 'Player2', 'uuid': 'votfubbtfqqupqvhahjwpv', 'stack': 995, 'state': 'participating'}]",1000,Player1,20,1,river,0.32,0
10,ouqdugzwbbxmpzhzmqhecl,preflop,call,10,eexpeownzfaabdmocnglny,preflop,call,990,ouqdugzwbbxmpzhzmqhecl,flop,raise,-1,eexpeownzfaabdmocnglny,flop,raise,,,,,,,,,,,,,,,,,,,,,"C9,C7,DT",flop,1010,990,1,,,"D2,CT","[{'name': 'Player1', 'uuid': 'eexpeownzfaabdmocnglny', 'stack': 990, 'state': 'participating'}, {'name': 'Player2', 'uuid': 'ouqdugzwbbxmpzhzmqhecl', 'stack': 995, 'state': 'participating'}]",1000,Player1,1010,1,flop,0.73,0
10,igdugpsvbsrpbgiimjiwtk,preflop,call,10,pyqhpqqlzlrytcwrramtay,preflop,call,0,igdugpsvbsrpbgiimjiwtk,flop,call,0,pyqhpqqlzlrytcwrramtay,flop,call,0,igdugpsvbsrpbgiimjiwtk,turn,call,0,pyqhpqqlzlrytcwrramtay,turn,call,990,igdugpsvbsrpbgiimjiwtk,river,raise,990,pyqhpqqlzlrytcwrramtay,river,call,,,,,"H7,D6,SA,S4,SK",river,2000,0,1,,,"CQ,DT","[{'name': 'Player1', 'uuid': 'pyqhpqqlzlrytcwrramtay', 'stack': 990, 'state': 'participating'}, {'name': 'Player2', 'uuid': 'igdugpsvbsrpbgiimjiwtk', 'stack': 995, 'state': 'participating'}]",1000,Player1,1010,1,river,0.4,0
10,vsgjgfthzfbvzfmfwsveao,preflop,call,10,ohssqwakedbceslmhuqlfc,preflop,call,0,vsgjgfthzfbvzfmfwsveao,flop,call,0,ohssqwakedbceslmhuqlfc,flop,call,0,vsgjgfthzfbvzfmfwsveao,turn,call,0,ohssqwakedbceslmhuqlfc,turn,call,0,vsgjgfthzfbvzfmfwsveao,river,call,0,ohssqwakedbceslmhuqlfc,river,call,,,,,"H8,DT,D5,S5,D7",river,20,990,1,,,"SQ,C6","[{'name': 'Player1', 'uuid': 'ohssqwakedbceslmhuqlfc', 'stack': 990, 'state': 'participating'}, {'name': 'Player2', 'uuid': 'vsgjgfthzfbvzfmfwsveao', 'stack': 995, 'state': 'participating'}]",1000,Player1,20,1,river,0.24,0
10,bpdyjzqacmcqkimsmcfkbu,preflop,call,10,peqatxnlyltsddokgbhndk,preflop,call,0,bpdyjzqacmcqkimsmcfkbu,flop,call,0,peqatxnlyltsddokgbhndk,flop,call,0,bpdyjzqacmcqkimsmcfkbu,turn,call,0,peqatxnlyltsddokgbhndk,turn,call,0,bpdyjzqacmcqkimsmcfkbu,river,call,990,peqatxnlyltsddokgbhndk,river,raise,990,bpdyjzqacmcqkimsmcfkbu,river,call,"HJ,S6,CQ,DJ,HK",river,2000,2000,1,,,"S9,DT","[{'name': 'Player1', 'uuid': 'peqatxnlyltsddokgbhndk', 'stack': 990, 'state': 'participating'}, {'name': 'Player2', 'uuid': 'bpdyjzqacmcqkimsmcfkbu', 'stack': 995, 'state': 'participating'}]",1000,Player1,20,1,river,0.95,1
10,rukvcwpspodfezwrbpgvgy,preflop,call,10,cmocxwcxpfikxpwgdmcrrb,preflop,call,990,rukvcwpspodfezwrbpgvgy,flop,raise,990,cmocxwcxpfikxpwgdmcrrb,flop,call,,,,,,,,,,,,,,,,,,,,,"D7,S7,DQ",river,2000,0,1,,,"H4,CA","[{'name': 'Player1', 'uuid': 'cmocxwcxpfikxpwgdmcrrb', 'stack': 990, 'state': 'participating'}, {'name': 'Player2', 'uuid': 'rukvcwpspodfezwrbpgvgy', 'stack': 995, 'state': 'participating'}]",1000,Player1,1010,1,flop,0.5,0
10,sljmzqoalfwsgxblgrgfgw,preflop,call,10,aysuulozvkianbzfvttvzt,preflop,call,0,sljmzqoalfwsgxblgrgfgw,flop,call,0,aysuulozvkianbzfvttvzt,flop,call,0,sljmzqoalfwsgxblgrgfgw,turn,call,0,aysuulozvkianbzfvttvzt,turn,call,0,sljmzqoalfwsgxblgrgfgw,river,call,0,aysuulozvkianbzfvttvzt,river,call,,,,,"DT,DJ,H7,C6,S3",river,20,990,1,,,"D5,SQ","[{'name': 'Player1', 'uuid': 'aysuulozvkianbzfvttvzt', 'stack': 990, 'state': 'participating'}, {'name': 'Player2', 'uuid': 'sljmzqoalfwsgxblgrgfgw', 'stack': 995, 'state': 'participating'}]",1000,Player1,20,1,river,0.15,0
10,hxpednzzktrjxefjwgqkpa,preflop,call,10,tddtpvudnugxhzuyqfercn,preflop,call,0,hxpednzzktrjxefjwgqkpa,flop,call,0,tddtpvudnugxhzuyqfercn,flop,call,0,hxpednzzktrjxefjwgqkpa,turn,call,0,tddtpvudnugxhzuyqfercn,turn,call,0,hxpednzzktrjxefjwgqkpa,river,call,0,tddtpvudnugxhzuyqfercn,river,call,,,,,"H6,HK,ST,HA,S5",river,20,990,1,,,"DQ,S2","[{'name': 'Player1', 'uuid': 'tddtpvudnugxhzuyqfercn', 'stack': 990, 'state': 'participating'}, {'name': 'Player2', 'uuid': 'hxpednzzktrjxefjwgqkpa', 'stack': 995, 'state': 'participating'}]",1000,Player1,20,1,river,0.31,0
10,gvnqxikycdwdwhxczjlpbi,preflop,call,10,ilhsfjuerkqnpwlatlvgdd,preflop,call,0,gvnqxikycdwdwhxczjlpbi,flop,call,0,ilhsfjuerkqnpwlatlvgdd,flop,call,0,gvnqxikycdwdwhxczjlpbi,turn,call,0,ilhsfjuerkqnpwlatlvgdd,turn,call,0,gvnqxikycdwdwhxczjlpbi,river,call,0,ilhsfjuerkqnpwlatlvgdd,river,call,,,,,"C3,HT,C8,D7,DQ",river,20,1010,1,,,"S8,D2","[{'name': 'Player1', 'uuid': 'ilhsfjuerkqnpwlatlvgdd', 'stack': 990, 'state': 'participating'}, {'name': 'Player2', 'uuid': 'gvnqxikycdwdwhxczjlpbi', 'stack': 995, 'state': 'participating'}]",1000,Player1,20,1,river,0.57,1
10,zuoddzpytbmxpwhiqhowgt,preflop,call,10,kuvumiprimerqepplgramv,preflop,call,0,zuoddzpytbmxpwhiqhowgt,flop,call,990,kuvumiprimerqepplgramv,flop,raise,990,zuoddzpytbmxpwhiqhowgt,flop,call,,,,,,,,,,,,,,,,,"HA,SK,HT",river,2000,2000,1,,,"CT,DQ","[{'name': 'Player1', 'uuid': 'kuvumiprimerqepplgramv', 'stack': 990, 'state': 'participating'}, {'name': 'Player2', 'uuid': 'zuoddzpytbmxpwhiqhowgt', 'stack': 995, 'state': 'participating'}]",1000,Player1,20,1,flop,0.83,1
10,treeakugftwvtwgspqaanf,preflop,call,10,iukjiwmoecbatvocimknbw,preflop,call,0,treeakugftwvtwgspqaanf,flop,call,0,iukjiwmoecbatvocimknbw,flop,call,0,treeakugftwvtwgspqaanf,turn,call,0,iukjiwmoecbatvocimknbw,turn,call,990,treeakugftwvtwgspqaanf,river,raise,990,iukjiwmoecbatvocimknbw,river,call,,,,,"D5,D6,C8,H2,D8",river,2000,0,1,,,"SJ,H9","[{'name': 'Player1', 'uuid': 'iukjiwmoecbatvocimknbw', 'stack': 990, 'state': 'participating'}, {'name': 'Player2', 'uuid': 'treeakugftwvtwgspqaanf', 'stack': 995, 'state': 'participating'}]",1000,Player1,1010,1,river,0.14,0
10,jmdjocyonxznncxgbeikzr,preflop,call,10,uqnefbwlkqqcsttgtkelnx,preflop,call,0,jmdjocyonxznncxgbeikzr,flop,call,0,uqnefbwlkqqcsttgtkelnx,flop,call,0,jmdjocyonxznncxgbeikzr,turn,call,0,uqnefbwlkqqcsttgtkelnx,turn,call,0,jmdjocyonxznncxgbeikzr,river,call,0,uqnefbwlkqqcsttgtkelnx,river,call,,,,,"H5,C6,S9,SA,SJ",river,20,990,1,,,"C7,ST","[{'name': 'Player1', 'uuid': 'uqnefbwlkqqcsttgtkelnx', 'stack': 990, 'state': 'participating'}, {'name': 'Player2', 'uuid': 'jmdjocyonxznncxgbeikzr', 'stack': 995, 'state': 'participating'}]",1000,Player1,20,1,river,0.24,0
10,cihwotdfeqpozamjiztimj,preflop,call,10,fyaejwpnmkozhqafrnusgv,preflop,call,0,cihwotdfeqpozamjiztimj,flop,call,0,fyaejwpnmkozhqafrnusgv,flop,call,0,cihwotdfeqpozamjiztimj,turn,call,0,fyaejwpnmkozhqafrnusgv,turn,call,0,cihwotdfeqpozamjiztimj,river,call,0,fyaejwpnmkozhqafrnusgv,river,call,,,,,"S4,H3,SJ,C9,DT",river,20,990,1,,,"S2,SQ","[{'name': 'Player1', 'uuid': 'fyaejwpnmkozhqafrnusgv', 'stack': 990, 'state': 'participating'}, {'name': 'Player2', 'uuid': 'cihwotdfeqpozamjiztimj', 'stack': 995, 'state': 'participating'}]",1000,Player1,20,1,river,0.21,0
10,flbjspqtkjsibglndkzrkq,preflop,call,10,pvuzndiymushyqceopfeoy,preflop,call,0,flbjspqtkjsibglndkzrkq,flop,call,0,pvuzndiymushyqceopfeoy,flop,call,0,flbjspqtkjsibglndkzrkq,turn,call,0,pvuzndiymushyqceopfeoy,turn,call,0,flbjspqtkjsibglndkzrkq,river,call,0,pvuzndiymushyqceopfeoy,river,call,,,,,"CK,SQ,D9,CT,D4",river,20,990,1,,,"C3,H2","[{'name': 'Player1', 'uuid': 'pvuzndiymushyqceopfeoy', 'stack': 990, 'state': 'participating'}, {'name': 'Player2', 'uuid': 'flbjspqtkjsibglndkzrkq', 'stack': 995, 'state': 'participating'}]",1000,Player1,20,1,river,0.02,0
10,ecixdzprctdyearnppkjnx,preflop,call,10,axawshcxxvqaremnmnlrkz,preflop,call,990,ecixdzprctdyearnppkjnx,flop,raise,990,axawshcxxvqaremnmnlrkz,flop,call,,,,,,,,,,,,,,,,,,,,,"SK,C3,S5",river,2000,0,1,,,"C4,S3","[{'name': 'Player1', 'uuid': 'axawshcxxvqaremnmnlrkz', 'stack': 990, 'state': 'participating'}, {'name': 'Player2', 'uuid': 'ecixdzprctdyearnppkjnx', 'stack': 995, 'state': 'participating'}]",1000,Player1,1010,1,flop,0.52,0
10,fagqvjjznkxvsxlotxecbq,preflop,call,1000,racpravpblfieujpozdyup,preflop,raise,1000,fagqvjjznkxvsxlotxecbq,preflop,call,,,,,,,,,,,,,,,,,,,,,,,,,,river,2000,2000,1,,,"SK,DK","[{'name': 'Player1', 'uuid': 'racpravpblfieujpozdyup', 'stack': 990, 'state': 'participating'}, {'name': 'Player2', 'uuid': 'fagqvjjznkxvsxlotxecbq', 'stack': 995, 'state': 'participating'}]",1000,Player1,20,1,preflop,0.89,1
10,kbiwmarukjaikgctcuzhcw,preflop,call,10,wzpnutpixqwivfznpacjku,preflop,call,0,kbiwmarukjaikgctcuzhcw,flop,call,0,wzpnutpixqwivfznpacjku,flop,call,0,kbiwmarukjaikgctcuzhcw,turn,call,0,wzpnutpixqwivfznpacjku,turn,call,0,kbiwmarukjaikgctcuzhcw,river,call,0,wzpnutpixqwivfznpacjku,river,call,,,,,"C4,D3,DA,CT,HT",river,20,990,1,,,"C9,S2","[{'name': 'Player1', 'uuid': 'wzpnutpixqwivfznpacjku', 'stack': 990, 'state': 'participating'}, {'name': 'Player2', 'uuid': 'kbiwmarukjaikgctcuzhcw', 'stack': 995, 'state': 'participating'}]",1000,Player1,20,1,river,0.14,0
10,cxzqczrzqnrobfsczqjsik,preflop,call,10,fcwyjkzzloyikrfeofbycb,preflop,call,0,cxzqczrzqnrobfsczqjsik,flop,call,0,fcwyjkzzloyikrfeofbycb,flop,call,990,cxzqczrzqnrobfsczqjsik,turn,raise,990,fcwyjkzzloyikrfeofbycb,turn,call,,,,,,,,,,,,,"ST,D6,D2,C8",river,2000,0,1,,,"C5,S8","[{'name': 'Player1', 'uuid': 'fcwyjkzzloyikrfeofbycb', 'stack': 990, 'state': 'participating'}, {'name': 'Player2', 'uuid': 'cxzqczrzqnrobfsczqjsik', 'stack': 995, 'state': 'participating'}]",1000,Player1,1010,1,turn,0.64,0
10,cvxhbkzxmfynzflwhnxrbu,preflop,call,10,ffdkcpwdakhfmppxznyuhi,preflop,call,0,cvxhbkzxmfynzflwhnxrbu,flop,call,0,ffdkcpwdakhfmppxznyuhi,flop,call,0,cvxhbkzxmfynzflwhnxrbu,turn,call,0,ffdkcpwdakhfmppxznyuhi,turn,call,0,cvxhbkzxmfynzflwhnxrbu,river,call,0,ffdkcpwdakhfmppxznyuhi,river,call,,,,,"DK,CJ,C8,S7,D5",river,20,1010,1,,,"C6,SQ","[{'name': 'Player1', 'uuid': 'ffdkcpwdakhfmppxznyuhi', 'stack': 990, 'state': 'participating'}, {'name': 'Player2', 'uuid': 'cvxhbkzxmfynzflwhnxrbu', 'stack': 995, 'state': 'participating'}]",1000,Player1,20,1,river,0.24,1
10,nwlaaplrymodbbxufhkhkp,preflop,call,10,kenamuycidyfbvrifluxfl,preflop,call,0,nwlaaplrymodbbxufhkhkp,flop,call,0,kenamuycidyfbvrifluxfl,flop,call,0,nwlaaplrymodbbxufhkhkp,turn,call,0,kenamuycidyfbvrifluxfl,turn,call,0,nwlaaplrymodbbxufhkhkp,river,call,0,kenamuycidyfbvrifluxfl,river,call,,,,,"C6,CT,S3,D8,CK",river,20,990,1,,,"HJ,C7","[{'name': 'Player1', 'uuid': 'kenamuycidyfbvrifluxfl', 'stack': 990, 'state': 'participating'}, {'name': 'Player2', 'uuid': 'nwlaaplrymodbbxufhkhkp', 'stack': 995, 'state': 'participating'}]",1000,Player1,20,1,river,0.18,0
10,zzkfemruwlsiakwubkjhvz,preflop,call,10,kgmkrptrmcufqgxjufcbms,preflop,call,0,zzkfemruwlsiakwubkjhvz,flop,call,0,kgmkrptrmcufqgxjufcbms,flop,call,0,zzkfemruwlsiakwubkjhvz,turn,call,0,kgmkrptrmcufqgxjufcbms,turn,call,0,zzkfemruwlsiakwubkjhvz,river,call,990,kgmkrptrmcufqgxjufcbms,river,raise,990,zzkfemruwlsiakwubkjhvz,river,call,"D4,C5,SQ,H6,S7",river,2000,2000,1,,,"HT,C3","[{'name': 'Player1', 'uuid': 'kgmkrptrmcufqgxjufcbms', 'stack': 990, 'state': 'participating'}, {'name': 'Player2', 'uuid': 'zzkfemruwlsiakwubkjhvz', 'stack': 995, 'state': 'participating'}]",1000,Player1,20,1,river,0.78,1
10,aunzsapyerrsuiufmdcwbt,preflop,call,10,tkkdidsimbtbrudgydosfz,preflop,call,0,aunzsapyerrsuiufmdcwbt,flop,call,0,tkkdidsimbtbrudgydosfz,flop,call,0,aunzsapyerrsuiufmdcwbt,turn,call,0,tkkdidsimbtbrudgydosfz,turn,call,0,aunzsapyerrsuiufmdcwbt,river,call,990,tkkdidsimbtbrudgydosfz,river,raise,990,aunzsapyerrsuiufmdcwbt,river,call,"H5,D7,S9,SK,HA",river,2000,2000,1,,,"DA,DJ","[{'name': 'Player1', 'uuid': 'tkkdidsimbtbrudgydosfz', 'stack': 990, 'state': 'participating'}, {'name': 'Player2', 'uuid': 'aunzsapyerrsuiufmdcwbt', 'stack': 995, 'state': 'participating'}]",1000,Player1,20,1,river,0.92,1
10,nybeyzwghdmazolqqiwjgo,preflop,call,10,ileafujtlledyontqfseas,preflop,call,0,nybeyzwghdmazolqqiwjgo,flop,call,0,ileafujtlledyontqfseas,flop,call,0,nybeyzwghdmazolqqiwjgo,turn,call,0,ileafujtlledyontqfseas,turn,call,990,nybeyzwghdmazolqqiwjgo,river,raise,-1,ileafujtlledyontqfseas,river,raise,,,,,"C4,DT,HT,S9,S4",river,1010,990,1,,,"SJ,H4","[{'name': 'Player1', 'uuid': 'ileafujtlledyontqfseas', 'stack': 990, 'state': 'participating'}, {'name': 'Player2', 'uuid': 'nybeyzwghdmazolqqiwjgo', 'stack': 995, 'state': 'participating'}]",1000,Player1,1010,1,river,0.89,0
10,iacqgjmuiomfiajkaqezlp,preflop,call,10,oxvqexbkyouwrverxorjpy,preflop,call,0,iacqgjmuiomfiajkaqezlp,flop,call,0,oxvqexbkyouwrverxorjpy,flop,call,0,iacqgjmuiomfiajkaqezlp,turn,call,0,oxvqexbkyouwrverxorjpy,turn,call,0,iacqgjmuiomfiajkaqezlp,river,call,0,oxvqexbkyouwrverxorjpy,river,call,,,,,"SQ,C9,CQ,S3,D6",river,20,990,1,,,"H4,C8","[{'name': 'Player1', 'uuid': 'oxvqexbkyouwrverxorjpy', 'stack': 990, 'state': 'participating'}, {'name': 'Player2', 'uuid': 'iacqgjmuiomfiajkaqezlp', 'stack': 995, 'state': 'participating'}]",1000,Player1,20,1,river,0.07,0
10,fhaahzowhkrjgwkbswsjou,preflop,call,10,scdcfffrckosyzplceccvd,preflop,call,0,fhaahzowhkrjgwkbswsjou,flop,call,0,scdcfffrckosyzplceccvd,flop,call,0,fhaahzowhkrjgwkbswsjou,turn,call,0,scdcfffrckosyzplceccvd,turn,call,0,fhaahzowhkrjgwkbswsjou,river,call,0,scdcfffrckosyzplceccvd,river,call,,,,,"DT,CQ,C2,DK,DQ",river,20,1010,1,,,"C7,S5","[{'name': 'Player1', 'uuid': 'scdcfffrckosyzplceccvd', 'stack': 990, 'state': 'participating'}, {'name': 'Player2', 'uuid': 'fhaahzowhkrjgwkbswsjou', 'stack': 995, 'state': 'participating'}]",1000,Player1,20,1,river,0.08,1
10,usousnxlmjfskquyliwtml,preflop,call,10,wnwyhjdtoirbjmiavkuedm,preflop,call,0,usousnxlmjfskquyliwtml,flop,call,0,wnwyhjdtoirbjmiavkuedm,flop,call,0,usousnxlmjfskquyliwtml,turn,call,0,wnwyhjdtoirbjmiavkuedm,turn,call,0,usousnxlmjfskquyliwtml,river,call,0,wnwyhjdtoirbjmiavkuedm,river,call,,,,,"HQ,HA,C4,D8,DJ",river,20,1010,1,,,"H6,C9","[{'name': 'Player1', 'uuid': 'wnwyhjdtoirbjmiavkuedm', 'stack': 990, 'state': 'participating'}, {'name': 'Player2', 'uuid': 'usousnxlmjfskquyliwtml', 'stack': 995, 'state': 'participating'}]",1000,Player1,20,1,river,0.16,1
10,faijxngkqztdxzalgsexup,preflop,call,10,busgioxiqntmlzcbdlofhz,preflop,call,0,faijxngkqztdxzalgsexup,flop,call,0,busgioxiqntmlzcbdlofhz,flop,call,0,faijxngkqztdxzalgsexup,turn,call,0,busgioxiqntmlzcbdlofhz,turn,call,0,faijxngkqztdxzalgsexup,river,call,0,busgioxiqntmlzcbdlofhz,river,call,,,,,"D8,S2,C2,SA,S9",river,20,1010,1,,,"HQ,HJ","[{'name': 'Player1', 'uuid': 'busgioxiqntmlzcbdlofhz', 'stack': 990, 'state': 'participating'}, {'name': 'Player2', 'uuid': 'faijxngkqztdxzalgsexup', 'stack': 995, 'state': 'participating'}]",1000,Player1,20,1,river,0.35,1
10,cwsljdwfbpaoafhhbcdrmm,preflop,call,10,ptlbvcwnufzhamamrvergi,preflop,call,990,cwsljdwfbpaoafhhbcdrmm,flop,raise,990,ptlbvcwnufzhamamrvergi,flop,call,,,,,,,,,,,,,,,,,,,,,"CT,H3,D7",river,2000,0,1,,,"D5,D8","[{'name': 'Player1', 'uuid': 'ptlbvcwnufzhamamrvergi', 'stack': 990, 'state': 'participating'}, {'name': 'Player2', 'uuid': 'cwsljdwfbpaoafhhbcdrmm', 'stack': 995, 'state': 'participating'}]",1000,Player1,1010,1,flop,0.28,0
10,hhkznfctwipztglneulgxg,preflop,call,10,vorkpffsgqgcvhzhgfvrfp,preflop,call,0,hhkznfctwipztglneulgxg,flop,call,0,vorkpffsgqgcvhzhgfvrfp,flop,call,0,hhkznfctwipztglneulgxg,turn,call,0,vorkpffsgqgcvhzhgfvrfp,turn,call,0,hhkznfctwipztglneulgxg,river,call,0,vorkpffsgqgcvhzhgfvrfp,river,call,,,,,"D6,H7,HK,D7,S6",river,20,990,1,,,"H4,C2","[{'name': 'Player1', 'uuid': 'vorkpffsgqgcvhzhgfvrfp', 'stack': 990, 'state': 'participating'}, {'name': 'Player2', 'uuid': 'hhkznfctwipztglneulgxg', 'stack': 995, 'state': 'participating'}]",1000,Player1,20,1,river,0.04,0
10,tqhkxfqcuxvtxtgobqaemd,preflop,call,10,ybafkfqnptzkhvyyyzgnll,preflop,call,0,tqhkxfqcuxvtxtgobqaemd,flop,call,0,ybafkfqnptzkhvyyyzgnll,flop,call,0,tqhkxfqcuxvtxtgobqaemd,turn,call,990,ybafkfqnptzkhvyyyzgnll,turn,raise,990,tqhkxfqcuxvtxtgobqaemd,turn,call,,,,,,,,,"D6,H4,DQ,CT",river,2000,2000,1,,,"CJ,DT","[{'name': 'Player1', 'uuid': 'ybafkfqnptzkhvyyyzgnll', 'stack': 990, 'state': 'participating'}, {'name': 'Player2', 'uuid': 'tqhkxfqcuxvtxtgobqaemd', 'stack': 995, 'state': 'participating'}]",1000,Player1,20,1,turn,0.71,1
10,ainrkzckolwdhdtntrykzi,preflop,call,10,xnluogworvwrgvzdsmflzh,preflop,call,0,ainrkzckolwdhdtntrykzi,flop,call,0,xnluogworvwrgvzdsmflzh,flop,call,0,ainrkzckolwdhdtntrykzi,turn,call,990,xnluogworvwrgvzdsmflzh,turn,raise,-1,ainrkzckolwdhdtntrykzi,turn,raise,,,,,,,,,"C9,S5,H2,S7",turn,1010,1010,1,,,"H6,C8","[{'name': 'Player1', 'uuid': 'xnluogworvwrgvzdsmflzh', 'stack': 990, 'state': 'participating'}, {'name': 'Player2', 'uuid': 'ainrkzckolwdhdtntrykzi', 'stack': 995, 'state': 'participating'}]",1000,Player1,20,1,turn,0.99,1
10,nllvlktsedjkuwprdjzqgd,preflop,call,10,gvoewzrgpjrwynamueijvx,preflop,call,0,nllvlktsedjkuwprdjzqgd,flop,call,0,gvoewzrgpjrwynamueijvx,flop,call,0,nllvlktsedjkuwprdjzqgd,turn,call,0,gvoewzrgpjrwynamueijvx,turn,call,0,nllvlktsedjkuwprdjzqgd,river,call,0,gvoewzrgpjrwynamueijvx,river,call,,,,,"HK,C4,S9,C2,H9",river,20,990,1,,,"DT,C3","[{'name': 'Player1', 'uuid': 'gvoewzrgpjrwynamueijvx', 'stack': 990, 'state': 'participating'}, {'name': 'Player2', 'uuid': 'nllvlktsedjkuwprdjzqgd', 'stack': 995, 'state': 'participating'}]",1000,Player1,20,1,river,0.15,0
10,svvznholmrxzcetbclghzx,preflop,call,10,luqnrggriydhhciwywknfy,preflop,call,990,svvznholmrxzcetbclghzx,flop,raise,990,luqnrggriydhhciwywknfy,flop,call,,,,,,,,,,,,,,,,,,,,,"HA,CA,CT",river,2000,2000,1,,,"DJ,DQ","[{'name': 'Player1', 'uuid': 'luqnrggriydhhciwywknfy', 'stack': 990, 'state': 'participating'}, {'name': 'Player2', 'uuid': 'svvznholmrxzcetbclghzx', 'stack': 995, 'state': 'participating'}]",1000,Player1,1010,1,flop,0.51,1
10,yqdyxmpqpfgyhfnysooyrs,preflop,call,10,yznpnipctykttxhfkaybkt,preflop,call,0,yqdyxmpqpfgyhfnysooyrs,flop,call,0,yznpnipctykttxhfkaybkt,flop,call,0,yqdyxmpqpfgyhfnysooyrs,turn,call,0,yznpnipctykttxhfkaybkt,turn,call,0,yqdyxmpqpfgyhfnysooyrs,river,call,0,yznpnipctykttxhfkaybkt,river,call,,,,,"D7,S9,C2,H5,DQ",river,20,990,1,,,"S8,CJ","[{'name': 'Player1', 'uuid': 'yznpnipctykttxhfkaybkt', 'stack': 990, 'state': 'participating'}, {'name': 'Player2', 'uuid': 'yqdyxmpqpfgyhfnysooyrs', 'stack': 995, 'state': 'participating'}]",1000,Player1,20,1,river,0.1,0
10,omqngdbbgbjivnnbrcqmho,preflop,call,10,oamswwwjtdozrzpteskstw,preflop,call,0,omqngdbbgbjivnnbrcqmho,flop,call,990,oamswwwjtdozrzpteskstw,flop,raise,990,omqngdbbgbjivnnbrcqmho,flop,call,,,,,,,,,,,,,,,,,"DJ,C2,SK",river,2000,2000,1,,,"CJ,S8","[{'name': 'Player1', 'uuid': 'oamswwwjtdozrzpteskstw', 'stack': 990, 'state': 'participating'}, {'name': 'Player2', 'uuid': 'omqngdbbgbjivnnbrcqmho', 'stack': 995, 'state': 'participating'}]",1000,Player1,20,1,flop,0.75,1
10,nwrnfvhdfoehyapybkhlot,preflop,call,10,klxvkzeghelvxsjeibdjow,preflop,call,0,nwrnfvhdfoehyapybkhlot,flop,call,0,klxvkzeghelvxsjeibdjow,flop,call,0,nwrnfvhdfoehyapybkhlot,turn,call,0,klxvkzeghelvxsjeibdjow,turn,call,990,nwrnfvhdfoehyapybkhlot,river,raise,990,klxvkzeghelvxsjeibdjow,river,call,,,,,"H2,DA,H8,H7,S2",river,2000,0,1,,,"D5,CQ","[{'name': 'Player1', 'uuid': 'klxvkzeghelvxsjeibdjow', 'stack': 990, 'state': 'participating'}, {'name': 'Player2', 'uuid': 'nwrnfvhdfoehyapybkhlot', 'stack': 995, 'state': 'participating'}]",1000,Player1,1010,1,river,0.36,0
10,wvrczqmhugtgnybyfqicyz,preflop,call,10,zsusdacgnvbcxjuuvydoxh,preflop,call,990,wvrczqmhugtgnybyfqicyz,flop,raise,990,zsusdacgnvbcxjuuvydoxh,flop,call,,,,,,,,,,,,,,,,,,,,,"ST,SA,CK",river,2000,0,1,,,"HT,S8","[{'name': 'Player1', 'uuid': 'zsusdacgnvbcxjuuvydoxh', 'stack': 990, 'state': 'participating'}, {'name': 'Player2', 'uuid': 'wvrczqmhugtgnybyfqicyz', 'stack': 995, 'state': 'participating'}]",1000,Player1,1010,1,flop,0.65,0
10,qahhhcopqmsdjerzglqwrg,preflop,call,10,idndxhbtbnspimcpcohqgi,preflop,call,0,qahhhcopqmsdjerzglqwrg,flop,call,0,idndxhbtbnspimcpcohqgi,flop,call,0,qahhhcopqmsdjerzglqwrg,turn,call,0,idndxhbtbnspimcpcohqgi,turn,call,0,qahhhcopqmsdjerzglqwrg,river,call,0,idndxhbtbnspimcpcohqgi,river,call,,,,,"HT,HJ,DT,D8,D2",river,20,1010,1,,,"C7,H6","[{'name': 'Player1', 'uuid': 'idndxhbtbnspimcpcohqgi', 'stack': 990, 'state': 'participating'}, {'name': 'Player2', 'uuid': 'qahhhcopqmsdjerzglqwrg', 'stack': 995, 'state': 'participating'}]",1000,Player1,20,1,river,0.12,1
10,uydcpebyhukacztsumutaj,preflop,call,10,vbcnivmochosxabviqxqdh,preflop,call,0,uydcpebyhukacztsumutaj,flop,call,0,vbcnivmochosxabviqxqdh,flop,call,0,uydcpebyhukacztsumutaj,turn,call,0,vbcnivmochosxabviqxqdh,turn,call,0,uydcpebyhukacztsumutaj,river,call,0,vbcnivmochosxabviqxqdh,river,call,,,,,"H6,C5,C9,C3,H2",river,20,1010,1,,,"DA,SK","[{'name': 'Player1', 'uuid': 'vbcnivmochosxabviqxqdh', 'stack': 990, 'state': 'participating'}, {'name': 'Player2', 'uuid': 'uydcpebyhukacztsumutaj', 'stack': 995, 'state': 'participating'}]",1000,Player1,20,1,river,0.3,1
10,zarjeyqyodbrnvkwaogbrt,preflop,call,10,wxeztboqrwbcnwsgnehtuf,preflop,call,0,zarjeyqyodbrnvkwaogbrt,flop,call,0,wxeztboqrwbcnwsgnehtuf,flop,call,0,zarjeyqyodbrnvkwaogbrt,turn,call,0,wxeztboqrwbcnwsgnehtuf,turn,call,990,zarjeyqyodbrnvkwaogbrt,river,raise,990,wxeztboqrwbcnwsgnehtuf,river,call,,,,,"HJ,D8,H8,SJ,C3",river,2000,0,1,,,"S6,S5","[{'name': 'Player1', 'uuid': 'wxeztboqrwbcnwsgnehtuf', 'stack': 990, 'state': 'participating'}, {'name': 'Player2', 'uuid': 'zarjeyqyodbrnvkwaogbrt', 'stack': 995, 'state': 'participating'}]",1000,Player1,1010,1,river,0.07,0
10,idrqdkxrqjrmxhrqzsaepl,preflop,call,10,ceapkcqasvlhblflhxcbij,preflop,call,0,idrqdkxrqjrmxhrqzsaepl,flop,call,990,ceapkcqasvlhblflhxcbij,flop,raise,990,idrqdkxrqjrmxhrqzsaepl,flop,call,,,,,,,,,,,,,,,,,"HQ,D8,ST",river,2000,2000,1,,,"CK,HT","[{'name': 'Player1', 'uuid': 'ceapkcqasvlhblflhxcbij', 'stack': 990, 'state': 'participating'}, {'name': 'Player2', 'uuid': 'idrqdkxrqjrmxhrqzsaepl', 'stack': 995, 'state': 'participating'}]",1000,Player1,20,1,flop,0.8,1
10,rrargxbkguptjlunahipwb,preflop,call,10,dnhnvzmfvomdbaomyzkgqz,preflop,call,0,rrargxbkguptjlunahipwb,flop,call,0,dnhnvzmfvomdbaomyzkgqz,flop,call,990,rrargxbkguptjlunahipwb,turn,raise,990,dnhnvzmfvomdbaomyzkgqz,turn,call,,,,,,,,,,,,,"D9,C8,HJ,SJ",river,2000,0,1,,,"S6,H2","[{'name': 'Player1', 'uuid': 'dnhnvzmfvomdbaomyzkgqz', 'stack': 990, 'state': 'participating'}, {'name': 'Player2', 'uuid': 'rrargxbkguptjlunahipwb', 'stack': 995, 'state': 'participating'}]",1000,Player1,1010,1,turn,0.14,0
10,gmeymdxhdsdvuarkfanbxs,preflop,call,1000,owrrwbpfplygrwivwsafus,preflop,raise,1000,gmeymdxhdsdvuarkfanbxs,preflop,call,,,,,,,,,,,,,,,,,,,,,,,,,,river,2000,2000,1,,,"DA,CA","[{'name': 'Player1', 'uuid': 'owrrwbpfplygrwivwsafus', 'stack': 990, 'state': 'participating'}, {'name': 'Player2', 'uuid': 'gmeymdxhdsdvuarkfanbxs', 'stack': 995, 'state': 'participating'}]",1000,Player1,20,1,preflop,0.87,1
10,ixbuxxdftmyseihvyrfapn,preflop,call,10,rxjcgpseddkebxylebjeva,preflop,call,0,ixbuxxdftmyseihvyrfapn,flop,call,990,rxjcgpseddkebxylebjeva,flop,raise,990,ixbuxxdftmyseihvyrfapn,flop,call,,,,,,,,,,,,,,,,,"DJ,D3,H8",river,2000,2000,1,,,"C8,H3","[{'name': 'Player1', 'uuid': 'rxjcgpseddkebxylebjeva', 'stack': 990, 'state': 'participating'}, {'name': 'Player2', 'uuid': 'ixbuxxdftmyseihvyrfapn', 'stack': 995, 'state': 'participating'}]",1000,Player1,20,1,flop,0.83,1
10,ukzdjrbtuhzaupocyyrbbu,preflop,call,10,novkkquvvhqscsmizdskgn,preflop,call,0,ukzdjrbtuhzaupocyyrbbu,flop,call,0,novkkquvvhqscsmizdskgn,flop,call,0,ukzdjrbtuhzaupocyyrbbu,turn,call,0,novkkquvvhqscsmizdskgn,turn,call,0,ukzdjrbtuhzaupocyyrbbu,river,call,990,novkkquvvhqscsmizdskgn,river,raise,990,ukzdjrbtuhzaupocyyrbbu,river,call,"S5,D3,H6,ST,DA",river,2000,2000,1,,,"SA,D8","[{'name': 'Player1', 'uuid': 'novkkquvvhqscsmizdskgn', 'stack': 990, 'state': 'participating'}, {'name': 'Player2', 'uuid': 'ukzdjrbtuhzaupocyyrbbu', 'stack': 995, 'state': 'participating'}]",1000,Player1,20,1,river,0.89,1
10,zmaubnqplxxksaljbgjpwc,preflop,call,10,qpbdcetmzlxphwontjvjbh,preflop,call,0,zmaubnqplxxksaljbgjpwc,flop,call,990,qpbdcetmzlxphwontjvjbh,flop,raise,990,zmaubnqplxxksaljbgjpwc,flop,call,,,,,,,,,,,,,,,,,"D4,CA,C2",river,2000,0,1,,,"D7,SA","[{'name': 'Player1', 'uuid': 'qpbdcetmzlxphwontjvjbh', 'stack': 990, 'state': 'participating'}, {'name': 'Player2', 'uuid': 'zmaubnqplxxksaljbgjpwc', 'stack': 995, 'state': 'participating'}]",1000,Player1,20,1,flop,0.8,0
10,szhcmbgkbcjsmdjguxgufr,preflop,call,10,shcxuyyurahvzbooaqngvp,preflop,call,0,szhcmbgkbcjsmdjguxgufr,flop,call,0,shcxuyyurahvzbooaqngvp,flop,call,0,szhcmbgkbcjsmdjguxgufr,turn,call,0,shcxuyyurahvzbooaqngvp,turn,call,0,szhcmbgkbcjsmdjguxgufr,river,call,0,shcxuyyurahvzbooaqngvp,river,call,,,,,"C9,DJ,S5,SK,S7",river,20,990,1,,,"H2,C6","[{'name': 'Player1', 'uuid': 'shcxuyyurahvzbooaqngvp', 'stack': 990, 'state': 'participating'}, {'name': 'Player2', 'uuid': 'szhcmbgkbcjsmdjguxgufr', 'stack': 995, 'state': 'participating'}]",1000,Player1,20,1,river,0.04,0
10,omprgqiqqpgfbckmamslbb,preflop,call,10,sdksuheiqnjmhrfwrlxoph,preflop,call,0,omprgqiqqpgfbckmamslbb,flop,call,0,sdksuheiqnjmhrfwrlxoph,flop,call,0,omprgqiqqpgfbckmamslbb,turn,call,0,sdksuheiqnjmhrfwrlxoph,turn,call,0,omprgqiqqpgfbckmamslbb,river,call,0,sdksuheiqnjmhrfwrlxoph,river,call,,,,,"D2,CT,HJ,D5,CK",river,20,1010,1,,,"S6,H2","[{'name': 'Player1', 'uuid': 'sdksuheiqnjmhrfwrlxoph', 'stack': 990, 'state': 'participating'}, {'name': 'Player2', 'uuid': 'omprgqiqqpgfbckmamslbb', 'stack': 995, 'state': 'participating'}]",1000,Player1,20,1,river,0.55,1
10,ngmkdxnnjyshfettnnzugy,preflop,call,10,bxaoznrxpzgdqydafhhlqk,preflop,call,990,ngmkdxnnjyshfettnnzugy,flop,raise,990,bxaoznrxpzgdqydafhhlqk,flop,call,,,,,,,,,,,,,,,,,,,,,"S9,S8,HK",river,2000,0,1,,,"C3,D2","[{'name': 'Player1', 'uuid': 'bxaoznrxpzgdqydafhhlqk', 'stack': 990, 'state': 'participating'}, {'name': 'Player2', 'uuid': 'ngmkdxnnjyshfettnnzugy', 'stack': 995, 'state': 'participating'}]",1000,Player1,1010,1,flop,0.12,0
10,xxqogsoszrbnmwyiaffmne,preflop,call,10,qzfekevajtfryioanhizvp,preflop,call,0,xxqogsoszrbnmwyiaffmne,flop,call,0,qzfekevajtfryioanhizvp,flop,call,0,xxqogsoszrbnmwyiaffmne,turn,call,0,qzfekevajtfryioanhizvp,turn,call,0,xxqogsoszrbnmwyiaffmne,river,call,0,qzfekevajtfryioanhizvp,river,call,,,,,"CQ,H8,H3,SA,S4",river,20,990,1,,,"C2,C6","[{'name': 'Player1', 'uuid': 'qzfekevajtfryioanhizvp', 'stack': 990, 'state': 'participating'}, {'name': 'Player2', 'uuid': 'xxqogsoszrbnmwyiaffmne', 'stack': 995, 'state': 'participating'}]",1000,Player1,20,1,river,0.02,0
10,xymjdsvngxcsqesdgkzdpf,preflop,call,10,avvexcwmcbhzfklvwutzyt,preflop,call,0,xymjdsvngxcsqesdgkzdpf,flop,call,0,avvexcwmcbhzfklvwutzyt,flop,call,0,xymjdsvngxcsqesdgkzdpf,turn,call,0,avvexcwmcbhzfklvwutzyt,turn,call,0,xymjdsvngxcsqesdgkzdpf,river,call,0,avvexcwmcbhzfklvwutzyt,river,call,,,,,"S2,CQ,ST,DA,S6",river,20,990,1,,,"D8,C3","[{'name': 'Player1', 'uuid': 'avvexcwmcbhzfklvwutzyt', 'stack': 990, 'state': 'participating'}, {'name': 'Player2', 'uuid': 'xymjdsvngxcsqesdgkzdpf', 'stack': 995, 'state': 'participating'}]",1000,Player1,20,1,river,0.09,0
10,opsxnchmrfvqgcrlctzlkv,preflop,call,10,irgtooxddzpxizrbeydyax,preflop,call,990,opsxnchmrfvqgcrlctzlkv,flop,raise,990,irgtooxddzpxizrbeydyax,flop,call,,,,,,,,,,,,,,,,,,,,,"H7,CT,H6",river,2000,0,1,,,"SJ,C9","[{'name': 'Player1', 'uuid': 'irgtooxddzpxizrbeydyax', 'stack': 990, 'state': 'participating'}, {'name': 'Player2', 'uuid': 'opsxnchmrfvqgcrlctzlkv', 'stack': 995, 'state': 'participating'}]",1000,Player1,1010,1,flop,0.43,0
10,fmdrmezdpogzpefujdiroa,preflop,call,10,bzzctckapxlohwbgpgltna,preflop,call,0,fmdrmezdpogzpefujdiroa,flop,call,0,bzzctckapxlohwbgpgltna,flop,call,990,fmdrmezdpogzpefujdiroa,turn,raise,990,bzzctckapxlohwbgpgltna,turn,call,,,,,,,,,,,,,"HK,C9,C8,D2",river,2000,0,1,,,"DQ,C3","[{'name': 'Player1', 'uuid': 'bzzctckapxlohwbgpgltna', 'stack': 990, 'state': 'participating'}, {'name': 'Player2', 'uuid': 'fmdrmezdpogzpefujdiroa', 'stack': 995, 'state': 'participating'}]",1000,Player1,1010,1,turn,0.3,0
10,ngocoqecmxuitgqvttuyoj,preflop,call,1000,wcxltlsaztksjzvumnmqwe,preflop,raise,1000,ngocoqecmxuitgqvttuyoj,preflop,call,,,,,,,,,,,,,,,,,,,,,,,,,,river,2000,2000,1,,,"ST,HT","[{'name': 'Player1', 'uuid': 'wcxltlsaztksjzvumnmqwe', 'stack': 990, 'state': 'participating'}, {'name': 'Player2', 'uuid': 'ngocoqecmxuitgqvttuyoj', 'stack': 995, 'state': 'participating'}]",1000,Player1,20,1,preflop,0.77,1
10,mglqnpchjakstgkhgwiktb,preflop,call,10,nyibwmdlowgwfltgozlkgg,preflop,call,0,mglqnpchjakstgkhgwiktb,flop,call,0,nyibwmdlowgwfltgozlkgg,flop,call,0,mglqnpchjakstgkhgwiktb,turn,call,0,nyibwmdlowgwfltgozlkgg,turn,call,0,mglqnpchjakstgkhgwiktb,river,call,0,nyibwmdlowgwfltgozlkgg,river,call,,,,,"S8,DQ,ST,D2,C9",river,20,990,1,,,"H5,H7","[{'name': 'Player1', 'uuid': 'nyibwmdlowgwfltgozlkgg', 'stack': 990, 'state': 'participating'}, {'name': 'Player2', 'uuid': 'mglqnpchjakstgkhgwiktb', 'stack': 995, 'state': 'participating'}]",1000,Player1,20,1,river,0.08,0
10,dqkwjlvthzrtyjufcvpcpl,preflop,call,10,wnlcyqurbbqxooppdbgyed,preflop,call,0,dqkwjlvthzrtyjufcvpcpl,flop,call,0,wnlcyqurbbqxooppdbgyed,flop,call,0,dqkwjlvthzrtyjufcvpcpl,turn,call,0,wnlcyqurbbqxooppdbgyed,turn,call,0,dqkwjlvthzrtyjufcvpcpl,river,call,0,wnlcyqurbbqxooppdbgyed,river,call,,,,,"C2,CQ,S2,D3,H3",river,20,990,1,,,"H5,C6","[{'name': 'Player1', 'uuid': 'wnlcyqurbbqxooppdbgyed', 'stack': 990, 'state': 'participating'}, {'name': 'Player2', 'uuid': 'dqkwjlvthzrtyjufcvpcpl', 'stack': 995, 'state': 'participating'}]",1000,Player1,20,1,river,0.03,0
10,ykjqqqcabbhahplsuyltbt,preflop,call,10,zwprxgsgvrnmqtsfyznrki,preflop,call,0,ykjqqqcabbhahplsuyltbt,flop,call,0,zwprxgsgvrnmqtsfyznrki,flop,call,0,ykjqqqcabbhahplsuyltbt,turn,call,0,zwprxgsgvrnmqtsfyznrki,turn,call,0,ykjqqqcabbhahplsuyltbt,river,call,0,zwprxgsgvrnmqtsfyznrki,river,call,,,,,"S4,C8,SJ,HA,D2",river,20,1010,1,,,"H9,H4","[{'name': 'Player1', 'uuid': 'zwprxgsgvrnmqtsfyznrki', 'stack': 990, 'state': 'participating'}, {'name': 'Player2', 'uuid': 'ykjqqqcabbhahplsuyltbt', 'stack': 995, 'state': 'participating'}]",1000,Player1,20,1,river,0.56,1
10,rrbrqbanwpdmbzdatesjsj,preflop,call,10,mvakmjlslkwdynxewbubfu,preflop,call,0,rrbrqbanwpdmbzdatesjsj,flop,call,0,mvakmjlslkwdynxewbubfu,flop,call,0,rrbrqbanwpdmbzdatesjsj,turn,call,0,mvakmjlslkwdynxewbubfu,turn,call,0,rrbrqbanwpdmbzdatesjsj,river,call,0,mvakmjlslkwdynxewbubfu,river,call,,,,,"D2,HJ,HT,SJ,H4",river,20,1000,1,,,"C7,C8","[{'name': 'Player1', 'uuid': 'mvakmjlslkwdynxewbubfu', 'stack': 990, 'state': 'participating'}, {'name': 'Player2', 'uuid': 'rrbrqbanwpdmbzdatesjsj', 'stack': 995, 'state': 'participating'}]",1000,Player1,20,1,river,0.09,1
10,dprunehoarhacdqkuyuuoy,preflop,call,10,ijaapidflgsmdwxwckzgtz,preflop,call,0,dprunehoarhacdqkuyuuoy,flop,call,0,ijaapidflgsmdwxwckzgtz,flop,call,0,dprunehoarhacdqkuyuuoy,turn,call,0,ijaapidflgsmdwxwckzgtz,turn,call,0,dprunehoarhacdqkuyuuoy,river,call,0,ijaapidflgsmdwxwckzgtz,river,call,,,,,"HT,CK,HA,D8,D3",river,20,990,1,,,"S2,D6","[{'name': 'Player1', 'uuid': 'ijaapidflgsmdwxwckzgtz', 'stack': 990, 'state': 'participating'}, {'name': 'Player2', 'uuid': 'dprunehoarhacdqkuyuuoy', 'stack': 995, 'state': 'participating'}]",1000,Player1,20,1,river,0.04,0
10,tkbkowwglvvknhlvccoirq,preflop,call,10,bndwtqzcenibhtmjqbibok,preflop,call,0,tkbkowwglvvknhlvccoirq,flop,call,0,bndwtqzcenibhtmjqbibok,flop,call,0,tkbkowwglvvknhlvccoirq,turn,call,0,bndwtqzcenibhtmjqbibok,turn,call,0,tkbkowwglvvknhlvccoirq,river,call,0,bndwtqzcenibhtmjqbibok,river,call,,,,,"HJ,D7,H4,C3,D8",river,20,990,1,,,"HT,S3","[{'name': 'Player1', 'uuid': 'bndwtqzcenibhtmjqbibok', 'stack': 990, 'state': 'participating'}, {'name': 'Player2', 'uuid': 'tkbkowwglvvknhlvccoirq', 'stack': 995, 'state': 'participating'}]",1000,Player1,20,1,river,0.39,0
10,uciekanzodnnlwhdbqmdyx,preflop,call,10,tdxtmbdvqvcgbtruheziee,preflop,call,0,uciekanzodnnlwhdbqmdyx,flop,call,0,tdxtmbdvqvcgbtruheziee,flop,call,0,uciekanzodnnlwhdbqmdyx,turn,call,0,tdxtmbdvqvcgbtruheziee,turn,call,990,uciekanzodnnlwhdbqmdyx,river,raise,-1,tdxtmbdvqvcgbtruheziee,river,raise,,,,,"DK,HJ,SJ,SQ,HT",river,1010,990,1,,,"D4,S9","[{'name': 'Player1', 'uuid': 'tdxtmbdvqvcgbtruheziee', 'stack': 990, 'state': 'participating'}, {'name': 'Player2', 'uuid': 'uciekanzodnnlwhdbqmdyx', 'stack': 995, 'state': 'participating'}]",1000,Player1,1010,1,river,0.73,0
10,hbgbvejdydnelsttopiodp,preflop,call,10,vxvbuxwkdakhazpkkjtunv,preflop,call,0,hbgbvejdydnelsttopiodp,flop,call,0,vxvbuxwkdakhazpkkjtunv,flop,call,0,hbgbvejdydnelsttopiodp,turn,call,0,vxvbuxwkdakhazpkkjtunv,turn,call,0,hbgbvejdydnelsttopiodp,river,call,0,vxvbuxwkdakhazpkkjtunv,river,call,,,,,"C9,D4,SA,S5,H5",river,20,1010,1,,,"H4,C2","[{'name': 'Player1', 'uuid': 'vxvbuxwkdakhazpkkjtunv', 'stack': 990, 'state': 'participating'}, {'name': 'Player2', 'uuid': 'hbgbvejdydnelsttopiodp', 'stack': 995, 'state': 'participating'}]",1000,Player1,20,1,river,0.5,1
10,vmeroruwvcyqhgeqwinxyi,preflop,call,1000,qftvpomnmcmdmycjynoojn,preflop,raise,1000,vmeroruwvcyqhgeqwinxyi,preflop,call,,,,,,,,,,,,,,,,,,,,,,,,,,river,2000,0,1,,,"S8,SA","[{'name': 'Player1', 'uuid': 'qftvpomnmcmdmycjynoojn', 'stack': 990, 'state': 'participating'}, {'name': 'Player2', 'uuid': 'vmeroruwvcyqhgeqwinxyi', 'stack': 995, 'state': 'participating'}]",1000,Player1,20,1,preflop,0.7,0
10,shusgyflmkxcvntfzvktde,preflop,call,10,tknujjdtxkdqqpgixbvwmf,preflop,call,0,shusgyflmkxcvntfzvktde,flop,call,0,tknujjdtxkdqqpgixbvwmf,flop,call,0,shusgyflmkxcvntfzvktde,turn,call,0,tknujjdtxkdqqpgixbvwmf,turn,call,0,shusgyflmkxcvntfzvktde,river,call,0,tknujjdtxkdqqpgixbvwmf,river,call,,,,,"CJ,S7,H8,CQ,HQ",river,20,1010,1,,,"D7,C2","[{'name': 'Player1', 'uuid': 'tknujjdtxkdqqpgixbvwmf', 'stack': 990, 'state': 'participating'}, {'name': 'Player2', 'uuid': 'shusgyflmkxcvntfzvktde', 'stack': 995, 'state': 'participating'}]",1000,Player1,20,1,river,0.61,1
10,wozgzuptegtdgqhmkrdhii,preflop,call,10,mbltwnciypzyjijlkznzuv,preflop,call,0,wozgzuptegtdgqhmkrdhii,flop,call,0,mbltwnciypzyjijlkznzuv,flop,call,0,wozgzuptegtdgqhmkrdhii,turn,call,990,mbltwnciypzyjijlkznzuv,turn,raise,990,wozgzuptegtdgqhmkrdhii,turn,call,,,,,,,,,"S2,DK,H5,C8",river,2000,2000,1,,,"S5,H8","[{'name': 'Player1', 'uuid': 'mbltwnciypzyjijlkznzuv', 'stack': 990, 'state': 'participating'}, {'name': 'Player2', 'uuid': 'wozgzuptegtdgqhmkrdhii', 'stack': 995, 'state': 'participating'}]",1000,Player1,20,1,turn,0.89,1
10,netwmjtlzifpuyxtrxgbcp,preflop,call,10,apujnwrpmqwvznkbxuoyll,preflop,call,990,netwmjtlzifpuyxtrxgbcp,flop,raise,990,apujnwrpmqwvznkbxuoyll,flop,call,,,,,,,,,,,,,,,,,,,,,"D5,S6,H5",river,2000,0,1,,,"DJ,C6","[{'name': 'Player1', 'uuid': 'apujnwrpmqwvznkbxuoyll', 'stack': 990, 'state': 'participating'}, {'name': 'Player2', 'uuid': 'netwmjtlzifpuyxtrxgbcp', 'stack': 995, 'state': 'participating'}]",1000,Player1,1010,1,flop,0.59,0
10,sffkmobskibtiuiaxzbcsu,preflop,call,10,havvftpbossmliicuqsjzw,preflop,call,0,sffkmobskibtiuiaxzbcsu,flop,call,0,havvftpbossmliicuqsjzw,flop,call,0,sffkmobskibtiuiaxzbcsu,turn,call,0,havvftpbossmliicuqsjzw,turn,call,0,sffkmobskibtiuiaxzbcsu,river,call,0,havvftpbossmliicuqsjzw,river,call,,,,,"SK,S4,S2,S3,S8",river,20,990,1,,,"CJ,D6","[{'name': 'Player1', 'uuid': 'havvftpbossmliicuqsjzw', 'stack': 990, 'state': 'participating'}, {'name': 'Player2', 'uuid': 'sffkmobskibtiuiaxzbcsu', 'stack': 995, 'state': 'participating'}]",1000,Player1,20,1,river,0.57,0
10,megihepgbejxbwxkxzdzcp,preflop,call,10,hoxfitlowpxhfbyiflmvgz,preflop,call,0,megihepgbejxbwxkxzdzcp,flop,call,0,hoxfitlowpxhfbyiflmvgz,flop,call,990,megihepgbejxbwxkxzdzcp,turn,raise,990,hoxfitlowpxhfbyiflmvgz,turn,call,,,,,,,,,,,,,"ST,H8,D8,CT",river,2000,0,1,,,"H2,DQ","[{'name': 'Player1', 'uuid': 'hoxfitlowpxhfbyiflmvgz', 'stack': 990, 'state': 'participating'}, {'name': 'Player2', 'uuid': 'megihepgbejxbwxkxzdzcp', 'stack': 995, 'state': 'participating'}]",1000,Player1,1010,1,turn,0.39,0
10,yrobxmjcdsjvzyrlszddxv,preflop,call,10,axxwwfxnutndjxnuubdsna,preflop,call,0,yrobxmjcdsjvzyrlszddxv,flop,call,0,axxwwfxnutndjxnuubdsna,flop,call,0,yrobxmjcdsjvzyrlszddxv,turn,call,0,axxwwfxnutndjxnuubdsna,turn,call,0,yrobxmjcdsjvzyrlszddxv,river,call,990,axxwwfxnutndjxnuubdsna,river,raise,990,yrobxmjcdsjvzyrlszddxv,river,call,"HQ,D7,SQ,S4,CA",river,2000,2000,1,,,"C8,SA","[{'name': 'Player1', 'uuid': 'axxwwfxnutndjxnuubdsna', 'stack': 990, 'state': 'participating'}, {'name': 'Player2', 'uuid': 'yrobxmjcdsjvzyrlszddxv', 'stack': 995, 'state': 'participating'}]",1000,Player1,20,1,river,0.86,1
10,mctwgebdwalmndlmyyjtcq,preflop,call,10,npfqrushpawunthavwqkzy,preflop,call,990,mctwgebdwalmndlmyyjtcq,flop,raise,990,npfqrushpawunthavwqkzy,flop,call,,,,,,,,,,,,,,,,,,,,,"SA,H8,H9",river,2000,0,1,,,"HK,C7","[{'name': 'Player1', 'uuid': 'npfqrushpawunthavwqkzy', 'stack': 990, 'state': 'participating'}, {'name': 'Player2', 'uuid': 'mctwgebdwalmndlmyyjtcq', 'stack': 995, 'state': 'participating'}]",1000,Player1,1010,1,flop,0.55,0
10,mdxjbnxedtmynpczoxmmfi,preflop,call,10,ugeoejpkdfqpnycosylcfm,preflop,call,0,mdxjbnxedtmynpczoxmmfi,flop,call,0,ugeoejpkdfqpnycosylcfm,flop,call,0,mdxjbnxedtmynpczoxmmfi,turn,call,990,ugeoejpkdfqpnycosylcfm,turn,raise,990,mdxjbnxedtmynpczoxmmfi,turn,call,,,,,,,,,"C3,DT,HQ,D6",river,2000,2000,1,,,"D3,C6","[{'name': 'Player1', 'uuid': 'ugeoejpkdfqpnycosylcfm', 'stack': 990, 'state': 'participating'}, {'name': 'Player2', 'uuid': 'mdxjbnxedtmynpczoxmmfi', 'stack': 995, 'state': 'participating'}]",1000,Player1,20,1,turn,0.91,1
10,mioijjzspwxfjjelkspliy,preflop,call,10,mmqudcpijezsmkhaeutcze,preflop,call,990,mioijjzspwxfjjelkspliy,flop,raise,990,mmqudcpijezsmkhaeutcze,flop,call,,,,,,,,,,,,,,,,,,,,,"S3,C3,DA",river,2000,0,1,,,"D9,C8","[{'name': 'Player1', 'uuid': 'mmqudcpijezsmkhaeutcze', 'stack': 990, 'state': 'participating'}, {'name': 'Player2', 'uuid': 'mioijjzspwxfjjelkspliy', 'stack': 995, 'state': 'participating'}]",1000,Player1,1010,1,flop,0.3,0
10,glapkvuxmlkniqnmqidvvu,preflop,call,10,xafxdyedrguejtfrikuyij,preflop,call,990,glapkvuxmlkniqnmqidvvu,flop,raise,990,xafxdyedrguejtfrikuyij,flop,call,,,,,,,,,,,,,,,,,,,,,"D5,C2,DK",river,2000,0,1,,,"C3,S7","[{'name': 'Player1', 'uuid': 'xafxdyedrguejtfrikuyij', 'stack': 990, 'state': 'participating'}, {'name': 'Player2', 'uuid': 'glapkvuxmlkniqnmqidvvu', 'stack': 995, 'state': 'participating'}]",1000,Player1,1010,1,flop,0.14,0
10,wjmcmuouocriplnvawvpji,preflop,call,10,lwustcpsqtxbmvsqlvavkw,preflop,call,990,wjmcmuouocriplnvawvpji,flop,raise,990,lwustcpsqtxbmvsqlvavkw,flop,call,,,,,,,,,,,,,,,,,,,,,"CK,C3,D6",river,2000,0,1,,,"D2,C2","[{'name': 'Player1', 'uuid': 'lwustcpsqtxbmvsqlvavkw', 'stack': 990, 'state': 'participating'}, {'name': 'Player2', 'uuid': 'wjmcmuouocriplnvawvpji', 'stack': 995, 'state': 'participating'}]",1000,Player1,1010,1,flop,0.44,0
10,giojunsuhnbqnnuatnqxom,preflop,call,10,hhykexqagqqymncloxrkbj,preflop,call,0,giojunsuhnbqnnuatnqxom,flop,call,0,hhykexqagqqymncloxrkbj,flop,call,0,giojunsuhnbqnnuatnqxom,turn,call,0,hhykexqagqqymncloxrkbj,turn,call,0,giojunsuhnbqnnuatnqxom,river,call,0,hhykexqagqqymncloxrkbj,river,call,,,,,"D4,HT,H7,D5,C5",river,20,990,1,,,"CJ,DQ","[{'name': 'Player1', 'uuid': 'hhykexqagqqymncloxrkbj', 'stack': 990, 'state': 'participating'}, {'name': 'Player2', 'uuid': 'giojunsuhnbqnnuatnqxom', 'stack': 995, 'state': 'participating'}]",1000,Player1,20,1,river,0.26,0
10,gdmofjtrqvxwniclsbynga,preflop,call,10,wdgtzpmzrnvhrjnfptgauq,preflop,call,0,gdmofjtrqvxwniclsbynga,flop,call,0,wdgtzpmzrnvhrjnfptgauq,flop,call,0,gdmofjtrqvxwniclsbynga,turn,call,0,wdgtzpmzrnvhrjnfptgauq,turn,call,0,gdmofjtrqvxwniclsbynga,river,call,0,wdgtzpmzrnvhrjnfptgauq,river,call,,,,,"CT,D4,CK,D8,HT",river,20,1010,1,,,"C4,H9","[{'name': 'Player1', 'uuid': 'wdgtzpmzrnvhrjnfptgauq', 'stack': 990, 'state': 'participating'}, {'name': 'Player2', 'uuid': 'gdmofjtrqvxwniclsbynga', 'stack': 995, 'state': 'participating'}]",1000,Player1,20,1,river,0.62,1
10,umjhsmkvgcsdkkxnqvlljs,preflop,call,10,ilnmvsbzzjwnxapsqceaqu,preflop,call,0,umjhsmkvgcsdkkxnqvlljs,flop,call,0,ilnmvsbzzjwnxapsqceaqu,flop,call,990,umjhsmkvgcsdkkxnqvlljs,turn,raise,990,ilnmvsbzzjwnxapsqceaqu,turn,call,,,,,,,,,,,,,"HT,C7,SA,HJ",river,2000,0,1,,,"H3,SJ","[{'name': 'Player1', 'uuid': 'ilnmvsbzzjwnxapsqceaqu', 'stack': 990, 'state': 'participating'}, {'name': 'Player2', 'uuid': 'umjhsmkvgcsdkkxnqvlljs', 'stack': 995, 'state': 'participating'}]",1000,Player1,1010,1,turn,0.69,0
10,cbdajfyhxeinblsludpvmn,preflop,call,10,tczzdsqzonihbxanwtqeqs,preflop,call,0,cbdajfyhxeinblsludpvmn,flop,call,0,tczzdsqzonihbxanwtqeqs,flop,call,0,cbdajfyhxeinblsludpvmn,turn,call,0,tczzdsqzonihbxanwtqeqs,turn,call,0,cbdajfyhxeinblsludpvmn,river,call,0,tczzdsqzonihbxanwtqeqs,river,call,,,,,"SA,H5,D4,S6,S9",river,20,1010,1,,,"HJ,DQ","[{'name': 'Player1', 'uuid': 'tczzdsqzonihbxanwtqeqs', 'stack': 990, 'state': 'participating'}, {'name': 'Player2', 'uuid': 'cbdajfyhxeinblsludpvmn', 'stack': 995, 'state': 'participating'}]",1000,Player1,20,1,river,0.17,1
10,wrstydlodoydyybvlpnynw,preflop,call,10,rbwrcazpmdpkfkxrrouhvz,preflop,call,0,wrstydlodoydyybvlpnynw,flop,call,0,rbwrcazpmdpkfkxrrouhvz,flop,call,0,wrstydlodoydyybvlpnynw,turn,call,0,rbwrcazpmdpkfkxrrouhvz,turn,call,0,wrstydlodoydyybvlpnynw,river,call,990,rbwrcazpmdpkfkxrrouhvz,river,raise,990,wrstydlodoydyybvlpnynw,river,call,"H5,H2,C7,S8,S9",river,2000,2000,1,,,"S6,D2","[{'name': 'Player1', 'uuid': 'rbwrcazpmdpkfkxrrouhvz', 'stack': 990, 'state': 'participating'}, {'name': 'Player2', 'uuid': 'wrstydlodoydyybvlpnynw', 'stack': 995, 'state': 'participating'}]",1000,Player1,20,1,river,0.82,1
10,bxalwjakpqzeeejjalddjs,preflop,call,10,gfeoljkimwhpesckoefkjp,preflop,call,0,bxalwjakpqzeeejjalddjs,flop,call,0,gfeoljkimwhpesckoefkjp,flop,call,0,bxalwjakpqzeeejjalddjs,turn,call,0,gfeoljkimwhpesckoefkjp,turn,call,990,bxalwjakpqzeeejjalddjs,river,raise,-1,gfeoljkimwhpesckoefkjp,river,raise,,,,,"S2,HK,S3,S6,D9",river,1010,990,1,,,"C9,H2","[{'name': 'Player1', 'uuid': 'gfeoljkimwhpesckoefkjp', 'stack': 990, 'state': 'participating'}, {'name': 'Player2', 'uuid': 'bxalwjakpqzeeejjalddjs', 'stack': 995, 'state': 'participating'}]",1000,Player1,1010,1,river,0.91,0
10,luqtaocknlgmcvuqsryrhy,preflop,call,10,wmlkwpisymdwcwalggywrf,preflop,call,0,luqtaocknlgmcvuqsryrhy,flop,call,0,wmlkwpisymdwcwalggywrf,flop,call,0,luqtaocknlgmcvuqsryrhy,turn,call,990,wmlkwpisymdwcwalggywrf,turn,raise,990,luqtaocknlgmcvuqsryrhy,turn,call,,,,,,,,,"C2,H5,CQ,C3",river,2000,2000,1,,,"C6,C8","[{'name': 'Player1', 'uuid': 'wmlkwpisymdwcwalggywrf', 'stack': 990, 'state': 'participating'}, {'name': 'Player2', 'uuid': 'luqtaocknlgmcvuqsryrhy', 'stack': 995, 'state': 'participating'}]",1000,Player1,20,1,turn,0.96,1
10,hatnlvfgodfytcxmllhnvm,preflop,call,10,pofknbtqrfecxqxjdxdvnd,preflop,call,0,hatnlvfgodfytcxmllhnvm,flop,call,0,pofknbtqrfecxqxjdxdvnd,flop,call,990,hatnlvfgodfytcxmllhnvm,turn,raise,990,pofknbtqrfecxqxjdxdvnd,turn,call,,,,,,,,,,,,,"H3,DJ,H4,S3",river,2000,0,1,,,"C2,HT","[{'name': 'Player1', 'uuid': 'pofknbtqrfecxqxjdxdvnd', 'stack': 990, 'state': 'participating'}, {'name': 'Player2', 'uuid': 'hatnlvfgodfytcxmllhnvm', 'stack': 995, 'state': 'participating'}]",1000,Player1,1010,1,turn,0.22,0
10,vsyrzymdrnhhzfdqqspznc,preflop,call,10,hyboxlcuhtmbgzyhrefmwk,preflop,call,990,vsyrzymdrnhhzfdqqspznc,flop,raise,990,hyboxlcuhtmbgzyhrefmwk,flop,call,,,,,,,,,,,,,,,,,,,,,"H6,D5,H7",river,2000,0,1,,,"S8,HQ","[{'name': 'Player1', 'uuid': 'hyboxlcuhtmbgzyhrefmwk', 'stack': 990, 'state': 'participating'}, {'name': 'Player2', 'uuid': 'vsyrzymdrnhhzfdqqspznc', 'stack': 995, 'state': 'participating'}]",1000,Player1,1010,1,flop,0.48,0
10,wsgkruygxgcyifmnbdgntg,preflop,call,10,iknqfdaoqawvkpjaequzbx,preflop,call,0,wsgkruygxgcyifmnbdgntg,flop,call,990,iknqfdaoqawvkpjaequzbx,flop,raise,990,wsgkruygxgcyifmnbdgntg,flop,call,,,,,,,,,,,,,,,,,"C8,CQ,SQ",river,2000,2000,1,,,"D8,C9","[{'name': 'Player1', 'uuid': 'iknqfdaoqawvkpjaequzbx', 'stack': 990, 'state': 'participating'}, {'name': 'Player2', 'uuid': 'wsgkruygxgcyifmnbdgntg', 'stack': 995, 'state': 'participating'}]",1000,Player1,20,1,flop,0.79,1
10,tggnbscdsanrxcegamcnxr,preflop,call,10,qitblytoujzxltwxqhfouk,preflop,call,0,tggnbscdsanrxcegamcnxr,flop,call,0,qitblytoujzxltwxqhfouk,flop,call,0,tggnbscdsanrxcegamcnxr,turn,call,0,qitblytoujzxltwxqhfouk,turn,call,990,tggnbscdsanrxcegamcnxr,river,raise,990,qitblytoujzxltwxqhfouk,river,call,,,,,"D7,S3,HA,DA,H8",river,2000,0,1,,,"DK,CJ","[{'name': 'Player1', 'uuid': 'qitblytoujzxltwxqhfouk', 'stack': 990, 'state': 'participating'}, {'name': 'Player2', 'uuid': 'tggnbscdsanrxcegamcnxr', 'stack': 995, 'state': 'participating'}]",1000,Player1,1010,1,river,0.51,0
10,qqtgesuglijoalixgpjrtt,preflop,call,10,mpfijgwvpkylasgypdyqzg,preflop,call,0,qqtgesuglijoalixgpjrtt,flop,call,0,mpfijgwvpkylasgypdyqzg,flop,call,0,qqtgesuglijoalixgpjrtt,turn,call,0,mpfijgwvpkylasgypdyqzg,turn,call,0,qqtgesuglijoalixgpjrtt,river,call,990,mpfijgwvpkylasgypdyqzg,river,raise,990,qqtgesuglijoalixgpjrtt,river,call,"H2,S2,H9,C6,D2",river,2000,2000,1,,,"ST,H6","[{'name': 'Player1', 'uuid': 'mpfijgwvpkylasgypdyqzg', 'stack': 990, 'state': 'participating'}, {'name': 'Player2', 'uuid': 'qqtgesuglijoalixgpjrtt', 'stack': 995, 'state': 'participating'}]",1000,Player1,20,1,river,0.71,1
10,arzdrjajwtnuyzdzusumgy,preflop,call,1000,tfpnbhvoqxpbdmnqxgetik,preflop,raise,1000,arzdrjajwtnuyzdzusumgy,preflop,call,,,,,,,,,,,,,,,,,,,,,,,,,,river,2000,2000,1,,,"DA,DQ","[{'name': 'Player1', 'uuid': 'tfpnbhvoqxpbdmnqxgetik', 'stack': 990, 'state': 'participating'}, {'name': 'Player2', 'uuid': 'arzdrjajwtnuyzdzusumgy', 'stack': 995, 'state': 'participating'}]",1000,Player1,20,1,preflop,0.72,1
10,gcygobxbecrqqabcrdpoxv,preflop,call,10,eiwdcvjjwhmiiqqnhpzzxr,preflop,call,0,gcygobxbecrqqabcrdpoxv,flop,call,0,eiwdcvjjwhmiiqqnhpzzxr,flop,call,0,gcygobxbecrqqabcrdpoxv,turn,call,0,eiwdcvjjwhmiiqqnhpzzxr,turn,call,0,gcygobxbecrqqabcrdpoxv,river,call,0,eiwdcvjjwhmiiqqnhpzzxr,river,call,,,,,"S4,CA,H4,HJ,D3",river,20,1010,1,,,"D2,C9","[{'name': 'Player1', 'uuid': 'eiwdcvjjwhmiiqqnhpzzxr', 'stack': 990, 'state': 'participating'}, {'name': 'Player2', 'uuid': 'gcygobxbecrqqabcrdpoxv', 'stack': 995, 'state': 'participating'}]",1000,Player1,20,1,river,0.1,1
10,tjqqbtdpwomggeautsaitv,preflop,call,10,snfavyadnvzalppbumpjzi,preflop,call,0,tjqqbtdpwomggeautsaitv,flop,call,0,snfavyadnvzalppbumpjzi,flop,call,0,tjqqbtdpwomggeautsaitv,turn,call,0,snfavyadnvzalppbumpjzi,turn,call,990,tjqqbtdpwomggeautsaitv,river,raise,990,snfavyadnvzalppbumpjzi,river,call,,,,,"HK,D7,H9,S5,S9",river,2000,0,1,,,"H6,SQ","[{'name': 'Player1', 'uuid': 'snfavyadnvzalppbumpjzi', 'stack': 990, 'state': 'participating'}, {'name': 'Player2', 'uuid': 'tjqqbtdpwomggeautsaitv', 'stack': 995, 'state': 'participating'}]",1000,Player1,1010,1,river,0.38,0
10,hfdfpeebctygnqhoxacpws,preflop,call,10,nnyxejfppzqxzumzaxducx,preflop,call,0,hfdfpeebctygnqhoxacpws,flop,call,990,nnyxejfppzqxzumzaxducx,flop,raise,990,hfdfpeebctygnqhoxacpws,flop,call,,,,,,,,,,,,,,,,,"C9,SJ,S3",river,2000,2000,1,,,"DT,D9","[{'name': 'Player1', 'uuid': 'nnyxejfppzqxzumzaxducx', 'stack': 990, 'state': 'participating'}, {'name': 'Player2', 'uuid': 'hfdfpeebctygnqhoxacpws', 'stack': 995, 'state': 'participating'}]",1000,Player1,20,1,flop,0.77,1
10,mmhnxvslgolhyxduozctgr,preflop,call,1000,yqcarmqfquvdocpjbpntnv,preflop,raise,1000,mmhnxvslgolhyxduozctgr,preflop,call,,,,,,,,,,,,,,,,,,,,,,,,,,river,2000,2000,1,,,"SK,DK","[{'name': 'Player1', 'uuid': 'yqcarmqfquvdocpjbpntnv', 'stack': 990, 'state': 'participating'}, {'name': 'Player2', 'uuid': 'mmhnxvslgolhyxduozctgr', 'stack': 995, 'state': 'participating'}]",1000,Player1,20,1,preflop,0.83,1
10,nrzteibayemznfobdbbida,preflop,call,10,rjxlucwatopetldcgjgbsc,preflop,call,0,nrzteibayemznfobdbbida,flop,call,0,rjxlucwatopetldcgjgbsc,flop,call,0,nrzteibayemznfobdbbida,turn,call,0,rjxlucwatopetldcgjgbsc,turn,call,0,nrzteibayemznfobdbbida,river,call,0,rjxlucwatopetldcgjgbsc,river,call,,,,,"H2,C5,C8,SJ,H4",river,20,990,1,,,"SK,H3","[{'name': 'Player1', 'uuid': 'rjxlucwatopetldcgjgbsc', 'stack': 990, 'state': 'participating'}, {'name': 'Player2', 'uuid': 'nrzteibayemznfobdbbida', 'stack': 995, 'state': 'participating'}]",1000,Player1,20,1,river,0.18,0
10,thribasjphpbtqlvrizubh,preflop,call,10,tcdztpmghpefztmxpyjgxl,preflop,call,0,thribasjphpbtqlvrizubh,flop,call,990,tcdztpmghpefztmxpyjgxl,flop,raise,990,thribasjphpbtqlvrizubh,flop,call,,,,,,,,,,,,,,,,,"D6,S8,S7",river,2000,2000,1,,,"C8,C5","[{'name': 'Player1', 'uuid': 'tcdztpmghpefztmxpyjgxl', 'stack': 990, 'state': 'participating'}, {'name': 'Player2', 'uuid': 'thribasjphpbtqlvrizubh', 'stack': 995, 'state': 'participating'}]",1000,Player1,20,1,flop,0.72,1
10,sxviavttgwrqxrshqcmitz,preflop,call,10,mlygwdivimpswqvauptjto,preflop,call,0,sxviavttgwrqxrshqcmitz,flop,call,990,mlygwdivimpswqvauptjto,flop,raise,990,sxviavttgwrqxrshqcmitz,flop,call,,,,,,,,,,,,,,,,,"H4,D5,DA",river,2000,2000,1,,,"HA,C9","[{'name': 'Player1', 'uuid': 'mlygwdivimpswqvauptjto', 'stack': 990, 'state': 'participating'}, {'name': 'Player2', 'uuid': 'sxviavttgwrqxrshqcmitz', 'stack': 995, 'state': 'participating'}]",1000,Player1,20,1,flop,0.82,1
10,oymleldsfkfnvyogctvihk,preflop,call,10,npaxjesrzvpjmnvtxhppij,preflop,call,0,oymleldsfkfnvyogctvihk,flop,call,0,npaxjesrzvpjmnvtxhppij,flop,call,0,oymleldsfkfnvyogctvihk,turn,call,990,npaxjesrzvpjmnvtxhppij,turn,raise,990,oymleldsfkfnvyogctvihk,turn,call,,,,,,,,,"C4,D5,SK,C6",river,2000,2000,1,,,"S3,S7","[{'name': 'Player1', 'uuid': 'npaxjesrzvpjmnvtxhppij', 'stack': 990, 'state': 'participating'}, {'name': 'Player2', 'uuid': 'oymleldsfkfnvyogctvihk', 'stack': 995, 'state': 'participating'}]",1000,Player1,20,1,turn,0.94,1
10,syxqjoalsznacqehsuaouu,preflop,call,10,evqrnxwuxcirryzhvcrcke,preflop,call,0,syxqjoalsznacqehsuaouu,flop,call,0,evqrnxwuxcirryzhvcrcke,flop,call,0,syxqjoalsznacqehsuaouu,turn,call,0,evqrnxwuxcirryzhvcrcke,turn,call,990,syxqjoalsznacqehsuaouu,river,raise,990,evqrnxwuxcirryzhvcrcke,river,call,,,,,"H7,SQ,D9,DJ,HK",river,2000,0,1,,,"S6,CJ","[{'name': 'Player1', 'uuid': 'evqrnxwuxcirryzhvcrcke', 'stack': 990, 'state': 'participating'}, {'name': 'Player2', 'uuid': 'syxqjoalsznacqehsuaouu', 'stack': 995, 'state': 'participating'}]",1000,Player1,1010,1,river,0.51,0
10,rpplfevuoqzblgtzcxiolh,preflop,call,10,koamiwsesvsnxughsjtxik,preflop,call,0,rpplfevuoqzblgtzcxiolh,flop,call,0,koamiwsesvsnxughsjtxik,flop,call,0,rpplfevuoqzblgtzcxiolh,turn,call,0,koamiwsesvsnxughsjtxik,turn,call,0,rpplfevuoqzblgtzcxiolh,river,call,0,koamiwsesvsnxughsjtxik,river,call,,,,,"C8,C6,S3,CT,S4",river,20,990,1,,,"CQ,S2","[{'name': 'Player1', 'uuid': 'koamiwsesvsnxughsjtxik', 'stack': 990, 'state': 'participating'}, {'name': 'Player2', 'uuid': 'rpplfevuoqzblgtzcxiolh', 'stack': 995, 'state': 'participating'}]",1000,Player1,20,1,river,0.1,0
10,yjisnvlxhcvkcsjtkbhalw,preflop,call,10,vtgezewtkssvygofoiaspg,preflop,call,0,yjisnvlxhcvkcsjtkbhalw,flop,call,0,vtgezewtkssvygofoiaspg,flop,call,0,yjisnvlxhcvkcsjtkbhalw,turn,call,990,vtgezewtkssvygofoiaspg,turn,raise,990,yjisnvlxhcvkcsjtkbhalw,turn,call,,,,,,,,,"H8,C6,D3,C3",river,2000,2000,1,,,"HJ,S3","[{'name': 'Player1', 'uuid': 'vtgezewtkssvygofoiaspg', 'stack': 990, 'state': 'participating'}, {'name': 'Player2', 'uuid': 'yjisnvlxhcvkcsjtkbhalw', 'stack': 995, 'state': 'participating'}]",1000,Player1,20,1,turn,0.92,1
10,tgmbyfuzvcclebnlipbbtb,preflop,call,10,npompklhpqpvyvredqzgtb,preflop,call,990,tgmbyfuzvcclebnlipbbtb,flop,raise,990,npompklhpqpvyvredqzgtb,flop,call,,,,,,,,,,,,,,,,,,,,,"HK,HA,SA",river,2000,0,1,,,"D3,D7","[{'name': 'Player1', 'uuid': 'npompklhpqpvyvredqzgtb', 'stack': 990, 'state': 'participating'}, {'name': 'Player2', 'uuid': 'tgmbyfuzvcclebnlipbbtb', 'stack': 995, 'state': 'participating'}]",1000,Player1,1010,1,flop,0.2,0
10,vlcsbhcolpbxhpabpetlyj,preflop,call,10,iaykxjubbzabpmgnnxefee,preflop,call,0,vlcsbhcolpbxhpabpetlyj,flop,call,990,iaykxjubbzabpmgnnxefee,flop,raise,990,vlcsbhcolpbxhpabpetlyj,flop,call,,,,,,,,,,,,,,,,,"DA,H8,D4",river,2000,2000,1,,,"DJ,CA","[{'name': 'Player1', 'uuid': 'iaykxjubbzabpmgnnxefee', 'stack': 990, 'state': 'participating'}, {'name': 'Player2', 'uuid': 'vlcsbhcolpbxhpabpetlyj', 'stack': 995, 'state': 'participating'}]",1000,Player1,20,1,flop,0.87,1
1000,wwqrabuajtkdtvkvssyrdl,preflop,raise,1000,tlezkyscsngyxlvuycomcd,preflop,call,,,,,,,,,,,,,,,,,,,,,,,,,,,,,,river,2000,0,1,,,"SQ,D6","[{'name': 'Player1', 'uuid': 'tlezkyscsngyxlvuycomcd', 'stack': 990, 'state': 'participating'}, {'name': 'Player2', 'uuid': 'wwqrabuajtkdtvkvssyrdl', 'stack': 995, 'state': 'participating'}]",1000,Player1,1010,1,preflop,0.51,0
10,wqjgdjsezanwihrxirvdzq,preflop,call,10,zrxfvgnisxrmzqzhptrrep,preflop,call,0,wqjgdjsezanwihrxirvdzq,flop,call,0,zrxfvgnisxrmzqzhptrrep,flop,call,0,wqjgdjsezanwihrxirvdzq,turn,call,990,zrxfvgnisxrmzqzhptrrep,turn,raise,990,wqjgdjsezanwihrxirvdzq,turn,call,,,,,,,,,"C7,DJ,CQ,S3",river,2000,0,1,,,"H5,D7","[{'name': 'Player1', 'uuid': 'zrxfvgnisxrmzqzhptrrep', 'stack': 990, 'state': 'participating'}, {'name': 'Player2', 'uuid': 'wqjgdjsezanwihrxirvdzq', 'stack': 995, 'state': 'participating'}]",1000,Player1,20,1,turn,0.7,0
10,ogkrtxencyoajiuzyjsktk,preflop,call,10,ricimnsgxgqrixmaahnhyq,preflop,call,0,ogkrtxencyoajiuzyjsktk,flop,call,0,ricimnsgxgqrixmaahnhyq,flop,call,0,ogkrtxencyoajiuzyjsktk,turn,call,990,ricimnsgxgqrixmaahnhyq,turn,raise,990,ogkrtxencyoajiuzyjsktk,turn,call,,,,,,,,,"H3,D2,H8,C4",river,2000,2000,1,,,"S2,D4","[{'name': 'Player1', 'uuid': 'ricimnsgxgqrixmaahnhyq', 'stack': 990, 'state': 'participating'}, {'name': 'Player2', 'uuid': 'ogkrtxencyoajiuzyjsktk', 'stack': 995, 'state': 'participating'}]",1000,Player1,20,1,turn,0.85,1
10,crjhrihqrxqqssrnmtsnpu,preflop,call,10,ttpenwwbhvbxmpthuqclhv,preflop,call,990,crjhrihqrxqqssrnmtsnpu,flop,raise,990,ttpenwwbhvbxmpthuqclhv,flop,call,,,,,,,,,,,,,,,,,,,,,"DQ,S7,C7",river,2000,0,1,,,"C5,S6","[{'name': 'Player1', 'uuid': 'ttpenwwbhvbxmpthuqclhv', 'stack': 990, 'state': 'participating'}, {'name': 'Player2', 'uuid': 'crjhrihqrxqqssrnmtsnpu', 'stack': 995, 'state': 'participating'}]",1000,Player1,1010,1,flop,0.26,0
10,grrcvkdncsdczeamatkkdh,preflop,call,10,xktiaizryuvszmfwzyzbdf,preflop,call,0,grrcvkdncsdczeamatkkdh,flop,call,0,xktiaizryuvszmfwzyzbdf,flop,call,0,grrcvkdncsdczeamatkkdh,turn,call,0,xktiaizryuvszmfwzyzbdf,turn,call,0,grrcvkdncsdczeamatkkdh,river,call,0,xktiaizryuvszmfwzyzbdf,river,call,,,,,"CK,DA,SQ,D5,H9",river,20,1010,1,,,"D2,C2","[{'name': 'Player1', 'uuid': 'xktiaizryuvszmfwzyzbdf', 'stack': 990, 'state': 'participating'}, {'name': 'Player2', 'uuid': 'grrcvkdncsdczeamatkkdh', 'stack': 995, 'state': 'participating'}]",1000,Player1,20,1,river,0.3,1
10,vuvlltxtrzplfuxnbljung,preflop,call,10,fykkldikmdadlukwzjhomb,preflop,call,990,vuvlltxtrzplfuxnbljung,flop,raise,990,fykkldikmdadlukwzjhomb,flop,call,,,,,,,,,,,,,,,,,,,,,"H7,S9,C4",river,2000,0,1,,,"DJ,D3","[{'name': 'Player1', 'uuid': 'fykkldikmdadlukwzjhomb', 'stack': 990, 'state': 'participating'}, {'name': 'Player2', 'uuid': 'vuvlltxtrzplfuxnbljung', 'stack': 995, 'state': 'participating'}]",1000,Player1,1010,1,flop,0.36,0
10,xatacqvwylbitdcoqdcaxy,preflop,call,10,pblursjmjvqurojkhdaqtq,preflop,call,0,xatacqvwylbitdcoqdcaxy,flop,call,990,pblursjmjvqurojkhdaqtq,flop,raise,990,xatacqvwylbitdcoqdcaxy,flop,call,,,,,,,,,,,,,,,,,"SK,S3,HJ",river,2000,2000,1,,,"CJ,S2","[{'name': 'Player1', 'uuid': 'pblursjmjvqurojkhdaqtq', 'stack': 990, 'state': 'participating'}, {'name': 'Player2', 'uuid': 'xatacqvwylbitdcoqdcaxy', 'stack': 995, 'state': 'participating'}]",1000,Player1,20,1,flop,0.73,1
10,vxnjpxflyyalnqhmzrrqer,preflop,call,10,htnydvmydzjqqrzrkpxizv,preflop,call,0,vxnjpxflyyalnqhmzrrqer,flop,call,0,htnydvmydzjqqrzrkpxizv,flop,call,0,vxnjpxflyyalnqhmzrrqer,turn,call,0,htnydvmydzjqqrzrkpxizv,turn,call,0,vxnjpxflyyalnqhmzrrqer,river,call,0,htnydvmydzjqqrzrkpxizv,river,call,,,,,"D7,D3,C6,D6,S8",river,20,990,1,,,"HQ,C4","[{'name': 'Player1', 'uuid': 'htnydvmydzjqqrzrkpxizv', 'stack': 990, 'state': 'participating'}, {'name': 'Player2', 'uuid': 'vxnjpxflyyalnqhmzrrqer', 'stack': 995, 'state': 'participating'}]",1000,Player1,20,1,river,0.17,0
10,hlvhpqrhfmcqqeyrasstze,preflop,call,10,yslthruyinyriwgmbkbqmk,preflop,call,0,hlvhpqrhfmcqqeyrasstze,flop,call,0,yslthruyinyriwgmbkbqmk,flop,call,0,hlvhpqrhfmcqqeyrasstze,turn,call,0,yslthruyinyriwgmbkbqmk,turn,call,0,hlvhpqrhfmcqqeyrasstze,river,call,0,yslthruyinyriwgmbkbqmk,river,call,,,,,"C8,D2,HA,SA,CQ",river,20,990,1,,,"S4,C7","[{'name': 'Player1', 'uuid': 'yslthruyinyriwgmbkbqmk', 'stack': 990, 'state': 'participating'}, {'name': 'Player2', 'uuid': 'hlvhpqrhfmcqqeyrasstze', 'stack': 995, 'state': 'participating'}]",1000,Player1,20,1,river,0.12,0
10,kmszcwytdmmumsfjghqfkv,preflop,call,10,jkbjrzjenmanwzfqhudsxw,preflop,call,0,kmszcwytdmmumsfjghqfkv,flop,call,0,jkbjrzjenmanwzfqhudsxw,flop,call,0,kmszcwytdmmumsfjghqfkv,turn,call,0,jkbjrzjenmanwzfqhudsxw,turn,call,0,kmszcwytdmmumsfjghqfkv,river,call,990,jkbjrzjenmanwzfqhudsxw,river,raise,990,kmszcwytdmmumsfjghqfkv,river,call,"HK,S3,C2,C7,C9",river,2000,2000,1,,,"S9,HJ","[{'name': 'Player1', 'uuid': 'jkbjrzjenmanwzfqhudsxw', 'stack': 990, 'state': 'participating'}, {'name': 'Player2', 'uuid': 'kmszcwytdmmumsfjghqfkv', 'stack': 995, 'state': 'participating'}]",1000,Player1,20,1,river,0.71,1
10,rqpffqwujaaxpghytmrtsh,preflop,call,10,uynrupxgdbfmjnpygosgfs,preflop,call,0,rqpffqwujaaxpghytmrtsh,flop,call,0,uynrupxgdbfmjnpygosgfs,flop,call,0,rqpffqwujaaxpghytmrtsh,turn,call,0,uynrupxgdbfmjnpygosgfs,turn,call,0,rqpffqwujaaxpghytmrtsh,river,call,0,uynrupxgdbfmjnpygosgfs,river,call,,,,,"HK,C2,CK,D3,H8",river,20,990,1,,,"HJ,H9","[{'name': 'Player1', 'uuid': 'uynrupxgdbfmjnpygosgfs', 'stack': 990, 'state': 'participating'}, {'name': 'Player2', 'uuid': 'rqpffqwujaaxpghytmrtsh', 'stack': 995, 'state': 'participating'}]",1000,Player1,20,1,river,0.26,0
10,kqlrufdgdxgrghdpfuiegj,preflop,call,10,yzplpfsbgmawbovqxlodrn,preflop,call,990,kqlrufdgdxgrghdpfuiegj,flop,raise,990,yzplpfsbgmawbovqxlodrn,flop,call,,,,,,,,,,,,,,,,,,,,,"SA,CT,C3",river,2000,0,1,,,"S5,H9","[{'name': 'Player1', 'uuid': 'yzplpfsbgmawbovqxlodrn', 'stack': 990, 'state': 'participating'}, {'name': 'Player2', 'uuid': 'kqlrufdgdxgrghdpfuiegj', 'stack': 995, 'state': 'participating'}]",1000,Player1,1010,1,flop,0.33,0
10,yafyxwgfqbmaqcpxsollcq,preflop,call,10,lqsdavlefffngnfhgtjilu,preflop,call,0,yafyxwgfqbmaqcpxsollcq,flop,call,0,lqsdavlefffngnfhgtjilu,flop,call,0,yafyxwgfqbmaqcpxsollcq,turn,call,0,lqsdavlefffngnfhgtjilu,turn,call,0,yafyxwgfqbmaqcpxsollcq,river,call,0,lqsdavlefffngnfhgtjilu,river,call,,,,,"HK,HJ,HT,D5,S2",river,20,1010,1,,,"C9,D7","[{'name': 'Player1', 'uuid': 'lqsdavlefffngnfhgtjilu', 'stack': 990, 'state': 'participating'}, {'name': 'Player2', 'uuid': 'yafyxwgfqbmaqcpxsollcq', 'stack': 995, 'state': 'participating'}]",1000,Player1,20,1,river,0.14,1
10,fbzlsdixhlmbkhbzubdfqz,preflop,call,10,hzmrdjxpusocjohpginkbv,preflop,call,990,fbzlsdixhlmbkhbzubdfqz,flop,raise,-1,hzmrdjxpusocjohpginkbv,flop,raise,,,,,,,,,,,,,,,,,,,,,"HT,SK,D5",flop,1010,990,1,,,"SQ,HJ","[{'name': 'Player1', 'uuid': 'hzmrdjxpusocjohpginkbv', 'stack': 990, 'state': 'participating'}, {'name': 'Player2', 'uuid': 'fbzlsdixhlmbkhbzubdfqz', 'stack': 995, 'state': 'participating'}]",1000,Player1,1010,1,flop,0.71,0
10,njlwjhheeaussotatpkhne,preflop,call,10,bwsnckippszrjlwdhrtyhe,preflop,call,0,njlwjhheeaussotatpkhne,flop,call,0,bwsnckippszrjlwdhrtyhe,flop,call,0,njlwjhheeaussotatpkhne,turn,call,990,bwsnckippszrjlwdhrtyhe,turn,raise,990,njlwjhheeaussotatpkhne,turn,call,,,,,,,,,"H2,SK,D6,SJ",river,2000,2000,1,,,"S6,DJ","[{'name': 'Player1', 'uuid': 'bwsnckippszrjlwdhrtyhe', 'stack': 990, 'state': 'participating'}, {'name': 'Player2', 'uuid': 'njlwjhheeaussotatpkhne', 'stack': 995, 'state': 'participating'}]",1000,Player1,20,1,turn,0.86,1
10,npxfuhuqmtpxfktjqqawmh,preflop,call,10,bwedvdzntzpjvapzeutukb,preflop,call,0,npxfuhuqmtpxfktjqqawmh,flop,call,0,bwedvdzntzpjvapzeutukb,flop,call,0,npxfuhuqmtpxfktjqqawmh,turn,call,0,bwedvdzntzpjvapzeutukb,turn,call,990,npxfuhuqmtpxfktjqqawmh,river,raise,990,bwedvdzntzpjvapzeutukb,river,call,,,,,"ST,CJ,S4,DQ,CK",river,2000,0,1,,,"D3,H7","[{'name': 'Player1', 'uuid': 'bwedvdzntzpjvapzeutukb', 'stack': 990, 'state': 'participating'}, {'name': 'Player2', 'uuid': 'npxfuhuqmtpxfktjqqawmh', 'stack': 995, 'state': 'participating'}]",1000,Player1,1010,1,river,0.09,0
10,tktuepvzwbzdjyujcgckuf,preflop,call,10,yiitsxzwovzlwojfrbnjwv,preflop,call,990,tktuepvzwbzdjyujcgckuf,flop,raise,-1,yiitsxzwovzlwojfrbnjwv,flop,raise,,,,,,,,,,,,,,,,,,,,,"H3,HK,H6",flop,1010,990,1,,,"C7,CK","[{'name': 'Player1', 'uuid': 'yiitsxzwovzlwojfrbnjwv', 'stack': 990, 'state': 'participating'}, {'name': 'Player2', 'uuid': 'tktuepvzwbzdjyujcgckuf', 'stack': 995, 'state': 'participating'}]",1000,Player1,1010,1,flop,0.74,0
1000,gusshcjyvwktimvjqsuhjv,preflop,raise,1000,pbqixwhtqthynnxgfvrgxn,preflop,call,,,,,,,,,,,,,,,,,,,,,,,,,,,,,,river,2000,0,1,,,"HT,H2","[{'name': 'Player1', 'uuid': 'pbqixwhtqthynnxgfvrgxn', 'stack': 990, 'state': 'participating'}, {'name': 'Player2', 'uuid': 'gusshcjyvwktimvjqsuhjv', 'stack': 995, 'state': 'participating'}]",1000,Player1,1010,1,preflop,0.45,0
10,pgtohsoreybtsqfuasnswj,preflop,call,10,kfckansmhalrkiyjjryoyd,preflop,call,990,pgtohsoreybtsqfuasnswj,flop,raise,-1,kfckansmhalrkiyjjryoyd,flop,raise,,,,,,,,,,,,,,,,,,,,,"DQ,HA,D6",flop,1010,990,1,,,"DA,ST","[{'name': 'Player1', 'uuid': 'kfckansmhalrkiyjjryoyd', 'stack': 990, 'state': 'participating'}, {'name': 'Player2', 'uuid': 'pgtohsoreybtsqfuasnswj', 'stack': 995, 'state': 'participating'}]",1000,Player1,1010,1,flop,0.82,0
10,lxisxpzzywquoqlwhnfidd,preflop,call,10,mmyxbzzwpmpptygkignzmv,preflop,call,0,lxisxpzzywquoqlwhnfidd,flop,call,0,mmyxbzzwpmpptygkignzmv,flop,call,0,lxisxpzzywquoqlwhnfidd,turn,call,0,mmyxbzzwpmpptygkignzmv,turn,call,0,lxisxpzzywquoqlwhnfidd,river,call,0,mmyxbzzwpmpptygkignzmv,river,call,,,,,"SJ,HK,D5,HA,D2",river,20,1010,1,,,"S9,S5","[{'name': 'Player1', 'uuid': 'mmyxbzzwpmpptygkignzmv', 'stack': 990, 'state': 'participating'}, {'name': 'Player2', 'uuid': 'lxisxpzzywquoqlwhnfidd', 'stack': 995, 'state': 'participating'}]",1000,Player1,20,1,river,0.61,1
10,djinsufmmcbbvktikdfwri,preflop,call,10,dxxlcffqzjujuqzgcipvyk,preflop,call,0,djinsufmmcbbvktikdfwri,flop,call,0,dxxlcffqzjujuqzgcipvyk,flop,call,0,djinsufmmcbbvktikdfwri,turn,call,0,dxxlcffqzjujuqzgcipvyk,turn,call,0,djinsufmmcbbvktikdfwri,river,call,0,dxxlcffqzjujuqzgcipvyk,river,call,,,,,"C2,S2,H7,D7,C6",river,20,1010,1,,,"H4,CT","[{'name': 'Player1', 'uuid': 'dxxlcffqzjujuqzgcipvyk', 'stack': 990, 'state': 'participating'}, {'name': 'Player2', 'uuid': 'djinsufmmcbbvktikdfwri', 'stack': 995, 'state': 'participating'}]",1000,Player1,20,1,river,0.19,1
10,dlkacubmmrrptdqmkevuuq,preflop,call,10,pjjjoxurtgymjsttehltfi,preflop,call,0,dlkacubmmrrptdqmkevuuq,flop,call,0,pjjjoxurtgymjsttehltfi,flop,call,0,dlkacubmmrrptdqmkevuuq,turn,call,0,pjjjoxurtgymjsttehltfi,turn,call,990,dlkacubmmrrptdqmkevuuq,river,raise,990,pjjjoxurtgymjsttehltfi,river,call,,,,,"D3,CQ,S6,C8,H3",river,2000,0,1,,,"DJ,SA","[{'name': 'Player1', 'uuid': 'pjjjoxurtgymjsttehltfi', 'stack': 990, 'state': 'participating'}, {'name': 'Player2', 'uuid': 'dlkacubmmrrptdqmkevuuq', 'stack': 995, 'state': 'participating'}]",1000,Player1,1010,1,river,0.56,0
10,acvyirsbadsnaykhpppzse,preflop,call,10,nqtvdkvzqzsfltdkvbrwoe,preflop,call,0,acvyirsbadsnaykhpppzse,flop,call,0,nqtvdkvzqzsfltdkvbrwoe,flop,call,0,acvyirsbadsnaykhpppzse,turn,call,0,nqtvdkvzqzsfltdkvbrwoe,turn,call,0,acvyirsbadsnaykhpppzse,river,call,0,nqtvdkvzqzsfltdkvbrwoe,river,call,,,,,"S9,H7,S4,S3,S2",river,20,1010,1,,,"D6,C6","[{'name': 'Player1', 'uuid': 'nqtvdkvzqzsfltdkvbrwoe', 'stack': 990, 'state': 'participating'}, {'name': 'Player2', 'uuid': 'acvyirsbadsnaykhpppzse', 'stack': 995, 'state': 'participating'}]",1000,Player1,20,1,river,0.41,1
10,lcuepwqsnpxbrlrkhyjsjt,preflop,call,10,wafgbrcjirbzwsbrgrfyex,preflop,call,0,lcuepwqsnpxbrlrkhyjsjt,flop,call,0,wafgbrcjirbzwsbrgrfyex,flop,call,0,lcuepwqsnpxbrlrkhyjsjt,turn,call,0,wafgbrcjirbzwsbrgrfyex,turn,call,0,lcuepwqsnpxbrlrkhyjsjt,river,call,0,wafgbrcjirbzwsbrgrfyex,river,call,,,,,"SA,DA,S5,HT,SQ",river,20,1010,1,,,"SK,H9","[{'name': 'Player1', 'uuid': 'wafgbrcjirbzwsbrgrfyex', 'stack': 990, 'state': 'participating'}, {'name': 'Player2', 'uuid': 'lcuepwqsnpxbrlrkhyjsjt', 'stack': 995, 'state': 'participating'}]",1000,Player1,20,1,river,0.51,1
10,gkfoitumeaydhvpathhasg,preflop,call,10,qjqbrrlhlsdeqvghtijzhe,preflop,call,990,gkfoitumeaydhvpathhasg,flop,raise,990,qjqbrrlhlsdeqvghtijzhe,flop,call,,,,,,,,,,,,,,,,,,,,,"D7,D2,C6",river,2000,2000,1,,,"HT,SQ","[{'name': 'Player1', 'uuid': 'qjqbrrlhlsdeqvghtijzhe', 'stack': 990, 'state': 'participating'}, {'name': 'Player2', 'uuid': 'gkfoitumeaydhvpathhasg', 'stack': 995, 'state': 'participating'}]",1000,Player1,1010,1,flop,0.35,1
10,vqfxqxkqayymxxwtljkamb,preflop,call,10,nkttziwmtzewutqeporsys,preflop,call,0,vqfxqxkqayymxxwtljkamb,flop,call,0,nkttziwmtzewutqeporsys,flop,call,0,vqfxqxkqayymxxwtljkamb,turn,call,0,nkttziwmtzewutqeporsys,turn,call,990,vqfxqxkqayymxxwtljkamb,river,raise,990,nkttziwmtzewutqeporsys,river,call,,,,,"C4,DQ,S4,CK,C8",river,2000,0,1,,,"HJ,S5","[{'name': 'Player1', 'uuid': 'nkttziwmtzewutqeporsys', 'stack': 990, 'state': 'participating'}, {'name': 'Player2', 'uuid': 'vqfxqxkqayymxxwtljkamb', 'stack': 995, 'state': 'participating'}]",1000,Player1,1010,1,river,0.32,0
10,bqgvkklertjlknozfwzcio,preflop,call,10,ryqyzwysdkgxpquvjgvnav,preflop,call,0,bqgvkklertjlknozfwzcio,flop,call,990,ryqyzwysdkgxpquvjgvnav,flop,raise,990,bqgvkklertjlknozfwzcio,flop,call,,,,,,,,,,,,,,,,,"CA,D6,C4",river,2000,0,1,,,"HA,H8","[{'name': 'Player1', 'uuid': 'ryqyzwysdkgxpquvjgvnav', 'stack': 990, 'state': 'participating'}, {'name': 'Player2', 'uuid': 'bqgvkklertjlknozfwzcio', 'stack': 995, 'state': 'participating'}]",1000,Player1,20,1,flop,0.85,0
10,yjobgtsbuzgfulkqszyaov,preflop,call,10,mmdxhqvswpoboiiydayluo,preflop,call,0,yjobgtsbuzgfulkqszyaov,flop,call,0,mmdxhqvswpoboiiydayluo,flop,call,0,yjobgtsbuzgfulkqszyaov,turn,call,990,mmdxhqvswpoboiiydayluo,turn,raise,990,yjobgtsbuzgfulkqszyaov,turn,call,,,,,,,,,"H2,D5,H8,C8",river,2000,0,1,,,"C5,CT","[{'name': 'Player1', 'uuid': 'mmdxhqvswpoboiiydayluo', 'stack': 990, 'state': 'participating'}, {'name': 'Player2', 'uuid': 'yjobgtsbuzgfulkqszyaov', 'stack': 995, 'state': 'participating'}]",1000,Player1,20,1,turn,0.71,0
10,vhasayzjmwdqpaqgukvghm,preflop,call,10,rpllvadxzxfqmncagbzknf,preflop,call,990,vhasayzjmwdqpaqgukvghm,flop,raise,990,rpllvadxzxfqmncagbzknf,flop,call,,,,,,,,,,,,,,,,,,,,,"CK,DA,CT",river,2000,0,1,,,"C7,D6","[{'name': 'Player1', 'uuid': 'rpllvadxzxfqmncagbzknf', 'stack': 990, 'state': 'participating'}, {'name': 'Player2', 'uuid': 'vhasayzjmwdqpaqgukvghm', 'stack': 995, 'state': 'participating'}]",1000,Player1,1010,1,flop,0.3,0
10,fegsriopbfloxgogpaftmd,preflop,call,10,plisodsoznvkfseazzrogn,preflop,call,0,fegsriopbfloxgogpaftmd,flop,call,990,plisodsoznvkfseazzrogn,flop,raise,990,fegsriopbfloxgogpaftmd,flop,call,,,,,,,,,,,,,,,,,"H4,CQ,SA",river,2000,2000,1,,,"CA,HQ","[{'name': 'Player1', 'uuid': 'plisodsoznvkfseazzrogn', 'stack': 990, 'state': 'participating'}, {'name': 'Player2', 'uuid': 'fegsriopbfloxgogpaftmd', 'stack': 995, 'state': 'participating'}]",1000,Player1,20,1,flop,0.92,1
10,tuebqettggdxtfbkcgynhj,preflop,call,10,yarfefgrurlhysovrxcxea,preflop,call,0,tuebqettggdxtfbkcgynhj,flop,call,0,yarfefgrurlhysovrxcxea,flop,call,0,tuebqettggdxtfbkcgynhj,turn,call,0,yarfefgrurlhysovrxcxea,turn,call,0,tuebqettggdxtfbkcgynhj,river,call,0,yarfefgrurlhysovrxcxea,river,call,,,,,"S4,DA,S3,DT,C4",river,20,990,1,,,"H7,C5","[{'name': 'Player1', 'uuid': 'yarfefgrurlhysovrxcxea', 'stack': 990, 'state': 'participating'}, {'name': 'Player2', 'uuid': 'tuebqettggdxtfbkcgynhj', 'stack': 995, 'state': 'participating'}]",1000,Player1,20,1,river,0.07,0
10,zpdyxhjqzrapdtwmkiqnvk,preflop,call,10,tgcicpliswdndyjiumrxoj,preflop,call,990,zpdyxhjqzrapdtwmkiqnvk,flop,raise,990,tgcicpliswdndyjiumrxoj,flop,call,,,,,,,,,,,,,,,,,,,,,"C4,S4,H5",river,2000,0,1,,,"C8,S9","[{'name': 'Player1', 'uuid': 'tgcicpliswdndyjiumrxoj', 'stack': 990, 'state': 'participating'}, {'name': 'Player2', 'uuid': 'zpdyxhjqzrapdtwmkiqnvk', 'stack': 995, 'state': 'participating'}]",1000,Player1,1010,1,flop,0.31,0
10,ezleycaibqdqowgotvebsk,preflop,call,10,vxzplpmtgwmxkkgkjsouag,preflop,call,0,ezleycaibqdqowgotvebsk,flop,call,990,vxzplpmtgwmxkkgkjsouag,flop,raise,990,ezleycaibqdqowgotvebsk,flop,call,,,,,,,,,,,,,,,,,"CJ,C2,HK",river,2000,2000,1,,,"SK,SJ","[{'name': 'Player1', 'uuid': 'vxzplpmtgwmxkkgkjsouag', 'stack': 990, 'state': 'participating'}, {'name': 'Player2', 'uuid': 'ezleycaibqdqowgotvebsk', 'stack': 995, 'state': 'participating'}]",1000,Player1,20,1,flop,0.89,1
10,kdofgfsuuhnbobtrjfmffu,preflop,call,10,hisbxzxljfywqstsclyzen,preflop,call,0,kdofgfsuuhnbobtrjfmffu,flop,call,0,hisbxzxljfywqstsclyzen,flop,call,990,kdofgfsuuhnbobtrjfmffu,turn,raise,990,hisbxzxljfywqstsclyzen,turn,call,,,,,,,,,,,,,"H7,DK,HT,S2",river,2000,0,1,,,"S5,HA","[{'name': 'Player1', 'uuid': 'hisbxzxljfywqstsclyzen', 'stack': 990, 'state': 'participating'}, {'name': 'Player2', 'uuid': 'kdofgfsuuhnbobtrjfmffu', 'stack': 995, 'state': 'participating'}]",1000,Player1,1010,1,turn,0.43,0
10,gxkwyjcpedmwzojtkwdcgy,preflop,call,10,ajxogyvhpbsaqbztzanjoa,preflop,call,0,gxkwyjcpedmwzojtkwdcgy,flop,call,0,ajxogyvhpbsaqbztzanjoa,flop,call,0,gxkwyjcpedmwzojtkwdcgy,turn,call,990,ajxogyvhpbsaqbztzanjoa,turn,raise,990,gxkwyjcpedmwzojtkwdcgy,turn,call,,,,,,,,,"S9,D8,H5,D6",river,2000,2000,1,,,"S7,CA","[{'name': 'Player1', 'uuid': 'ajxogyvhpbsaqbztzanjoa', 'stack': 990, 'state': 'participating'}, {'name': 'Player2', 'uuid': 'gxkwyjcpedmwzojtkwdcgy', 'stack': 995, 'state': 'participating'}]",1000,Player1,20,1,turn,0.94,1
10,ugnapvqdydxdjphroogzpb,preflop,call,10,ykbuxpifibhbqheshmvljh,preflop,call,0,ugnapvqdydxdjphroogzpb,flop,call,0,ykbuxpifibhbqheshmvljh,flop,call,0,ugnapvqdydxdjphroogzpb,turn,call,990,ykbuxpifibhbqheshmvljh,turn,raise,990,ugnapvqdydxdjphroogzpb,turn,call,,,,,,,,,"S8,DK,C6,CA",river,2000,2000,1,,,"SA,D8","[{'name': 'Player1', 'uuid': 'ykbuxpifibhbqheshmvljh', 'stack': 990, 'state': 'participating'}, {'name': 'Player2', 'uuid': 'ugnapvqdydxdjphroogzpb', 'stack': 995, 'state': 'participating'}]",1000,Player1,20,1,turn,0.87,1
10,mkqcrittazxsfyvcfsdrto,preflop,call,10,ytlevnsbnvnlppbjwglskr,preflop,call,0,mkqcrittazxsfyvcfsdrto,flop,call,0,ytlevnsbnvnlppbjwglskr,flop,call,0,mkqcrittazxsfyvcfsdrto,turn,call,0,ytlevnsbnvnlppbjwglskr,turn,call,0,mkqcrittazxsfyvcfsdrto,river,call,0,ytlevnsbnvnlppbjwglskr,river,call,,,,,"CT,C4,H7,S9,D6",river,20,1010,1,,,"CK,CJ","[{'name': 'Player1', 'uuid': 'ytlevnsbnvnlppbjwglskr', 'stack': 990, 'state': 'participating'}, {'name': 'Player2', 'uuid': 'mkqcrittazxsfyvcfsdrto', 'stack': 995, 'state': 'participating'}]",1000,Player1,20,1,river,0.16,1
10,ieaezsgvieggcnljxyqekt,preflop,call,10,lzqwwmtqstvlcjjyhljvno,preflop,call,0,ieaezsgvieggcnljxyqekt,flop,call,0,lzqwwmtqstvlcjjyhljvno,flop,call,0,ieaezsgvieggcnljxyqekt,turn,call,0,lzqwwmtqstvlcjjyhljvno,turn,call,0,ieaezsgvieggcnljxyqekt,river,call,0,lzqwwmtqstvlcjjyhljvno,river,call,,,,,"HJ,C6,D6,S2,S4",river,20,1010,1,,,"S5,D2","[{'name': 'Player1', 'uuid': 'lzqwwmtqstvlcjjyhljvno', 'stack': 990, 'state': 'participating'}, {'name': 'Player2', 'uuid': 'ieaezsgvieggcnljxyqekt', 'stack': 995, 'state': 'participating'}]",1000,Player1,20,1,river,0.54,1
10,yameorlnsqrbxyajqcbegq,preflop,call,10,zuvdrlgspegavnevjcyfaj,preflop,call,0,yameorlnsqrbxyajqcbegq,flop,call,0,zuvdrlgspegavnevjcyfaj,flop,call,0,yameorlnsqrbxyajqcbegq,turn,call,0,zuvdrlgspegavnevjcyfaj,turn,call,0,yameorlnsqrbxyajqcbegq,river,call,0,zuvdrlgspegavnevjcyfaj,river,call,,,,,"D3,S2,H5,H6,C7",river,20,990,1,,,"CJ,D8","[{'name': 'Player1', 'uuid': 'zuvdrlgspegavnevjcyfaj', 'stack': 990, 'state': 'participating'}, {'name': 'Player2', 'uuid': 'yameorlnsqrbxyajqcbegq', 'stack': 995, 'state': 'participating'}]",1000,Player1,20,1,river,0.03,0
10,ltsemldhjmdufapjreuhar,preflop,call,10,hqmcjnesgrscdmlyvhlxrn,preflop,call,0,ltsemldhjmdufapjreuhar,flop,call,0,hqmcjnesgrscdmlyvhlxrn,flop,call,0,ltsemldhjmdufapjreuhar,turn,call,0,hqmcjnesgrscdmlyvhlxrn,turn,call,990,ltsemldhjmdufapjreuhar,river,raise,990,hqmcjnesgrscdmlyvhlxrn,river,call,,,,,"D2,HQ,CK,H3,CA",river,2000,0,1,,,"HT,D4","[{'name': 'Player1', 'uuid': 'hqmcjnesgrscdmlyvhlxrn', 'stack': 990, 'state': 'participating'}, {'name': 'Player2', 'uuid': 'ltsemldhjmdufapjreuhar', 'stack': 995, 'state': 'participating'}]",1000,Player1,1010,1,river,0.28,0
10,lnxqneaehvwmehbxszdcar,preflop,call,10,lwgehjfiszvammvgtjaxgu,preflop,call,990,lnxqneaehvwmehbxszdcar,flop,raise,990,lwgehjfiszvammvgtjaxgu,flop,call,,,,,,,,,,,,,,,,,,,,,"S4,D7,H3",river,2000,0,1,,,"DK,HJ","[{'name': 'Player1', 'uuid': 'lwgehjfiszvammvgtjaxgu', 'stack': 990, 'state': 'participating'}, {'name': 'Player2', 'uuid': 'lnxqneaehvwmehbxszdcar', 'stack': 995, 'state': 'participating'}]",1000,Player1,1010,1,flop,0.4,0
10,glcckdwscsksxkvqaivrec,preflop,call,10,tmiwetpuhyulaxpanyvuji,preflop,call,0,glcckdwscsksxkvqaivrec,flop,call,0,tmiwetpuhyulaxpanyvuji,flop,call,0,glcckdwscsksxkvqaivrec,turn,call,0,tmiwetpuhyulaxpanyvuji,turn,call,0,glcckdwscsksxkvqaivrec,river,call,0,tmiwetpuhyulaxpanyvuji,river,call,,,,,"DJ,ST,C7,HK,D6",river,20,1010,1,,,"H7,D8","[{'name': 'Player1', 'uuid': 'tmiwetpuhyulaxpanyvuji', 'stack': 990, 'state': 'participating'}, {'name': 'Player2', 'uuid': 'glcckdwscsksxkvqaivrec', 'stack': 995, 'state': 'participating'}]",1000,Player1,20,1,river,0.57,1
10,jirmxnhukzvxnvckcshumj,preflop,call,10,tubfimwizkxwlgaibojikc,preflop,call,0,jirmxnhukzvxnvckcshumj,flop,call,0,tubfimwizkxwlgaibojikc,flop,call,0,jirmxnhukzvxnvckcshumj,turn,call,0,tubfimwizkxwlgaibojikc,turn,call,0,jirmxnhukzvxnvckcshumj,river,call,0,tubfimwizkxwlgaibojikc,river,call,,,,,"HA,CK,D8,S4,HT",river,20,990,1,,,"H5,S6","[{'name': 'Player1', 'uuid': 'tubfimwizkxwlgaibojikc', 'stack': 990, 'state': 'participating'}, {'name': 'Player2', 'uuid': 'jirmxnhukzvxnvckcshumj', 'stack': 995, 'state': 'participating'}]",1000,Player1,20,1,river,0.06,0
10,myfazguxonqycgymwkwlkp,preflop,call,10,lolhwnchmqacuffsdptqvw,preflop,call,0,myfazguxonqycgymwkwlkp,flop,call,0,lolhwnchmqacuffsdptqvw,flop,call,0,myfazguxonqycgymwkwlkp,turn,call,0,lolhwnchmqacuffsdptqvw,turn,call,0,myfazguxonqycgymwkwlkp,river,call,990,lolhwnchmqacuffsdptqvw,river,raise,990,myfazguxonqycgymwkwlkp,river,call,"D7,SQ,CT,D8,D9",river,2000,2000,1,,,"D4,D6","[{'name': 'Player1', 'uuid': 'lolhwnchmqacuffsdptqvw', 'stack': 990, 'state': 'participating'}, {'name': 'Player2', 'uuid': 'myfazguxonqycgymwkwlkp', 'stack': 995, 'state': 'participating'}]",1000,Player1,20,1,river,0.99,1
10,qorzfdmqiyybxmqidvfrzb,preflop,call,10,imsjyilruxcjusovhhppbu,preflop,call,0,qorzfdmqiyybxmqidvfrzb,flop,call,0,imsjyilruxcjusovhhppbu,flop,call,0,qorzfdmqiyybxmqidvfrzb,turn,call,0,imsjyilruxcjusovhhppbu,turn,call,0,qorzfdmqiyybxmqidvfrzb,river,call,0,imsjyilruxcjusovhhppbu,river,call,,,,,"H3,CK,C6,D5,D7",river,20,1010,1,,,"SA,D9","[{'name': 'Player1', 'uuid': 'imsjyilruxcjusovhhppbu', 'stack': 990, 'state': 'participating'}, {'name': 'Player2', 'uuid': 'qorzfdmqiyybxmqidvfrzb', 'stack': 995, 'state': 'participating'}]",1000,Player1,20,1,river,0.22,1
10,amdaevqwtmmdacggvjcryz,preflop,call,10,jndcxaiihlfsyhdoubvqld,preflop,call,990,amdaevqwtmmdacggvjcryz,flop,raise,990,jndcxaiihlfsyhdoubvqld,flop,call,,,,,,,,,,,,,,,,,,,,,"S7,CQ,D7",river,2000,2000,1,,,"CJ,C2","[{'name': 'Player1', 'uuid': 'jndcxaiihlfsyhdoubvqld', 'stack': 990, 'state': 'participating'}, {'name': 'Player2', 'uuid': 'amdaevqwtmmdacggvjcryz', 'stack': 995, 'state': 'participating'}]",1000,Player1,1010,1,flop,0.35,1
10,rnfflcfqanagiwnlvjmqnd,preflop,call,10,yfihmlppciqqnobbtfscqj,preflop,call,0,rnfflcfqanagiwnlvjmqnd,flop,call,0,yfihmlppciqqnobbtfscqj,flop,call,0,rnfflcfqanagiwnlvjmqnd,turn,call,0,yfihmlppciqqnobbtfscqj,turn,call,0,rnfflcfqanagiwnlvjmqnd,river,call,0,yfihmlppciqqnobbtfscqj,river,call,,,,,"D3,S6,D9,S8,HT",river,20,1010,1,,,"CK,H2","[{'name': 'Player1', 'uuid': 'yfihmlppciqqnobbtfscqj', 'stack': 990, 'state': 'participating'}, {'name': 'Player2', 'uuid': 'rnfflcfqanagiwnlvjmqnd', 'stack': 995, 'state': 'participating'}]",1000,Player1,20,1,river,0.14,1
10,wrtfkgixmexpexsfpzlntz,preflop,call,10,vfqvhvrpqnwfyntniuuqsi,preflop,call,0,wrtfkgixmexpexsfpzlntz,flop,call,990,vfqvhvrpqnwfyntniuuqsi,flop,raise,990,wrtfkgixmexpexsfpzlntz,flop,call,,,,,,,,,,,,,,,,,"DK,HJ,C2",river,2000,2000,1,,,"H3,CJ","[{'name': 'Player1', 'uuid': 'vfqvhvrpqnwfyntniuuqsi', 'stack': 990, 'state': 'participating'}, {'name': 'Player2', 'uuid': 'wrtfkgixmexpexsfpzlntz', 'stack': 995, 'state': 'participating'}]",1000,Player1,20,1,flop,0.72,1
10,lnvxmzbeqacreixyesulpp,preflop,call,10,bqngciaqahfoxptzopgukd,preflop,call,0,lnvxmzbeqacreixyesulpp,flop,call,0,bqngciaqahfoxptzopgukd,flop,call,0,lnvxmzbeqacreixyesulpp,turn,call,990,bqngciaqahfoxptzopgukd,turn,raise,990,lnvxmzbeqacreixyesulpp,turn,call,,,,,,,,,"SQ,CQ,D6,SK",river,2000,2000,1,,,"DT,DK","[{'name': 'Player1', 'uuid': 'bqngciaqahfoxptzopgukd', 'stack': 990, 'state': 'participating'}, {'name': 'Player2', 'uuid': 'lnvxmzbeqacreixyesulpp', 'stack': 995, 'state': 'participating'}]",1000,Player1,20,1,turn,0.86,1
10,msxclvwxvarwsamirbydyb,preflop,call,10,rgupsvrchvetdzmympeisv,preflop,call,0,msxclvwxvarwsamirbydyb,flop,call,0,rgupsvrchvetdzmympeisv,flop,call,0,msxclvwxvarwsamirbydyb,turn,call,0,rgupsvrchvetdzmympeisv,turn,call,990,msxclvwxvarwsamirbydyb,river,raise,-1,rgupsvrchvetdzmympeisv,river,raise,,,,,"D6,S6,C2,C6,D4",river,1010,990,1,,,"DT,S2","[{'name': 'Player1', 'uuid': 'rgupsvrchvetdzmympeisv', 'stack': 990, 'state': 'participating'}, {'name': 'Player2', 'uuid': 'msxclvwxvarwsamirbydyb', 'stack': 995, 'state': 'participating'}]",1000,Player1,1010,1,river,0.77,0
10,zumkurducsvcoxzvzgtswg,preflop,call,10,egvikreogmlvdhisxvbwxw,preflop,call,0,zumkurducsvcoxzvzgtswg,flop,call,0,egvikreogmlvdhisxvbwxw,flop,call,0,zumkurducsvcoxzvzgtswg,turn,call,0,egvikreogmlvdhisxvbwxw,turn,call,0,zumkurducsvcoxzvzgtswg,river,call,0,egvikreogmlvdhisxvbwxw,river,call,,,,,"DT,CK,C4,ST,C6",river,20,990,1,,,"CQ,SJ","[{'name': 'Player1', 'uuid': 'egvikreogmlvdhisxvbwxw', 'stack': 990, 'state': 'participating'}, {'name': 'Player2', 'uuid': 'zumkurducsvcoxzvzgtswg', 'stack': 995, 'state': 'participating'}]",1000,Player1,20,1,river,0.36,0
10,szmpwyetsadiizvxjuvraa,preflop,call,1000,kkpcbmodmrhsihookubcdv,preflop,raise,1000,szmpwyetsadiizvxjuvraa,preflop,call,,,,,,,,,,,,,,,,,,,,,,,,,,river,2000,2000,1,,,"SJ,HJ","[{'name': 'Player1', 'uuid': 'kkpcbmodmrhsihookubcdv', 'stack': 990, 'state': 'participating'}, {'name': 'Player2', 'uuid': 'szmpwyetsadiizvxjuvraa', 'stack': 995, 'state': 'participating'}]",1000,Player1,20,1,preflop,0.83,1
10,omnftxhozflcukyflmwvyt,preflop,call,10,qejmlcqrsqkdvylustmpky,preflop,call,0,omnftxhozflcukyflmwvyt,flop,call,0,qejmlcqrsqkdvylustmpky,flop,call,0,omnftxhozflcukyflmwvyt,turn,call,0,qejmlcqrsqkdvylustmpky,turn,call,0,omnftxhozflcukyflmwvyt,river,call,0,qejmlcqrsqkdvylustmpky,river,call,,,,,"C2,D6,D3,D2,S9",river,20,1010,1,,,"DA,HJ","[{'name': 'Player1', 'uuid': 'qejmlcqrsqkdvylustmpky', 'stack': 990, 'state': 'participating'}, {'name': 'Player2', 'uuid': 'omnftxhozflcukyflmwvyt', 'stack': 995, 'state': 'participating'}]",1000,Player1,20,1,river,0.4,1
10,umfidvvfyqunlcjrxnqemg,preflop,call,10,rmutphyalzjioqyqvbcrup,preflop,call,0,umfidvvfyqunlcjrxnqemg,flop,call,0,rmutphyalzjioqyqvbcrup,flop,call,0,umfidvvfyqunlcjrxnqemg,turn,call,0,rmutphyalzjioqyqvbcrup,turn,call,0,umfidvvfyqunlcjrxnqemg,river,call,0,rmutphyalzjioqyqvbcrup,river,call,,,,,"D9,DQ,C8,HT,H7",river,20,990,1,,,"D8,D3","[{'name': 'Player1', 'uuid': 'rmutphyalzjioqyqvbcrup', 'stack': 990, 'state': 'participating'}, {'name': 'Player2', 'uuid': 'umfidvvfyqunlcjrxnqemg', 'stack': 995, 'state': 'participating'}]",1000,Player1,20,1,river,0.29,0
10,eocluifopbppieyfbajmvh,preflop,call,10,zjdeofrwbmfhbrolxdrufo,preflop,call,0,eocluifopbppieyfbajmvh,flop,call,0,zjdeofrwbmfhbrolxdrufo,flop,call,0,eocluifopbppieyfbajmvh,turn,call,0,zjdeofrwbmfhbrolxdrufo,turn,call,990,eocluifopbppieyfbajmvh,river,raise,990,zjdeofrwbmfhbrolxdrufo,river,call,,,,,"CK,H6,C4,C9,H8",river,2000,0,1,,,"ST,DJ","[{'name': 'Player1', 'uuid': 'zjdeofrwbmfhbrolxdrufo', 'stack': 990, 'state': 'participating'}, {'name': 'Player2', 'uuid': 'eocluifopbppieyfbajmvh', 'stack': 995, 'state': 'participating'}]",1000,Player1,1010,1,river,0.12,0
10,macuallufiqjopfgfwzcwk,preflop,call,10,ekflfkozaftmbtkumvzpyd,preflop,call,0,macuallufiqjopfgfwzcwk,flop,call,0,ekflfkozaftmbtkumvzpyd,flop,call,0,macuallufiqjopfgfwzcwk,turn,call,0,ekflfkozaftmbtkumvzpyd,turn,call,0,macuallufiqjopfgfwzcwk,river,call,0,ekflfkozaftmbtkumvzpyd,river,call,,,,,"SK,S3,D3,DK,CJ",river,20,990,1,,,"C8,C2","[{'name': 'Player1', 'uuid': 'ekflfkozaftmbtkumvzpyd', 'stack': 990, 'state': 'participating'}, {'name': 'Player2', 'uuid': 'macuallufiqjopfgfwzcwk', 'stack': 995, 'state': 'participating'}]",1000,Player1,20,1,river,0.19,0
1000,jwseurpxqqgyeomwjcztqq,preflop,raise,1000,xwwcwebzapgrfzzfqftxzy,preflop,call,,,,,,,,,,,,,,,,,,,,,,,,,,,,,,river,2000,0,1,,,"S9,SJ","[{'name': 'Player1', 'uuid': 'xwwcwebzapgrfzzfqftxzy', 'stack': 990, 'state': 'participating'}, {'name': 'Player2', 'uuid': 'jwseurpxqqgyeomwjcztqq', 'stack': 995, 'state': 'participating'}]",1000,Player1,1010,1,preflop,0.5,0
10,cwmfihlkqkvlramewdqzzt,preflop,call,10,jtvmhquljkkyioprmjpojs,preflop,call,0,cwmfihlkqkvlramewdqzzt,flop,call,0,jtvmhquljkkyioprmjpojs,flop,call,0,cwmfihlkqkvlramewdqzzt,turn,call,0,jtvmhquljkkyioprmjpojs,turn,call,0,cwmfihlkqkvlramewdqzzt,river,call,990,jtvmhquljkkyioprmjpojs,river,raise,990,cwmfihlkqkvlramewdqzzt,river,call,"H5,DQ,S9,CT,DJ",river,2000,2000,1,,,"C8,S8","[{'name': 'Player1', 'uuid': 'jtvmhquljkkyioprmjpojs', 'stack': 990, 'state': 'participating'}, {'name': 'Player2', 'uuid': 'cwmfihlkqkvlramewdqzzt', 'stack': 995, 'state': 'participating'}]",1000,Player1,20,1,river,0.89,1
10,crowsjrwqtfqjdvriuefgo,preflop,call,10,chchdhypzpghbifqgejonh,preflop,call,0,crowsjrwqtfqjdvriuefgo,flop,call,0,chchdhypzpghbifqgejonh,flop,call,990,crowsjrwqtfqjdvriuefgo,turn,raise,-1,chchdhypzpghbifqgejonh,turn,raise,,,,,,,,,,,,,"H5,HT,S9,C2",turn,1010,990,1,,,"D9,D7","[{'name': 'Player1', 'uuid': 'chchdhypzpghbifqgejonh', 'stack': 990, 'state': 'participating'}, {'name': 'Player2', 'uuid': 'crowsjrwqtfqjdvriuefgo', 'stack': 995, 'state': 'participating'}]",1000,Player1,1010,1,turn,0.72,0
10,oerwpjsoudhlyspryjpwii,preflop,call,10,vwagxbueubgmfrrgwdtxzp,preflop,call,0,oerwpjsoudhlyspryjpwii,flop,call,0,vwagxbueubgmfrrgwdtxzp,flop,call,0,oerwpjsoudhlyspryjpwii,turn,call,0,vwagxbueubgmfrrgwdtxzp,turn,call,0,oerwpjsoudhlyspryjpwii,river,call,0,vwagxbueubgmfrrgwdtxzp,river,call,,,,,"DT,HK,D2,C4,ST",river,20,1010,1,,,"D7,C7","[{'name': 'Player1', 'uuid': 'vwagxbueubgmfrrgwdtxzp', 'stack': 990, 'state': 'participating'}, {'name': 'Player2', 'uuid': 'oerwpjsoudhlyspryjpwii', 'stack': 995, 'state': 'participating'}]",1000,Player1,20,1,river,0.65,1
10,pcfnkttofslejhdgvqoeaw,preflop,call,10,arbigtzzakkmgxqhkrplbd,preflop,call,990,pcfnkttofslejhdgvqoeaw,flop,raise,-1,arbigtzzakkmgxqhkrplbd,flop,raise,,,,,,,,,,,,,,,,,,,,,"H2,H9,HJ",flop,1010,990,1,,,"H7,H6","[{'name': 'Player1', 'uuid': 'arbigtzzakkmgxqhkrplbd', 'stack': 990, 'state': 'participating'}, {'name': 'Player2', 'uuid': 'pcfnkttofslejhdgvqoeaw', 'stack': 995, 'state': 'participating'}]",1000,Player1,1010,1,flop,0.87,0
10,wapglusrnnztjncfdvcrhs,preflop,call,10,ivgomjobaltzmyyetshfyc,preflop,call,990,wapglusrnnztjncfdvcrhs,flop,raise,990,ivgomjobaltzmyyetshfyc,flop,call,,,,,,,,,,,,,,,,,,,,,"D7,C3,DA",river,2000,2000,1,,,"HT,D5","[{'name': 'Player1', 'uuid': 'ivgomjobaltzmyyetshfyc', 'stack': 990, 'state': 'participating'}, {'name': 'Player2', 'uuid': 'wapglusrnnztjncfdvcrhs', 'stack': 995, 'state': 'participating'}]",1000,Player1,1010,1,flop,0.4,1
10,qodmngmgtdcksvygbqebmu,preflop,call,10,vpyqcklovtpcvkxnlzavwv,preflop,call,0,qodmngmgtdcksvygbqebmu,flop,call,0,vpyqcklovtpcvkxnlzavwv,flop,call,0,qodmngmgtdcksvygbqebmu,turn,call,0,vpyqcklovtpcvkxnlzavwv,turn,call,990,qodmngmgtdcksvygbqebmu,river,raise,990,vpyqcklovtpcvkxnlzavwv,river,call,,,,,"S4,H8,DA,S3,HT",river,2000,0,1,,,"C5,H3","[{'name': 'Player1', 'uuid': 'vpyqcklovtpcvkxnlzavwv', 'stack': 990, 'state': 'participating'}, {'name': 'Player2', 'uuid': 'qodmngmgtdcksvygbqebmu', 'stack': 995, 'state': 'participating'}]",1000,Player1,1010,1,river,0.54,0
10,fqzkuivuajenkkdzncihvj,preflop,call,10,wswsolhxwchrlqztgivgza,preflop,call,0,fqzkuivuajenkkdzncihvj,flop,call,0,wswsolhxwchrlqztgivgza,flop,call,0,fqzkuivuajenkkdzncihvj,turn,call,0,wswsolhxwchrlqztgivgza,turn,call,0,fqzkuivuajenkkdzncihvj,river,call,0,wswsolhxwchrlqztgivgza,river,call,,,,,"H7,S7,S2,D9,S3",river,20,1010,1,,,"C2,D8","[{'name': 'Player1', 'uuid': 'wswsolhxwchrlqztgivgza', 'stack': 990, 'state': 'participating'}, {'name': 'Player2', 'uuid': 'fqzkuivuajenkkdzncihvj', 'stack': 995, 'state': 'participating'}]",1000,Player1,20,1,river,0.56,1
10,zqvmmqjbendnldcllltmbh,preflop,call,10,bzqdggokjadobjftukvbuy,preflop,call,0,zqvmmqjbendnldcllltmbh,flop,call,0,bzqdggokjadobjftukvbuy,flop,call,0,zqvmmqjbendnldcllltmbh,turn,call,0,bzqdggokjadobjftukvbuy,turn,call,0,zqvmmqjbendnldcllltmbh,river,call,0,bzqdggokjadobjftukvbuy,river,call,,,,,"S4,S5,C3,C4,CK",river,20,990,1,,,"CJ,H7","[{'name': 'Player1', 'uuid': 'bzqdggokjadobjftukvbuy', 'stack': 990, 'state': 'participating'}, {'name': 'Player2', 'uuid': 'zqvmmqjbendnldcllltmbh', 'stack': 995, 'state': 'participating'}]",1000,Player1,20,1,river,0.26,0
10,kesyxodbfagovhcmrmvcbw,preflop,call,10,rgsxrokqfmolreuuibzhob,preflop,call,0,kesyxodbfagovhcmrmvcbw,flop,call,0,rgsxrokqfmolreuuibzhob,flop,call,0,kesyxodbfagovhcmrmvcbw,turn,call,0,rgsxrokqfmolreuuibzhob,turn,call,0,kesyxodbfagovhcmrmvcbw,river,call,0,rgsxrokqfmolreuuibzhob,river,call,,,,,"HJ,HQ,C8,D2,H2",river,20,990,1,,,"D3,HA","[{'name': 'Player1', 'uuid': 'rgsxrokqfmolreuuibzhob', 'stack': 990, 'state': 'participating'}, {'name': 'Player2', 'uuid': 'kesyxodbfagovhcmrmvcbw', 'stack': 995, 'state': 'participating'}]",1000,Player1,20,1,river,0.25,0
10,rkdjolmfvrhmslneyowuhe,preflop,call,10,dpsfnvsrcispytlzkwcmkl,preflop,call,990,rkdjolmfvrhmslneyowuhe,flop,raise,990,dpsfnvsrcispytlzkwcmkl,flop,call,,,,,,,,,,,,,,,,,,,,,"S4,S2,C2",river,2000,0,1,,,"S9,DK","[{'name': 'Player1', 'uuid': 'dpsfnvsrcispytlzkwcmkl', 'stack': 990, 'state': 'participating'}, {'name': 'Player2', 'uuid': 'rkdjolmfvrhmslneyowuhe', 'stack': 995, 'state': 'participating'}]",1000,Player1,1010,1,flop,0.57,0
10,eoinltjxbsiopggvnmsmnr,preflop,call,10,svtqhbwkwwowwzcboorvtf,preflop,call,990,eoinltjxbsiopggvnmsmnr,flop,raise,990,svtqhbwkwwowwzcboorvtf,flop,call,,,,,,,,,,,,,,,,,,,,,"CJ,D8,SQ",river,2000,0,1,,,"DK,S6","[{'name': 'Player1', 'uuid': 'svtqhbwkwwowwzcboorvtf', 'stack': 990, 'state': 'participating'}, {'name': 'Player2', 'uuid': 'eoinltjxbsiopggvnmsmnr', 'stack': 995, 'state': 'participating'}]",1000,Player1,1010,1,flop,0.34,0
10,rttdyrlufjyuxgpvqqeweg,preflop,call,10,zvxbnqornepxrkniybjetf,preflop,call,0,rttdyrlufjyuxgpvqqeweg,flop,call,0,zvxbnqornepxrkniybjetf,flop,call,0,rttdyrlufjyuxgpvqqeweg,turn,call,990,zvxbnqornepxrkniybjetf,turn,raise,990,rttdyrlufjyuxgpvqqeweg,turn,call,,,,,,,,,"S3,D7,SK,S2",river,2000,2000,1,,,"C2,H2","[{'name': 'Player1', 'uuid': 'zvxbnqornepxrkniybjetf', 'stack': 990, 'state': 'participating'}, {'name': 'Player2', 'uuid': 'rttdyrlufjyuxgpvqqeweg', 'stack': 995, 'state': 'participating'}]",1000,Player1,20,1,turn,0.87,1
10,nvailvszrtrcszpoowfpvg,preflop,call,10,anknibaelzobsfbksnpfpt,preflop,call,0,nvailvszrtrcszpoowfpvg,flop,call,990,anknibaelzobsfbksnpfpt,flop,raise,990,nvailvszrtrcszpoowfpvg,flop,call,,,,,,,,,,,,,,,,,"HK,H8,S4",river,2000,2000,1,,,"H4,H9","[{'name': 'Player1', 'uuid': 'anknibaelzobsfbksnpfpt', 'stack': 990, 'state': 'participating'}, {'name': 'Player2', 'uuid': 'nvailvszrtrcszpoowfpvg', 'stack': 995, 'state': 'participating'}]",1000,Player1,20,1,flop,0.74,1
10,pppafwxbgwurdqpiixuzpp,preflop,call,1000,exhiezjiqkikknixiiaeir,preflop,raise,1000,pppafwxbgwurdqpiixuzpp,preflop,call,,,,,,,,,,,,,,,,,,,,,,,,,,river,2000,2000,1,,,"CA,HK","[{'name': 'Player1', 'uuid': 'exhiezjiqkikknixiiaeir', 'stack': 990, 'state': 'participating'}, {'name': 'Player2', 'uuid': 'pppafwxbgwurdqpiixuzpp', 'stack': 995, 'state': 'participating'}]",1000,Player1,20,1,preflop,0.7,1
10,zhbhcgcgngtweigxwudnta,preflop,call,10,fdrcsvbuihywwsnilecoqp,preflop,call,0,zhbhcgcgngtweigxwudnta,flop,call,0,fdrcsvbuihywwsnilecoqp,flop,call,0,zhbhcgcgngtweigxwudnta,turn,call,0,fdrcsvbuihywwsnilecoqp,turn,call,0,zhbhcgcgngtweigxwudnta,river,call,0,fdrcsvbuihywwsnilecoqp,river,call,,,,,"S4,DQ,HK,HA,S8",river,20,1010,1,,,"C8,H9","[{'name': 'Player1', 'uuid': 'fdrcsvbuihywwsnilecoqp', 'stack': 990, 'state': 'participating'}, {'name': 'Player2', 'uuid': 'zhbhcgcgngtweigxwudnta', 'stack': 995, 'state': 'participating'}]",1000,Player1,20,1,river,0.64,1
10,tgylofqsafoddobejvcxqr,preflop,call,10,tgfzreqzagkniehajjkrir,preflop,call,0,tgylofqsafoddobejvcxqr,flop,call,0,tgfzreqzagkniehajjkrir,flop,call,0,tgylofqsafoddobejvcxqr,turn,call,0,tgfzreqzagkniehajjkrir,turn,call,0,tgylofqsafoddobejvcxqr,river,call,0,tgfzreqzagkniehajjkrir,river,call,,,,,"H4,ST,S2,D6,S5",river,20,1010,1,,,"H5,S9","[{'name': 'Player1', 'uuid': 'tgfzreqzagkniehajjkrir', 'stack': 990, 'state': 'participating'}, {'name': 'Player2', 'uuid': 'tgylofqsafoddobejvcxqr', 'stack': 995, 'state': 'participating'}]",1000,Player1,20,1,river,0.44,1
10,sznwclqwmnwczsfxyncvcu,preflop,call,10,mqhzrwhaobzizvbhmiefcn,preflop,call,0,sznwclqwmnwczsfxyncvcu,flop,call,0,mqhzrwhaobzizvbhmiefcn,flop,call,0,sznwclqwmnwczsfxyncvcu,turn,call,0,mqhzrwhaobzizvbhmiefcn,turn,call,0,sznwclqwmnwczsfxyncvcu,river,call,0,mqhzrwhaobzizvbhmiefcn,river,call,,,,,"S9,H9,S3,DJ,C8",river,20,1010,1,,,"S5,D5","[{'name': 'Player1', 'uuid': 'mqhzrwhaobzizvbhmiefcn', 'stack': 990, 'state': 'participating'}, {'name': 'Player2', 'uuid': 'sznwclqwmnwczsfxyncvcu', 'stack': 995, 'state': 'participating'}]",1000,Player1,20,1,river,0.63,1
10,sxieolxeuzrefycyqaxtvq,preflop,call,10,fwhircyhjzgwmphuybgflp,preflop,call,990,sxieolxeuzrefycyqaxtvq,flop,raise,990,fwhircyhjzgwmphuybgflp,flop,call,,,,,,,,,,,,,,,,,,,,,"C9,D6,DA",river,2000,0,1,,,"HQ,H4","[{'name': 'Player1', 'uuid': 'fwhircyhjzgwmphuybgflp', 'stack': 990, 'state': 'participating'}, {'name': 'Player2', 'uuid': 'sxieolxeuzrefycyqaxtvq', 'stack': 995, 'state': 'participating'}]",1000,Player1,1010,1,flop,0.46,0
10,kgbgtaongtbfdxygqtvnkw,preflop,call,10,athapvcubebdvdiynpdfrz,preflop,call,0,kgbgtaongtbfdxygqtvnkw,flop,call,0,athapvcubebdvdiynpdfrz,flop,call,0,kgbgtaongtbfdxygqtvnkw,turn,call,990,athapvcubebdvdiynpdfrz,turn,raise,990,kgbgtaongtbfdxygqtvnkw,turn,call,,,,,,,,,"SA,D3,C6,HT",river,2000,2000,1,,,"DT,S7","[{'name': 'Player1', 'uuid': 'athapvcubebdvdiynpdfrz', 'stack': 990, 'state': 'participating'}, {'name': 'Player2', 'uuid': 'kgbgtaongtbfdxygqtvnkw', 'stack': 995, 'state': 'participating'}]",1000,Player1,20,1,turn,0.76,1
10,zfrpjrnqoigvvqkaqexwzg,preflop,call,10,diweeirjklfcdbkqwayfge,preflop,call,0,zfrpjrnqoigvvqkaqexwzg,flop,call,0,diweeirjklfcdbkqwayfge,flop,call,0,zfrpjrnqoigvvqkaqexwzg,turn,call,0,diweeirjklfcdbkqwayfge,turn,call,990,zfrpjrnqoigvvqkaqexwzg,river,raise,990,diweeirjklfcdbkqwayfge,river,call,,,,,"DK,S2,D4,H5,CK",river,2000,0,1,,,"SQ,H8","[{'name': 'Player1', 'uuid': 'diweeirjklfcdbkqwayfge', 'stack': 990, 'state': 'participating'}, {'name': 'Player2', 'uuid': 'zfrpjrnqoigvvqkaqexwzg', 'stack': 995, 'state': 'participating'}]",1000,Player1,1010,1,river,0.32,0
10,wsnvyaqkqbmxvoohbwnhnx,preflop,call,10,jltrrnfgcgxplwcesufukk,preflop,call,0,wsnvyaqkqbmxvoohbwnhnx,flop,call,0,jltrrnfgcgxplwcesufukk,flop,call,0,wsnvyaqkqbmxvoohbwnhnx,turn,call,0,jltrrnfgcgxplwcesufukk,turn,call,0,wsnvyaqkqbmxvoohbwnhnx,river,call,990,jltrrnfgcgxplwcesufukk,river,raise,990,wsnvyaqkqbmxvoohbwnhnx,river,call,"DQ,C9,SQ,CQ,D5",river,2000,2000,1,,,"ST,CA","[{'name': 'Player1', 'uuid': 'jltrrnfgcgxplwcesufukk', 'stack': 990, 'state': 'participating'}, {'name': 'Player2', 'uuid': 'wsnvyaqkqbmxvoohbwnhnx', 'stack': 995, 'state': 'participating'}]",1000,Player1,20,1,river,0.7,1
1000,fxrzuetutjmmejuigbifsz,preflop,raise,1000,ybufhldnvmknqvomnolyzz,preflop,call,,,,,,,,,,,,,,,,,,,,,,,,,,,,,,river,2000,0,1,,,"H7,DJ","[{'name': 'Player1', 'uuid': 'ybufhldnvmknqvomnolyzz', 'stack': 990, 'state': 'participating'}, {'name': 'Player2', 'uuid': 'fxrzuetutjmmejuigbifsz', 'stack': 995, 'state': 'participating'}]",1000,Player1,1010,1,preflop,0.44,0
10,otapuvirazexbdztfmhwzx,preflop,call,10,fzyoeiflgzisdjenftjwul,preflop,call,990,otapuvirazexbdztfmhwzx,flop,raise,990,fzyoeiflgzisdjenftjwul,flop,call,,,,,,,,,,,,,,,,,,,,,"H5,C7,HK",river,2000,0,1,,,"S9,D4","[{'name': 'Player1', 'uuid': 'fzyoeiflgzisdjenftjwul', 'stack': 990, 'state': 'participating'}, {'name': 'Player2', 'uuid': 'otapuvirazexbdztfmhwzx', 'stack': 995, 'state': 'participating'}]",1000,Player1,1010,1,flop,0.25,0
10,mehgxhrxqquudajmdritkr,preflop,call,10,leptpnupionrjspqckvayf,preflop,call,0,mehgxhrxqquudajmdritkr,flop,call,0,leptpnupionrjspqckvayf,flop,call,990,mehgxhrxqquudajmdritkr,turn,raise,990,leptpnupionrjspqckvayf,turn,call,,,,,,,,,,,,,"DQ,HA,D5,S6",river,2000,0,1,,,"C2,H3","[{'name': 'Player1', 'uuid': 'leptpnupionrjspqckvayf', 'stack': 990, 'state': 'participating'}, {'name': 'Player2', 'uuid': 'mehgxhrxqquudajmdritkr', 'stack': 995, 'state': 'participating'}]",1000,Player1,1010,1,turn,0.1,0
10,bmqdhskaluwpmjwoawsfpb,preflop,call,10,zdtpnkcptzknmrbdjzogdx,preflop,call,0,bmqdhskaluwpmjwoawsfpb,flop,call,0,zdtpnkcptzknmrbdjzogdx,flop,call,0,bmqdhskaluwpmjwoawsfpb,turn,call,990,zdtpnkcptzknmrbdjzogdx,turn,raise,990,bmqdhskaluwpmjwoawsfpb,turn,call,,,,,,,,,"DA,C9,H7,H2",river,2000,2000,1,,,"C7,C2","[{'name': 'Player1', 'uuid': 'zdtpnkcptzknmrbdjzogdx', 'stack': 990, 'state': 'participating'}, {'name': 'Player2', 'uuid': 'bmqdhskaluwpmjwoawsfpb', 'stack': 995, 'state': 'participating'}]",1000,Player1,20,1,turn,0.9,1
10,vubvrouszixuwkafrahgvp,preflop,call,10,oasstdnbdqucxeyfdbxuvp,preflop,call,0,vubvrouszixuwkafrahgvp,flop,call,0,oasstdnbdqucxeyfdbxuvp,flop,call,0,vubvrouszixuwkafrahgvp,turn,call,0,oasstdnbdqucxeyfdbxuvp,turn,call,0,vubvrouszixuwkafrahgvp,river,call,0,oasstdnbdqucxeyfdbxuvp,river,call,,,,,"HQ,DJ,S8,SQ,H2",river,20,1010,1,,,"D7,S2","[{'name': 'Player1', 'uuid': 'oasstdnbdqucxeyfdbxuvp', 'stack': 990, 'state': 'participating'}, {'name': 'Player2', 'uuid': 'vubvrouszixuwkafrahgvp', 'stack': 995, 'state': 'participating'}]",1000,Player1,20,1,river,0.6,1
10,fbgncdgnnvjlxmtzmpklkr,preflop,call,10,nbhimdeylknlbwhkmworgb,preflop,call,0,fbgncdgnnvjlxmtzmpklkr,flop,call,0,nbhimdeylknlbwhkmworgb,flop,call,0,fbgncdgnnvjlxmtzmpklkr,turn,call,0,nbhimdeylknlbwhkmworgb,turn,call,0,fbgncdgnnvjlxmtzmpklkr,river,call,0,nbhimdeylknlbwhkmworgb,river,call,,,,,"C5,D9,H8,DA,ST",river,20,1010,1,,,"C8,D7","[{'name': 'Player1', 'uuid': 'nbhimdeylknlbwhkmworgb', 'stack': 990, 'state': 'participating'}, {'name': 'Player2', 'uuid': 'fbgncdgnnvjlxmtzmpklkr', 'stack': 995, 'state': 'participating'}]",1000,Player1,20,1,river,0.53,1
10,buljbqhghydqgytokgywsu,preflop,call,10,nvwgzlefxanjmwcwvziwmr,preflop,call,0,buljbqhghydqgytokgywsu,flop,call,0,nvwgzlefxanjmwcwvziwmr,flop,call,0,buljbqhghydqgytokgywsu,turn,call,0,nvwgzlefxanjmwcwvziwmr,turn,call,0,buljbqhghydqgytokgywsu,river,call,0,nvwgzlefxanjmwcwvziwmr,river,call,,,,,"D5,C4,C8,HQ,S5",river,20,1010,1,,,"S9,HK","[{'name': 'Player1', 'uuid': 'nvwgzlefxanjmwcwvziwmr', 'stack': 990, 'state': 'participating'}, {'name': 'Player2', 'uuid': 'buljbqhghydqgytokgywsu', 'stack': 995, 'state': 'participating'}]",1000,Player1,20,1,river,0.31,1
10,mxbmjhvrkqvywcyodgpepq,preflop,call,10,ojtwxcwtopskfslvhrpqqi,preflop,call,0,mxbmjhvrkqvywcyodgpepq,flop,call,0,ojtwxcwtopskfslvhrpqqi,flop,call,0,mxbmjhvrkqvywcyodgpepq,turn,call,0,ojtwxcwtopskfslvhrpqqi,turn,call,0,mxbmjhvrkqvywcyodgpepq,river,call,0,ojtwxcwtopskfslvhrpqqi,river,call,,,,,"S5,DJ,S4,H8,D2",river,20,1010,1,,,"H2,D6","[{'name': 'Player1', 'uuid': 'ojtwxcwtopskfslvhrpqqi', 'stack': 990, 'state': 'participating'}, {'name': 'Player2', 'uuid': 'mxbmjhvrkqvywcyodgpepq', 'stack': 995, 'state': 'participating'}]",1000,Player1,20,1,river,0.47,1
10,jfsgqccgcycishtalalewq,preflop,call,10,rrzdotpxauibagykzddrfs,preflop,call,0,jfsgqccgcycishtalalewq,flop,call,0,rrzdotpxauibagykzddrfs,flop,call,0,jfsgqccgcycishtalalewq,turn,call,0,rrzdotpxauibagykzddrfs,turn,call,0,jfsgqccgcycishtalalewq,river,call,990,rrzdotpxauibagykzddrfs,river,raise,990,jfsgqccgcycishtalalewq,river,call,"SQ,H9,C9,SJ,DJ",river,2000,2000,1,,,"S4,HJ","[{'name': 'Player1', 'uuid': 'rrzdotpxauibagykzddrfs', 'stack': 990, 'state': 'participating'}, {'name': 'Player2', 'uuid': 'jfsgqccgcycishtalalewq', 'stack': 995, 'state': 'participating'}]",1000,Player1,20,1,river,0.98,1
10,pdaamcprsylvuxjkjafwyt,preflop,call,10,vavuyjdhymtrhdojktwfse,preflop,call,0,pdaamcprsylvuxjkjafwyt,flop,call,0,vavuyjdhymtrhdojktwfse,flop,call,990,pdaamcprsylvuxjkjafwyt,turn,raise,990,vavuyjdhymtrhdojktwfse,turn,call,,,,,,,,,,,,,"C3,C2,ST,S3",river,2000,0,1,,,"H6,H5","[{'name': 'Player1', 'uuid': 'vavuyjdhymtrhdojktwfse', 'stack': 990, 'state': 'participating'}, {'name': 'Player2', 'uuid': 'pdaamcprsylvuxjkjafwyt', 'stack': 995, 'state': 'participating'}]",1000,Player1,1010,1,turn,0.11,0
10,hrqdbuvvlwunnlnqapeqhn,preflop,call,10,yrihpqlxdyvtvtqurnkavf,preflop,call,0,hrqdbuvvlwunnlnqapeqhn,flop,call,0,yrihpqlxdyvtvtqurnkavf,flop,call,0,hrqdbuvvlwunnlnqapeqhn,turn,call,0,yrihpqlxdyvtvtqurnkavf,turn,call,0,hrqdbuvvlwunnlnqapeqhn,river,call,0,yrihpqlxdyvtvtqurnkavf,river,call,,,,,"H6,C3,SQ,CQ,DJ",river,20,1010,1,,,"HT,D7","[{'name': 'Player1', 'uuid': 'yrihpqlxdyvtvtqurnkavf', 'stack': 990, 'state': 'participating'}, {'name': 'Player2', 'uuid': 'hrqdbuvvlwunnlnqapeqhn', 'stack': 995, 'state': 'participating'}]",1000,Player1,20,1,river,0.25,1
10,hdvvokqerlwyzpasgrqtsv,preflop,call,10,kqjpppznieywperrbkuykt,preflop,call,990,hdvvokqerlwyzpasgrqtsv,flop,raise,990,kqjpppznieywperrbkuykt,flop,call,,,,,,,,,,,,,,,,,,,,,"S4,C6,D9",river,2000,2000,1,,,"D4,H8","[{'name': 'Player1', 'uuid': 'kqjpppznieywperrbkuykt', 'stack': 990, 'state': 'participating'}, {'name': 'Player2', 'uuid': 'hdvvokqerlwyzpasgrqtsv', 'stack': 995, 'state': 'participating'}]",1000,Player1,1010,1,flop,0.61,1
10,nouslayexdvyzljvfvpiap,preflop,call,10,zlmrvwlvzhxklcxqzsdrim,preflop,call,0,nouslayexdvyzljvfvpiap,flop,call,0,zlmrvwlvzhxklcxqzsdrim,flop,call,990,nouslayexdvyzljvfvpiap,turn,raise,990,zlmrvwlvzhxklcxqzsdrim,turn,call,,,,,,,,,,,,,"D6,CT,H4,H9",river,2000,0,1,,,"H6,S7","[{'name': 'Player1', 'uuid': 'zlmrvwlvzhxklcxqzsdrim', 'stack': 990, 'state': 'participating'}, {'name': 'Player2', 'uuid': 'nouslayexdvyzljvfvpiap', 'stack': 995, 'state': 'participating'}]",1000,Player1,1010,1,turn,0.68,0
10,jjgemvibhdriuhnghwgyub,preflop,call,10,rdxtlxxtbdbximiubpusfl,preflop,call,0,jjgemvibhdriuhnghwgyub,flop,call,0,rdxtlxxtbdbximiubpusfl,flop,call,990,jjgemvibhdriuhnghwgyub,turn,raise,-1,rdxtlxxtbdbximiubpusfl,turn,raise,,,,,,,,,,,,,"H5,H9,D9,HT",turn,1010,990,1,,,"DT,D3","[{'name': 'Player1', 'uuid': 'rdxtlxxtbdbximiubpusfl', 'stack': 990, 'state': 'participating'}, {'name': 'Player2', 'uuid': 'jjgemvibhdriuhnghwgyub', 'stack': 995, 'state': 'participating'}]",1000,Player1,1010,1,turn,0.7,0
10,vuxkszxyaigfimelgiesxp,preflop,call,10,dhfhzqqlqwqokflivpwgsa,preflop,call,0,vuxkszxyaigfimelgiesxp,flop,call,0,dhfhzqqlqwqokflivpwgsa,flop,call,0,vuxkszxyaigfimelgiesxp,turn,call,0,dhfhzqqlqwqokflivpwgsa,turn,call,0,vuxkszxyaigfimelgiesxp,river,call,0,dhfhzqqlqwqokflivpwgsa,river,call,,,,,"CK,D5,DT,SJ,H6",river,20,990,1,,,"HA,D2","[{'name': 'Player1', 'uuid': 'dhfhzqqlqwqokflivpwgsa', 'stack': 990, 'state': 'participating'}, {'name': 'Player2', 'uuid': 'vuxkszxyaigfimelgiesxp', 'stack': 995, 'state': 'participating'}]",1000,Player1,20,1,river,0.3,0
10,kiozspukscxxtkyrjtchiw,preflop,call,10,ivbdopzkxhmakuoifhbtpk,preflop,call,0,kiozspukscxxtkyrjtchiw,flop,call,0,ivbdopzkxhmakuoifhbtpk,flop,call,0,kiozspukscxxtkyrjtchiw,turn,call,990,ivbdopzkxhmakuoifhbtpk,turn,raise,990,kiozspukscxxtkyrjtchiw,turn,call,,,,,,,,,"C8,D6,D7,S2",river,2000,2000,1,,,"D8,DA","[{'name': 'Player1', 'uuid': 'ivbdopzkxhmakuoifhbtpk', 'stack': 990, 'state': 'participating'}, {'name': 'Player2', 'uuid': 'kiozspukscxxtkyrjtchiw', 'stack': 995, 'state': 'participating'}]",1000,Player1,20,1,turn,0.79,1
10,zaqevmmcrzcwgccoazrbzg,preflop,call,10,xduidgxpkqdwignwjsihyr,preflop,call,0,zaqevmmcrzcwgccoazrbzg,flop,call,0,xduidgxpkqdwignwjsihyr,flop,call,0,zaqevmmcrzcwgccoazrbzg,turn,call,0,xduidgxpkqdwignwjsihyr,turn,call,0,zaqevmmcrzcwgccoazrbzg,river,call,0,xduidgxpkqdwignwjsihyr,river,call,,,,,"H9,CJ,DA,H7,S9",river,20,1010,1,,,"C8,H8","[{'name': 'Player1', 'uuid': 'xduidgxpkqdwignwjsihyr', 'stack': 990, 'state': 'participating'}, {'name': 'Player2', 'uuid': 'zaqevmmcrzcwgccoazrbzg', 'stack': 995, 'state': 'participating'}]",1000,Player1,20,1,river,0.6,1
10,xdkjvbouvmxxetzsyhqszg,preflop,call,10,fhmwqlzcxvktiuobbulunf,preflop,call,0,xdkjvbouvmxxetzsyhqszg,flop,call,0,fhmwqlzcxvktiuobbulunf,flop,call,0,xdkjvbouvmxxetzsyhqszg,turn,call,990,fhmwqlzcxvktiuobbulunf,turn,raise,990,xdkjvbouvmxxetzsyhqszg,turn,call,,,,,,,,,"C6,H7,D6,S8",river,2000,2000,1,,,"C8,CQ","[{'name': 'Player1', 'uuid': 'fhmwqlzcxvktiuobbulunf', 'stack': 990, 'state': 'participating'}, {'name': 'Player2', 'uuid': 'xdkjvbouvmxxetzsyhqszg', 'stack': 995, 'state': 'participating'}]",1000,Player1,20,1,turn,0.77,1
10,lvftymjsnroaxorhcjqekm,preflop,call,10,ckwrfkhzmblaeohesaevcy,preflop,call,0,lvftymjsnroaxorhcjqekm,flop,call,0,ckwrfkhzmblaeohesaevcy,flop,call,990,lvftymjsnroaxorhcjqekm,turn,raise,990,ckwrfkhzmblaeohesaevcy,turn,call,,,,,,,,,,,,,"ST,D6,DQ,SQ",river,2000,0,1,,,"HA,H3","[{'name': 'Player1', 'uuid': 'ckwrfkhzmblaeohesaevcy', 'stack': 990, 'state': 'participating'}, {'name': 'Player2', 'uuid': 'lvftymjsnroaxorhcjqekm', 'stack': 995, 'state': 'participating'}]",1000,Player1,1010,1,turn,0.5,0
10,shngifzkckcijjvqjrdovb,preflop,call,10,oxjiguqaplzvefiyrkjfme,preflop,call,0,shngifzkckcijjvqjrdovb,flop,call,0,oxjiguqaplzvefiyrkjfme,flop,call,0,shngifzkckcijjvqjrdovb,turn,call,0,oxjiguqaplzvefiyrkjfme,turn,call,0,shngifzkckcijjvqjrdovb,river,call,0,oxjiguqaplzvefiyrkjfme,river,call,,,,,"D9,C5,HA,C8,S2",river,20,990,1,,,"C3,SJ","[{'name': 'Player1', 'uuid': 'oxjiguqaplzvefiyrkjfme', 'stack': 990, 'state': 'participating'}, {'name': 'Player2', 'uuid': 'shngifzkckcijjvqjrdovb', 'stack': 995, 'state': 'participating'}]",1000,Player1,20,1,river,0.23,0
10,fjxpqovhdsuuzxfhprhjnl,preflop,call,10,erbhfucefwldozdfgrqhsx,preflop,call,0,fjxpqovhdsuuzxfhprhjnl,flop,call,0,erbhfucefwldozdfgrqhsx,flop,call,0,fjxpqovhdsuuzxfhprhjnl,turn,call,0,erbhfucefwldozdfgrqhsx,turn,call,0,fjxpqovhdsuuzxfhprhjnl,river,call,0,erbhfucefwldozdfgrqhsx,river,call,,,,,"HT,H9,H8,S7,DT",river,20,990,1,,,"D2,S4","[{'name': 'Player1', 'uuid': 'erbhfucefwldozdfgrqhsx', 'stack': 990, 'state': 'participating'}, {'name': 'Player2', 'uuid': 'fjxpqovhdsuuzxfhprhjnl', 'stack': 995, 'state': 'participating'}]",1000,Player1,20,1,river,0.0,0
10,nmosynebualtjohowkledz,preflop,call,10,hhpspvcqahsbqcrpubtgmp,preflop,call,990,nmosynebualtjohowkledz,flop,raise,990,hhpspvcqahsbqcrpubtgmp,flop,call,,,,,,,,,,,,,,,,,,,,,"D2,C6,H9",river,2000,0,1,,,"C5,S2","[{'name': 'Player1', 'uuid': 'hhpspvcqahsbqcrpubtgmp', 'stack': 990, 'state': 'participating'}, {'name': 'Player2', 'uuid': 'nmosynebualtjohowkledz', 'stack': 995, 'state': 'participating'}]",1000,Player1,1010,1,flop,0.56,0
10,medyhogpvhbiljbieotqrz,preflop,call,10,dujjdjddqudaurvvslascg,preflop,call,0,medyhogpvhbiljbieotqrz,flop,call,0,dujjdjddqudaurvvslascg,flop,call,0,medyhogpvhbiljbieotqrz,turn,call,0,dujjdjddqudaurvvslascg,turn,call,0,medyhogpvhbiljbieotqrz,river,call,0,dujjdjddqudaurvvslascg,river,call,,,,,"D6,DQ,CT,D4,H6",river,20,990,1,,,"C9,S5","[{'name': 'Player1', 'uuid': 'dujjdjddqudaurvvslascg', 'stack': 990, 'state': 'participating'}, {'name': 'Player2', 'uuid': 'medyhogpvhbiljbieotqrz', 'stack': 995, 'state': 'participating'}]",1000,Player1,20,1,river,0.17,0
10,ylclbrcpyfcwlauyrdtgwv,preflop,call,10,usjflwczsrnbuguyeihtdc,preflop,call,0,ylclbrcpyfcwlauyrdtgwv,flop,call,990,usjflwczsrnbuguyeihtdc,flop,raise,990,ylclbrcpyfcwlauyrdtgwv,flop,call,,,,,,,,,,,,,,,,,"SQ,D6,ST",river,2000,2000,1,,,"HQ,C7","[{'name': 'Player1', 'uuid': 'usjflwczsrnbuguyeihtdc', 'stack': 990, 'state': 'participating'}, {'name': 'Player2', 'uuid': 'ylclbrcpyfcwlauyrdtgwv', 'stack': 995, 'state': 'participating'}]",1000,Player1,20,1,flop,0.8,1
10,nxocmlrsvoubdfaopbtfjx,preflop,call,10,hbdkduceguphiblqrivthe,preflop,call,990,nxocmlrsvoubdfaopbtfjx,flop,raise,990,hbdkduceguphiblqrivthe,flop,call,,,,,,,,,,,,,,,,,,,,,"H2,H8,CJ",river,2000,0,1,,,"H5,S9","[{'name': 'Player1', 'uuid': 'hbdkduceguphiblqrivthe', 'stack': 990, 'state': 'participating'}, {'name': 'Player2', 'uuid': 'nxocmlrsvoubdfaopbtfjx', 'stack': 995, 'state': 'participating'}]",1000,Player1,1010,1,flop,0.3,0
10,dpjlxwgjlvjjcygcfdgahz,preflop,call,10,wjrmnpdkbfncduimxndpkq,preflop,call,0,dpjlxwgjlvjjcygcfdgahz,flop,call,0,wjrmnpdkbfncduimxndpkq,flop,call,0,dpjlxwgjlvjjcygcfdgahz,turn,call,0,wjrmnpdkbfncduimxndpkq,turn,call,0,dpjlxwgjlvjjcygcfdgahz,river,call,990,wjrmnpdkbfncduimxndpkq,river,raise,990,dpjlxwgjlvjjcygcfdgahz,river,call,"D9,D8,C9,DT,SK",river,2000,2000,1,,,"D6,CK","[{'name': 'Player1', 'uuid': 'wjrmnpdkbfncduimxndpkq', 'stack': 990, 'state': 'participating'}, {'name': 'Player2', 'uuid': 'dpjlxwgjlvjjcygcfdgahz', 'stack': 995, 'state': 'participating'}]",1000,Player1,20,1,river,0.82,1
10,yuammcyavfhqkzfgfauyfz,preflop,call,10,xozkzvrkszatyblgdjpjly,preflop,call,0,yuammcyavfhqkzfgfauyfz,flop,call,990,xozkzvrkszatyblgdjpjly,flop,raise,990,yuammcyavfhqkzfgfauyfz,flop,call,,,,,,,,,,,,,,,,,"HQ,S6,CA",river,2000,2000,1,,,"D8,HA","[{'name': 'Player1', 'uuid': 'xozkzvrkszatyblgdjpjly', 'stack': 990, 'state': 'participating'}, {'name': 'Player2', 'uuid': 'yuammcyavfhqkzfgfauyfz', 'stack': 995, 'state': 'participating'}]",1000,Player1,20,1,flop,0.87,1
10,iogbckmbyxefxfzrcltmwr,preflop,call,10,mdmbuohziognoiovelxkyf,preflop,call,0,iogbckmbyxefxfzrcltmwr,flop,call,0,mdmbuohziognoiovelxkyf,flop,call,0,iogbckmbyxefxfzrcltmwr,turn,call,0,mdmbuohziognoiovelxkyf,turn,call,0,iogbckmbyxefxfzrcltmwr,river,call,0,mdmbuohziognoiovelxkyf,river,call,,,,,"H5,H7,CJ,SJ,CK",river,20,1010,1,,,"H4,S5","[{'name': 'Player1', 'uuid': 'mdmbuohziognoiovelxkyf', 'stack': 990, 'state': 'participating'}, {'name': 'Player2', 'uuid': 'iogbckmbyxefxfzrcltmwr', 'stack': 995, 'state': 'participating'}]",1000,Player1,20,1,river,0.61,1
10,kqtnelfuayslxznytzkhqn,preflop,call,10,gwbacekbrngxclryfsosdu,preflop,call,0,kqtnelfuayslxznytzkhqn,flop,call,990,gwbacekbrngxclryfsosdu,flop,raise,990,kqtnelfuayslxznytzkhqn,flop,call,,,,,,,,,,,,,,,,,"C6,C7,D8",river,2000,2000,1,,,"C8,CT","[{'name': 'Player1', 'uuid': 'gwbacekbrngxclryfsosdu', 'stack': 990, 'state': 'participating'}, {'name': 'Player2', 'uuid': 'kqtnelfuayslxznytzkhqn', 'stack': 995, 'state': 'participating'}]",1000,Player1,20,1,flop,0.85,1
10,qzdcfijblegtmzrvmsccvj,preflop,call,10,hjpoxxixodcjnskkgepmlc,preflop,call,0,qzdcfijblegtmzrvmsccvj,flop,call,990,hjpoxxixodcjnskkgepmlc,flop,raise,990,qzdcfijblegtmzrvmsccvj,flop,call,,,,,,,,,,,,,,,,,"S9,S7,D6",river,2000,2000,1,,,"C9,S5","[{'name': 'Player1', 'uuid': 'hjpoxxixodcjnskkgepmlc', 'stack': 990, 'state': 'participating'}, {'name': 'Player2', 'uuid': 'qzdcfijblegtmzrvmsccvj', 'stack': 995, 'state': 'participating'}]",1000,Player1,20,1,flop,0.7,1
10,yjqfxhbaiyclwkuftiyiuw,preflop,call,10,zfdrgxwjtaipzvxshwexkl,preflop,call,0,yjqfxhbaiyclwkuftiyiuw,flop,call,0,zfdrgxwjtaipzvxshwexkl,flop,call,0,yjqfxhbaiyclwkuftiyiuw,turn,call,0,zfdrgxwjtaipzvxshwexkl,turn,call,0,yjqfxhbaiyclwkuftiyiuw,river,call,0,zfdrgxwjtaipzvxshwexkl,river,call,,,,,"CK,H4,D5,H9,H5",river,20,990,1,,,"D2,CT","[{'name': 'Player1', 'uuid': 'zfdrgxwjtaipzvxshwexkl', 'stack': 990, 'state': 'participating'}, {'name': 'Player2', 'uuid': 'yjqfxhbaiyclwkuftiyiuw', 'stack': 995, 'state': 'participating'}]",1000,Player1,20,1,river,0.18,0
10,yppnyjmqsntxznsrtyahep,preflop,call,10,wcfsxuargbhvvnmlbswdfi,preflop,call,990,yppnyjmqsntxznsrtyahep,flop,raise,990,wcfsxuargbhvvnmlbswdfi,flop,call,,,,,,,,,,,,,,,,,,,,,"HJ,H2,DK",river,2000,0,1,,,"S6,C6","[{'name': 'Player1', 'uuid': 'wcfsxuargbhvvnmlbswdfi', 'stack': 990, 'state': 'participating'}, {'name': 'Player2', 'uuid': 'yppnyjmqsntxznsrtyahep', 'stack': 995, 'state': 'participating'}]",1000,Player1,1010,1,flop,0.49,0
10,vvsaqykwraaeeoclycjwso,preflop,call,10,cqojokueniuhhzpbjrcygg,preflop,call,0,vvsaqykwraaeeoclycjwso,flop,call,990,cqojokueniuhhzpbjrcygg,flop,raise,990,vvsaqykwraaeeoclycjwso,flop,call,,,,,,,,,,,,,,,,,"S9,CT,S5",river,2000,2000,1,,,"D9,HQ","[{'name': 'Player1', 'uuid': 'cqojokueniuhhzpbjrcygg', 'stack': 990, 'state': 'participating'}, {'name': 'Player2', 'uuid': 'vvsaqykwraaeeoclycjwso', 'stack': 995, 'state': 'participating'}]",1000,Player1,20,1,flop,0.74,1
10,epwllzwkljrbxauaartbpa,preflop,call,10,plhmcdkwmepyivvjshykyk,preflop,call,0,epwllzwkljrbxauaartbpa,flop,call,0,plhmcdkwmepyivvjshykyk,flop,call,0,epwllzwkljrbxauaartbpa,turn,call,0,plhmcdkwmepyivvjshykyk,turn,call,990,epwllzwkljrbxauaartbpa,river,raise,990,plhmcdkwmepyivvjshykyk,river,call,,,,,"CA,H5,H3,H8,C6",river,2000,0,1,,,"S4,SQ","[{'name': 'Player1', 'uuid': 'plhmcdkwmepyivvjshykyk', 'stack': 990, 'state': 'participating'}, {'name': 'Player2', 'uuid': 'epwllzwkljrbxauaartbpa', 'stack': 995, 'state': 'participating'}]",1000,Player1,1010,1,river,0.12,0
10,oyqhwghojuvjpeqhplonem,preflop,call,10,buqsoouldrivsnnisywgcz,preflop,call,0,oyqhwghojuvjpeqhplonem,flop,call,990,buqsoouldrivsnnisywgcz,flop,raise,990,oyqhwghojuvjpeqhplonem,flop,call,,,,,,,,,,,,,,,,,"H8,S2,SK",river,2000,2000,1,,,"S8,ST","[{'name': 'Player1', 'uuid': 'buqsoouldrivsnnisywgcz', 'stack': 990, 'state': 'participating'}, {'name': 'Player2', 'uuid': 'oyqhwghojuvjpeqhplonem', 'stack': 995, 'state': 'participating'}]",1000,Player1,20,1,flop,0.82,1
10,szubmlbmypbjsarpfwhbeb,preflop,call,10,rtwjlfnipfsafdxpxesaje,preflop,call,0,szubmlbmypbjsarpfwhbeb,flop,call,0,rtwjlfnipfsafdxpxesaje,flop,call,0,szubmlbmypbjsarpfwhbeb,turn,call,0,rtwjlfnipfsafdxpxesaje,turn,call,0,szubmlbmypbjsarpfwhbeb,river,call,0,rtwjlfnipfsafdxpxesaje,river,call,,,,,"H8,D9,D7,HA,D2",river,20,1010,1,,,"S5,C7","[{'name': 'Player1', 'uuid': 'rtwjlfnipfsafdxpxesaje', 'stack': 990, 'state': 'participating'}, {'name': 'Player2', 'uuid': 'szubmlbmypbjsarpfwhbeb', 'stack': 995, 'state': 'participating'}]",1000,Player1,20,1,river,0.53,1
10,xmqouubxzyvfichrutawyo,preflop,call,10,dizhgpwdvoypxwooqwutxi,preflop,call,0,xmqouubxzyvfichrutawyo,flop,call,0,dizhgpwdvoypxwooqwutxi,flop,call,0,xmqouubxzyvfichrutawyo,turn,call,0,dizhgpwdvoypxwooqwutxi,turn,call,0,xmqouubxzyvfichrutawyo,river,call,0,dizhgpwdvoypxwooqwutxi,river,call,,,,,"C2,C9,S5,SA,HA",river,20,1010,1,,,"SJ,DK","[{'name': 'Player1', 'uuid': 'dizhgpwdvoypxwooqwutxi', 'stack': 990, 'state': 'participating'}, {'name': 'Player2', 'uuid': 'xmqouubxzyvfichrutawyo', 'stack': 995, 'state': 'participating'}]",1000,Player1,20,1,river,0.5,1
10,knmdaexhvjubnlojuyeird,preflop,call,10,utxvpfncdghcgkdvgkmxca,preflop,call,0,knmdaexhvjubnlojuyeird,flop,call,0,utxvpfncdghcgkdvgkmxca,flop,call,0,knmdaexhvjubnlojuyeird,turn,call,0,utxvpfncdghcgkdvgkmxca,turn,call,990,knmdaexhvjubnlojuyeird,river,raise,990,utxvpfncdghcgkdvgkmxca,river,call,,,,,"SQ,D8,H3,S5,H2",river,2000,0,1,,,"H9,D6","[{'name': 'Player1', 'uuid': 'utxvpfncdghcgkdvgkmxca', 'stack': 990, 'state': 'participating'}, {'name': 'Player2', 'uuid': 'knmdaexhvjubnlojuyeird', 'stack': 995, 'state': 'participating'}]",1000,Player1,1010,1,river,0.04,0
10,iadtkqjsuskvlgsxqzqmoe,preflop,call,10,vvribxcvgiqenvergfoyac,preflop,call,0,iadtkqjsuskvlgsxqzqmoe,flop,call,0,vvribxcvgiqenvergfoyac,flop,call,0,iadtkqjsuskvlgsxqzqmoe,turn,call,0,vvribxcvgiqenvergfoyac,turn,call,0,iadtkqjsuskvlgsxqzqmoe,river,call,0,vvribxcvgiqenvergfoyac,river,call,,,,,"H7,CK,C9,CJ,C2",river,20,990,1,,,"S3,HQ","[{'name': 'Player1', 'uuid': 'vvribxcvgiqenvergfoyac', 'stack': 990, 'state': 'participating'}, {'name': 'Player2', 'uuid': 'iadtkqjsuskvlgsxqzqmoe', 'stack': 995, 'state': 'participating'}]",1000,Player1,20,1,river,0.09,0
10,dcpdoaiceyjfsgcfwrdwgl,preflop,call,10,msimkzzagjzarjrmmefzce,preflop,call,990,dcpdoaiceyjfsgcfwrdwgl,flop,raise,990,msimkzzagjzarjrmmefzce,flop,call,,,,,,,,,,,,,,,,,,,,,"C5,C6,HJ",river,2000,2000,1,,,"SA,CT","[{'name': 'Player1', 'uuid': 'msimkzzagjzarjrmmefzce', 'stack': 990, 'state': 'participating'}, {'name': 'Player2', 'uuid': 'dcpdoaiceyjfsgcfwrdwgl', 'stack': 995, 'state': 'participating'}]",1000,Player1,1010,1,flop,0.43,1
10,phwpdvgpltoitaqwbjpjdw,preflop,call,10,zwkkvurnfoebsfbzvnrwvr,preflop,call,0,phwpdvgpltoitaqwbjpjdw,flop,call,0,zwkkvurnfoebsfbzvnrwvr,flop,call,0,phwpdvgpltoitaqwbjpjdw,turn,call,0,zwkkvurnfoebsfbzvnrwvr,turn,call,990,phwpdvgpltoitaqwbjpjdw,river,raise,990,zwkkvurnfoebsfbzvnrwvr,river,call,,,,,"H8,S7,S6,C3,H7",river,2000,0,1,,,"SA,DT","[{'name': 'Player1', 'uuid': 'zwkkvurnfoebsfbzvnrwvr', 'stack': 990, 'state': 'participating'}, {'name': 'Player2', 'uuid': 'phwpdvgpltoitaqwbjpjdw', 'stack': 995, 'state': 'participating'}]",1000,Player1,1010,1,river,0.42,0
10,skpzkgkavqtsxlrljsgefg,preflop,call,10,izxfmjjvaqelvocgzcltlq,preflop,call,990,skpzkgkavqtsxlrljsgefg,flop,raise,990,izxfmjjvaqelvocgzcltlq,flop,call,,,,,,,,,,,,,,,,,,,,,"D8,CQ,CJ",river,2000,0,1,,,"SJ,C2","[{'name': 'Player1', 'uuid': 'izxfmjjvaqelvocgzcltlq', 'stack': 990, 'state': 'participating'}, {'name': 'Player2', 'uuid': 'skpzkgkavqtsxlrljsgefg', 'stack': 995, 'state': 'participating'}]",1000,Player1,1010,1,flop,0.64,0
10,vjxvykxalpfwyzeybbaleu,preflop,call,10,bdfbqluhohobjdiiyfiixj,preflop,call,0,vjxvykxalpfwyzeybbaleu,flop,call,0,bdfbqluhohobjdiiyfiixj,flop,call,0,vjxvykxalpfwyzeybbaleu,turn,call,0,bdfbqluhohobjdiiyfiixj,turn,call,0,vjxvykxalpfwyzeybbaleu,river,call,0,bdfbqluhohobjdiiyfiixj,river,call,,,,,"S8,CA,H2,D3,D4",river,20,990,1,,,"H5,C7","[{'name': 'Player1', 'uuid': 'bdfbqluhohobjdiiyfiixj', 'stack': 990, 'state': 'participating'}, {'name': 'Player2', 'uuid': 'vjxvykxalpfwyzeybbaleu', 'stack': 995, 'state': 'participating'}]",1000,Player1,20,1,river,0.01,0
10,jybmqqevlavvcnfzfdwyce,preflop,call,10,atfithghuobeupbzzcowad,preflop,call,0,jybmqqevlavvcnfzfdwyce,flop,call,0,atfithghuobeupbzzcowad,flop,call,0,jybmqqevlavvcnfzfdwyce,turn,call,0,atfithghuobeupbzzcowad,turn,call,0,jybmqqevlavvcnfzfdwyce,river,call,0,atfithghuobeupbzzcowad,river,call,,,,,"C4,S5,DT,C5,CK",river,20,990,1,,,"H9,S3","[{'name': 'Player1', 'uuid': 'atfithghuobeupbzzcowad', 'stack': 990, 'state': 'participating'}, {'name': 'Player2', 'uuid': 'jybmqqevlavvcnfzfdwyce', 'stack': 995, 'state': 'participating'}]",1000,Player1,20,1,river,0.17,0
10,yvsfprqpiktskcwwtlgobv,preflop,call,10,glohlemlqilnjitojgumjf,preflop,call,0,yvsfprqpiktskcwwtlgobv,flop,call,0,glohlemlqilnjitojgumjf,flop,call,0,yvsfprqpiktskcwwtlgobv,turn,call,0,glohlemlqilnjitojgumjf,turn,call,0,yvsfprqpiktskcwwtlgobv,river,call,0,glohlemlqilnjitojgumjf,river,call,,,,,"CQ,C3,CJ,C6,S7",river,20,990,1,,,"D5,SA","[{'name': 'Player1', 'uuid': 'glohlemlqilnjitojgumjf', 'stack': 990, 'state': 'participating'}, {'name': 'Player2', 'uuid': 'yvsfprqpiktskcwwtlgobv', 'stack': 995, 'state': 'participating'}]",1000,Player1,20,1,river,0.15,0
10,sczkhpobtqyhchchqncuoh,preflop,call,10,odahommdfnqminvveoxiuo,preflop,call,0,sczkhpobtqyhchchqncuoh,flop,call,0,odahommdfnqminvveoxiuo,flop,call,990,sczkhpobtqyhchchqncuoh,turn,raise,990,odahommdfnqminvveoxiuo,turn,call,,,,,,,,,,,,,"HT,DA,H2,H9",river,2000,0,1,,,"S6,D6","[{'name': 'Player1', 'uuid': 'odahommdfnqminvveoxiuo', 'stack': 990, 'state': 'participating'}, {'name': 'Player2', 'uuid': 'sczkhpobtqyhchchqncuoh', 'stack': 995, 'state': 'participating'}]",1000,Player1,1010,1,turn,0.43,0
10,eagduuhtcfunqpzszmvwuo,preflop,call,10,jxkpybbefsliutohsyqqae,preflop,call,0,eagduuhtcfunqpzszmvwuo,flop,call,990,jxkpybbefsliutohsyqqae,flop,raise,990,eagduuhtcfunqpzszmvwuo,flop,call,,,,,,,,,,,,,,,,,"D6,S4,DK",river,2000,2000,1,,,"C6,H6","[{'name': 'Player1', 'uuid': 'jxkpybbefsliutohsyqqae', 'stack': 990, 'state': 'participating'}, {'name': 'Player2', 'uuid': 'eagduuhtcfunqpzszmvwuo', 'stack': 995, 'state': 'participating'}]",1000,Player1,20,1,flop,0.88,1
10,crcswghvlavtdztffnugyn,preflop,call,10,orfzbiajujnlrhvarbumjs,preflop,call,0,crcswghvlavtdztffnugyn,flop,call,0,orfzbiajujnlrhvarbumjs,flop,call,0,crcswghvlavtdztffnugyn,turn,call,0,orfzbiajujnlrhvarbumjs,turn,call,0,crcswghvlavtdztffnugyn,river,call,0,orfzbiajujnlrhvarbumjs,river,call,,,,,"S5,H5,DT,S8,DA",river,20,1010,1,,,"H8,S9","[{'name': 'Player1', 'uuid': 'orfzbiajujnlrhvarbumjs', 'stack': 990, 'state': 'participating'}, {'name': 'Player2', 'uuid': 'crcswghvlavtdztffnugyn', 'stack': 995, 'state': 'participating'}]",1000,Player1,20,1,river,0.57,1
10,fmnvcinqnqhwikhurrjtdh,preflop,call,10,lbsgpfjpbihpzefhgrgpsb,preflop,call,0,fmnvcinqnqhwikhurrjtdh,flop,call,0,lbsgpfjpbihpzefhgrgpsb,flop,call,0,fmnvcinqnqhwikhurrjtdh,turn,call,990,lbsgpfjpbihpzefhgrgpsb,turn,raise,990,fmnvcinqnqhwikhurrjtdh,turn,call,,,,,,,,,"H4,DT,D4,DJ",river,2000,2000,1,,,"CA,HJ","[{'name': 'Player1', 'uuid': 'lbsgpfjpbihpzefhgrgpsb', 'stack': 990, 'state': 'participating'}, {'name': 'Player2', 'uuid': 'fmnvcinqnqhwikhurrjtdh', 'stack': 995, 'state': 'participating'}]",1000,Player1,20,1,turn,0.7,1
10,ppvaytgsvlxxwdcfhgjwmd,preflop,call,10,jpvevhvhfyitbocsafgymh,preflop,call,990,ppvaytgsvlxxwdcfhgjwmd,flop,raise,990,jpvevhvhfyitbocsafgymh,flop,call,,,,,,,,,,,,,,,,,,,,,"SQ,S6,C2",river,2000,2000,1,,,"H6,HJ","[{'name': 'Player1', 'uuid': 'jpvevhvhfyitbocsafgymh', 'stack': 990, 'state': 'participating'}, {'name': 'Player2', 'uuid': 'ppvaytgsvlxxwdcfhgjwmd', 'stack': 995, 'state': 'participating'}]",1000,Player1,1010,1,flop,0.63,1
10,mekjaruwmgekliezowboxl,preflop,call,10,mysnatzffgwrmvxudgnohx,preflop,call,0,mekjaruwmgekliezowboxl,flop,call,0,mysnatzffgwrmvxudgnohx,flop,call,0,mekjaruwmgekliezowboxl,turn,call,0,mysnatzffgwrmvxudgnohx,turn,call,0,mekjaruwmgekliezowboxl,river,call,0,mysnatzffgwrmvxudgnohx,river,call,,,,,"D7,D8,CT,HA,DT",river,20,1010,1,,,"S4,H7","[{'name': 'Player1', 'uuid': 'mysnatzffgwrmvxudgnohx', 'stack': 990, 'state': 'participating'}, {'name': 'Player2', 'uuid': 'mekjaruwmgekliezowboxl', 'stack': 995, 'state': 'participating'}]",1000,Player1,20,1,river,0.55,1
1000,nqiyodjlayhvzntkpjskbd,preflop,raise,1000,mdbofwnetqxbnmfhzbfumi,preflop,call,,,,,,,,,,,,,,,,,,,,,,,,,,,,,,river,2000,2000,1,,,"DQ,HK","[{'name': 'Player1', 'uuid': 'mdbofwnetqxbnmfhzbfumi', 'stack': 990, 'state': 'participating'}, {'name': 'Player2', 'uuid': 'nqiyodjlayhvzntkpjskbd', 'stack': 995, 'state': 'participating'}]",1000,Player1,1010,1,preflop,0.66,1
10,klwfpwrvuybulvgcpcxalw,preflop,call,10,gngtysukvqwjzapwjepoqr,preflop,call,0,klwfpwrvuybulvgcpcxalw,flop,call,0,gngtysukvqwjzapwjepoqr,flop,call,0,klwfpwrvuybulvgcpcxalw,turn,call,0,gngtysukvqwjzapwjepoqr,turn,call,0,klwfpwrvuybulvgcpcxalw,river,call,990,gngtysukvqwjzapwjepoqr,river,raise,990,klwfpwrvuybulvgcpcxalw,river,call,"D8,SA,S7,S4,CK",river,2000,2000,1,,,"D4,DK","[{'name': 'Player1', 'uuid': 'gngtysukvqwjzapwjepoqr', 'stack': 990, 'state': 'participating'}, {'name': 'Player2', 'uuid': 'klwfpwrvuybulvgcpcxalw', 'stack': 995, 'state': 'participating'}]",1000,Player1,20,1,river,0.9,1
10,arosigoarkurfbkeewdgdc,preflop,call,10,zadchqqqmmydnjbxpuldpe,preflop,call,0,arosigoarkurfbkeewdgdc,flop,call,990,zadchqqqmmydnjbxpuldpe,flop,raise,990,arosigoarkurfbkeewdgdc,flop,call,,,,,,,,,,,,,,,,,"D8,DQ,DT",river,2000,2000,1,,,"SJ,D9","[{'name': 'Player1', 'uuid': 'zadchqqqmmydnjbxpuldpe', 'stack': 990, 'state': 'participating'}, {'name': 'Player2', 'uuid': 'arosigoarkurfbkeewdgdc', 'stack': 995, 'state': 'participating'}]",1000,Player1,20,1,flop,0.91,1
10,paxusnvcobzqachcuitzfg,preflop,call,10,ekpkhktzpkuqtbdvuqidso,preflop,call,0,paxusnvcobzqachcuitzfg,flop,call,0,ekpkhktzpkuqtbdvuqidso,flop,call,0,paxusnvcobzqachcuitzfg,turn,call,0,ekpkhktzpkuqtbdvuqidso,turn,call,0,paxusnvcobzqachcuitzfg,river,call,0,ekpkhktzpkuqtbdvuqidso,river,call,,,,,"C5,H8,CA,H5,D6",river,20,990,1,,,"C2,SJ","[{'name': 'Player1', 'uuid': 'ekpkhktzpkuqtbdvuqidso', 'stack': 990, 'state': 'participating'}, {'name': 'Player2', 'uuid': 'paxusnvcobzqachcuitzfg', 'stack': 995, 'state': 'participating'}]",1000,Player1,20,1,river,0.3,0
10,vgrkjoggczgkaptpalytff,preflop,call,10,vtoazjtcpylygiropcxdzj,preflop,call,0,vgrkjoggczgkaptpalytff,flop,call,0,vtoazjtcpylygiropcxdzj,flop,call,0,vgrkjoggczgkaptpalytff,turn,call,0,vtoazjtcpylygiropcxdzj,turn,call,0,vgrkjoggczgkaptpalytff,river,call,0,vtoazjtcpylygiropcxdzj,river,call,,,,,"CT,C6,C5,HJ,SQ",river,20,990,1,,,"H7,S2","[{'name': 'Player1', 'uuid': 'vtoazjtcpylygiropcxdzj', 'stack': 990, 'state': 'participating'}, {'name': 'Player2', 'uuid': 'vgrkjoggczgkaptpalytff', 'stack': 995, 'state': 'participating'}]",1000,Player1,20,1,river,0.06,0
10,jbkdgjbhloovngfmyjpdcx,preflop,call,10,ypgffggcqiuqsxfzxusarz,preflop,call,0,jbkdgjbhloovngfmyjpdcx,flop,call,990,ypgffggcqiuqsxfzxusarz,flop,raise,990,jbkdgjbhloovngfmyjpdcx,flop,call,,,,,,,,,,,,,,,,,"HQ,H4,CK",river,2000,2000,1,,,"CQ,H3","[{'name': 'Player1', 'uuid': 'ypgffggcqiuqsxfzxusarz', 'stack': 990, 'state': 'participating'}, {'name': 'Player2', 'uuid': 'jbkdgjbhloovngfmyjpdcx', 'stack': 995, 'state': 'participating'}]",1000,Player1,20,1,flop,0.71,1
10,tekaloklxfgwwxeepkynho,preflop,call,10,bfhbalxjzynosgllrwrlmt,preflop,call,0,tekaloklxfgwwxeepkynho,flop,call,0,bfhbalxjzynosgllrwrlmt,flop,call,0,tekaloklxfgwwxeepkynho,turn,call,0,bfhbalxjzynosgllrwrlmt,turn,call,0,tekaloklxfgwwxeepkynho,river,call,0,bfhbalxjzynosgllrwrlmt,river,call,,,,,"SA,HQ,S3,D2,CA",river,20,1010,1,,,"D4,D3","[{'name': 'Player1', 'uuid': 'bfhbalxjzynosgllrwrlmt', 'stack': 990, 'state': 'participating'}, {'name': 'Player2', 'uuid': 'tekaloklxfgwwxeepkynho', 'stack': 995, 'state': 'participating'}]",1000,Player1,20,1,river,0.61,1
10,jpjvywwxarggffujhruxcq,preflop,call,10,bqemkjpnbqummjqsqoktbl,preflop,call,0,jpjvywwxarggffujhruxcq,flop,call,0,bqemkjpnbqummjqsqoktbl,flop,call,0,jpjvywwxarggffujhruxcq,turn,call,0,bqemkjpnbqummjqsqoktbl,turn,call,0,jpjvywwxarggffujhruxcq,river,call,0,bqemkjpnbqummjqsqoktbl,river,call,,,,,"S7,C3,DT,S5,C8",river,20,990,1,,,"S2,SQ","[{'name': 'Player1', 'uuid': 'bqemkjpnbqummjqsqoktbl', 'stack': 990, 'state': 'participating'}, {'name': 'Player2', 'uuid': 'jpjvywwxarggffujhruxcq', 'stack': 995, 'state': 'participating'}]",1000,Player1,20,1,river,0.08,0
10,ckbfvpdkybilvbcodhzmil,preflop,call,1000,fdawnkkombyubvwuizwwgs,preflop,raise,1000,ckbfvpdkybilvbcodhzmil,preflop,call,,,,,,,,,,,,,,,,,,,,,,,,,,river,2000,2000,1,,,"CT,DT","[{'name': 'Player1', 'uuid': 'fdawnkkombyubvwuizwwgs', 'stack': 990, 'state': 'participating'}, {'name': 'Player2', 'uuid': 'ckbfvpdkybilvbcodhzmil', 'stack': 995, 'state': 'participating'}]",1000,Player1,20,1,preflop,0.79,1
10,enneakpuyarsffaugfxzfb,preflop,call,10,iypfiaxryvsdxwmrvrwhth,preflop,call,0,enneakpuyarsffaugfxzfb,flop,call,0,iypfiaxryvsdxwmrvrwhth,flop,call,0,enneakpuyarsffaugfxzfb,turn,call,0,iypfiaxryvsdxwmrvrwhth,turn,call,0,enneakpuyarsffaugfxzfb,river,call,0,iypfiaxryvsdxwmrvrwhth,river,call,,,,,"D8,C9,DA,SJ,C2",river,20,1010,1,,,"D7,H5","[{'name': 'Player1', 'uuid': 'iypfiaxryvsdxwmrvrwhth', 'stack': 990, 'state': 'participating'}, {'name': 'Player2', 'uuid': 'enneakpuyarsffaugfxzfb', 'stack': 995, 'state': 'participating'}]",1000,Player1,20,1,river,0.12,1
10,vrfqozzpyojiqbfsdxwgif,preflop,call,10,zjwjzpfbfxkcatwryjfbxx,preflop,call,0,vrfqozzpyojiqbfsdxwgif,flop,call,0,zjwjzpfbfxkcatwryjfbxx,flop,call,0,vrfqozzpyojiqbfsdxwgif,turn,call,0,zjwjzpfbfxkcatwryjfbxx,turn,call,0,vrfqozzpyojiqbfsdxwgif,river,call,990,zjwjzpfbfxkcatwryjfbxx,river,raise,990,vrfqozzpyojiqbfsdxwgif,river,call,"CQ,C8,H6,C6,SA",river,2000,2000,1,,,"D8,HA","[{'name': 'Player1', 'uuid': 'zjwjzpfbfxkcatwryjfbxx', 'stack': 990, 'state': 'participating'}, {'name': 'Player2', 'uuid': 'vrfqozzpyojiqbfsdxwgif', 'stack': 995, 'state': 'participating'}]",1000,Player1,20,1,river,0.84,1
10,dqlxbhefshojkqgweksudu,preflop,call,10,vgwjpygcbpcozxdgffemle,preflop,call,0,dqlxbhefshojkqgweksudu,flop,call,990,vgwjpygcbpcozxdgffemle,flop,raise,990,dqlxbhefshojkqgweksudu,flop,call,,,,,,,,,,,,,,,,,"S6,DK,SK",river,2000,2000,1,,,"HK,D4","[{'name': 'Player1', 'uuid': 'vgwjpygcbpcozxdgffemle', 'stack': 990, 'state': 'participating'}, {'name': 'Player2', 'uuid': 'dqlxbhefshojkqgweksudu', 'stack': 995, 'state': 'participating'}]",1000,Player1,20,1,flop,0.92,1
10,lolxvpbdrgkdbhswrujwqk,preflop,call,10,zbkdpywiurwpbhsdiylikm,preflop,call,0,lolxvpbdrgkdbhswrujwqk,flop,call,990,zbkdpywiurwpbhsdiylikm,flop,raise,990,lolxvpbdrgkdbhswrujwqk,flop,call,,,,,,,,,,,,,,,,,"H7,C2,C7",river,2000,2000,1,,,"S7,C6","[{'name': 'Player1', 'uuid': 'zbkdpywiurwpbhsdiylikm', 'stack': 990, 'state': 'participating'}, {'name': 'Player2', 'uuid': 'lolxvpbdrgkdbhswrujwqk', 'stack': 995, 'state': 'participating'}]",1000,Player1,20,1,flop,0.97,1
10,qfddzqviujbisflmyvlmgo,preflop,call,10,ttuhtotrguwsjzvprbhajn,preflop,call,0,qfddzqviujbisflmyvlmgo,flop,call,0,ttuhtotrguwsjzvprbhajn,flop,call,0,qfddzqviujbisflmyvlmgo,turn,call,0,ttuhtotrguwsjzvprbhajn,turn,call,0,qfddzqviujbisflmyvlmgo,river,call,0,ttuhtotrguwsjzvprbhajn,river,call,,,,,"H8,SJ,S9,H4,HJ",river,20,1010,1,,,"H3,CQ","[{'name': 'Player1', 'uuid': 'ttuhtotrguwsjzvprbhajn', 'stack': 990, 'state': 'participating'}, {'name': 'Player2', 'uuid': 'qfddzqviujbisflmyvlmgo', 'stack': 995, 'state': 'participating'}]",1000,Player1,20,1,river,0.17,1
10,ktzndqwyivrtxkcqicpcbf,preflop,call,10,xprrsufcidcqgmdfxufzmj,preflop,call,0,ktzndqwyivrtxkcqicpcbf,flop,call,0,xprrsufcidcqgmdfxufzmj,flop,call,0,ktzndqwyivrtxkcqicpcbf,turn,call,0,xprrsufcidcqgmdfxufzmj,turn,call,0,ktzndqwyivrtxkcqicpcbf,river,call,0,xprrsufcidcqgmdfxufzmj,river,call,,,,,"CA,ST,HT,D9,SQ",river,20,1010,1,,,"S6,DQ","[{'name': 'Player1', 'uuid': 'xprrsufcidcqgmdfxufzmj', 'stack': 990, 'state': 'participating'}, {'name': 'Player2', 'uuid': 'ktzndqwyivrtxkcqicpcbf', 'stack': 995, 'state': 'participating'}]",1000,Player1,20,1,river,0.66,1
10,ktbrksjzieziwbnqewimqt,preflop,call,10,jojaxilcwrmiusghmmsqxs,preflop,call,0,ktbrksjzieziwbnqewimqt,flop,call,0,jojaxilcwrmiusghmmsqxs,flop,call,990,ktbrksjzieziwbnqewimqt,turn,raise,990,jojaxilcwrmiusghmmsqxs,turn,call,,,,,,,,,,,,,"D7,CT,D6,S9",river,2000,0,1,,,"C3,S6","[{'name': 'Player1', 'uuid': 'jojaxilcwrmiusghmmsqxs', 'stack': 990, 'state': 'participating'}, {'name': 'Player2', 'uuid': 'ktbrksjzieziwbnqewimqt', 'stack': 995, 'state': 'participating'}]",1000,Player1,1010,1,turn,0.37,0
10,ptoijfmgfpumkhcdyxybwo,preflop,call,10,rtkapkorjsmviyubgtmjmf,preflop,call,0,ptoijfmgfpumkhcdyxybwo,flop,call,990,rtkapkorjsmviyubgtmjmf,flop,raise,990,ptoijfmgfpumkhcdyxybwo,flop,call,,,,,,,,,,,,,,,,,"S6,S5,C8",river,2000,2000,1,,,"H8,H6","[{'name': 'Player1', 'uuid': 'rtkapkorjsmviyubgtmjmf', 'stack': 990, 'state': 'participating'}, {'name': 'Player2', 'uuid': 'ptoijfmgfpumkhcdyxybwo', 'stack': 995, 'state': 'participating'}]",1000,Player1,20,1,flop,0.83,1
10,hmwtmprmppaakzxbvbsmfj,preflop,call,10,njzlxoxvwukzqffefuzaup,preflop,call,990,hmwtmprmppaakzxbvbsmfj,flop,raise,990,njzlxoxvwukzqffefuzaup,flop,call,,,,,,,,,,,,,,,,,,,,,"H9,H3,HK",river,2000,0,1,,,"S7,C6","[{'name': 'Player1', 'uuid': 'njzlxoxvwukzqffefuzaup', 'stack': 990, 'state': 'participating'}, {'name': 'Player2', 'uuid': 'hmwtmprmppaakzxbvbsmfj', 'stack': 995, 'state': 'participating'}]",1000,Player1,1010,1,flop,0.21,0
10,nvzbmajpbawccqgjruxmhf,preflop,call,10,xmjervjtquyzjaapqegpay,preflop,call,990,nvzbmajpbawccqgjruxmhf,flop,raise,990,xmjervjtquyzjaapqegpay,flop,call,,,,,,,,,,,,,,,,,,,,,"SA,H2,DJ",river,2000,0,1,,,"DK,S9","[{'name': 'Player1', 'uuid': 'xmjervjtquyzjaapqegpay', 'stack': 990, 'state': 'participating'}, {'name': 'Player2', 'uuid': 'nvzbmajpbawccqgjruxmhf', 'stack': 995, 'state': 'participating'}]",1000,Player1,1010,1,flop,0.56,0
10,zbovcvdopztthnwpcyvnqb,preflop,call,10,sbbqewgejbebabevkplbmi,preflop,call,0,zbovcvdopztthnwpcyvnqb,flop,call,990,sbbqewgejbebabevkplbmi,flop,raise,990,zbovcvdopztthnwpcyvnqb,flop,call,,,,,,,,,,,,,,,,,"D3,SJ,SK",river,2000,2000,1,,,"S7,DJ","[{'name': 'Player1', 'uuid': 'sbbqewgejbebabevkplbmi', 'stack': 990, 'state': 'participating'}, {'name': 'Player2', 'uuid': 'zbovcvdopztthnwpcyvnqb', 'stack': 995, 'state': 'participating'}]",1000,Player1,20,1,flop,0.75,1
10,hhhvjewwadaawjnxstmfjv,preflop,call,10,vefejikktbsmyfxvazbbcu,preflop,call,0,hhhvjewwadaawjnxstmfjv,flop,call,0,vefejikktbsmyfxvazbbcu,flop,call,0,hhhvjewwadaawjnxstmfjv,turn,call,0,vefejikktbsmyfxvazbbcu,turn,call,0,hhhvjewwadaawjnxstmfjv,river,call,0,vefejikktbsmyfxvazbbcu,river,call,,,,,"D5,S2,CK,SQ,H7",river,20,990,1,,,"D4,S4","[{'name': 'Player1', 'uuid': 'vefejikktbsmyfxvazbbcu', 'stack': 990, 'state': 'participating'}, {'name': 'Player2', 'uuid': 'hhhvjewwadaawjnxstmfjv', 'stack': 995, 'state': 'participating'}]",1000,Player1,20,1,river,0.57,0
10,lfawuocpyvghatyvglrrtv,preflop,call,10,tuyjnxohugsumnxpethbxd,preflop,call,990,lfawuocpyvghatyvglrrtv,flop,raise,990,tuyjnxohugsumnxpethbxd,flop,call,,,,,,,,,,,,,,,,,,,,,"DJ,S8,S5",river,2000,0,1,,,"S4,S3","[{'name': 'Player1', 'uuid': 'tuyjnxohugsumnxpethbxd', 'stack': 990, 'state': 'participating'}, {'name': 'Player2', 'uuid': 'lfawuocpyvghatyvglrrtv', 'stack': 995, 'state': 'participating'}]",1000,Player1,1010,1,flop,0.48,0
10,covjklkxhxpoaxcjisinnn,preflop,call,10,xxiytnciefqazsoijitlsx,preflop,call,0,covjklkxhxpoaxcjisinnn,flop,call,0,xxiytnciefqazsoijitlsx,flop,call,990,covjklkxhxpoaxcjisinnn,turn,raise,990,xxiytnciefqazsoijitlsx,turn,call,,,,,,,,,,,,,"H8,CK,D6,HJ",river,2000,0,1,,,"C7,H6","[{'name': 'Player1', 'uuid': 'xxiytnciefqazsoijitlsx', 'stack': 990, 'state': 'participating'}, {'name': 'Player2', 'uuid': 'covjklkxhxpoaxcjisinnn', 'stack': 995, 'state': 'participating'}]",1000,Player1,1010,1,turn,0.58,0
10,ybmookfudjdjioxuqhjgan,preflop,call,10,xeilhjtdnmlggewodwzwrw,preflop,call,990,ybmookfudjdjioxuqhjgan,flop,raise,-1,xeilhjtdnmlggewodwzwrw,flop,raise,,,,,,,,,,,,,,,,,,,,,"CA,HQ,D6",flop,1010,990,1,,,"D4,SQ","[{'name': 'Player1', 'uuid': 'xeilhjtdnmlggewodwzwrw', 'stack': 990, 'state': 'participating'}, {'name': 'Player2', 'uuid': 'ybmookfudjdjioxuqhjgan', 'stack': 995, 'state': 'participating'}]",1000,Player1,1010,1,flop,0.73,0
10,yfohxfumiozexnikubibor,preflop,call,10,nqsqvpnqnuyuijgzsckani,preflop,call,0,yfohxfumiozexnikubibor,flop,call,0,nqsqvpnqnuyuijgzsckani,flop,call,0,yfohxfumiozexnikubibor,turn,call,0,nqsqvpnqnuyuijgzsckani,turn,call,0,yfohxfumiozexnikubibor,river,call,0,nqsqvpnqnuyuijgzsckani,river,call,,,,,"D9,DA,C7,D4,DT",river,20,990,1,,,"H2,SQ","[{'name': 'Player1', 'uuid': 'nqsqvpnqnuyuijgzsckani', 'stack': 990, 'state': 'participating'}, {'name': 'Player2', 'uuid': 'yfohxfumiozexnikubibor', 'stack': 995, 'state': 'participating'}]",1000,Player1,20,1,river,0.13,0
10,uhoknqqlgqnipsgotxurrm,preflop,call,10,kqrkrcpwgdwiepzxspvzge,preflop,call,0,uhoknqqlgqnipsgotxurrm,flop,call,0,kqrkrcpwgdwiepzxspvzge,flop,call,0,uhoknqqlgqnipsgotxurrm,turn,call,0,kqrkrcpwgdwiepzxspvzge,turn,call,0,uhoknqqlgqnipsgotxurrm,river,call,0,kqrkrcpwgdwiepzxspvzge,river,call,,,,,"H7,HK,HJ,D6,D8",river,20,1010,1,,,"C8,HQ","[{'name': 'Player1', 'uuid': 'kqrkrcpwgdwiepzxspvzge', 'stack': 990, 'state': 'participating'}, {'name': 'Player2', 'uuid': 'uhoknqqlgqnipsgotxurrm', 'stack': 995, 'state': 'participating'}]",1000,Player1,20,1,river,0.66,1
10,pudsdxivdkxtttjpufjjne,preflop,call,10,ykaudatokcnilwuvtvvtgg,preflop,call,0,pudsdxivdkxtttjpufjjne,flop,call,0,ykaudatokcnilwuvtvvtgg,flop,call,0,pudsdxivdkxtttjpufjjne,turn,call,0,ykaudatokcnilwuvtvvtgg,turn,call,0,pudsdxivdkxtttjpufjjne,river,call,0,ykaudatokcnilwuvtvvtgg,river,call,,,,,"H7,SA,HQ,CA,HK",river,20,990,1,,,"D8,S3","[{'name': 'Player1', 'uuid': 'ykaudatokcnilwuvtvvtgg', 'stack': 990, 'state': 'participating'}, {'name': 'Player2', 'uuid': 'pudsdxivdkxtttjpufjjne', 'stack': 995, 'state': 'participating'}]",1000,Player1,20,1,river,0.21,0
10,xsoelllosrumzsetssyptt,preflop,call,10,xsyzjnbypzmwwspyqswwzi,preflop,call,0,xsoelllosrumzsetssyptt,flop,call,0,xsyzjnbypzmwwspyqswwzi,flop,call,0,xsoelllosrumzsetssyptt,turn,call,0,xsyzjnbypzmwwspyqswwzi,turn,call,0,xsoelllosrumzsetssyptt,river,call,0,xsyzjnbypzmwwspyqswwzi,river,call,,,,,"C5,HQ,CK,DK,D2",river,20,990,1,,,"HA,D6","[{'name': 'Player1', 'uuid': 'xsyzjnbypzmwwspyqswwzi', 'stack': 990, 'state': 'participating'}, {'name': 'Player2', 'uuid': 'xsoelllosrumzsetssyptt', 'stack': 995, 'state': 'participating'}]",1000,Player1,20,1,river,0.43,0
10,ipmdpygvulbdsqdasyjmzb,preflop,call,10,hrldggiatajwioszrqdcra,preflop,call,0,ipmdpygvulbdsqdasyjmzb,flop,call,0,hrldggiatajwioszrqdcra,flop,call,0,ipmdpygvulbdsqdasyjmzb,turn,call,0,hrldggiatajwioszrqdcra,turn,call,0,ipmdpygvulbdsqdasyjmzb,river,call,990,hrldggiatajwioszrqdcra,river,raise,990,ipmdpygvulbdsqdasyjmzb,river,call,"CK,DQ,SK,H6,D2",river,2000,2000,1,,,"S4,D6","[{'name': 'Player1', 'uuid': 'hrldggiatajwioszrqdcra', 'stack': 990, 'state': 'participating'}, {'name': 'Player2', 'uuid': 'ipmdpygvulbdsqdasyjmzb', 'stack': 995, 'state': 'participating'}]",1000,Player1,20,1,river,0.72,1
10,lzajjrakkykamgezlzrvvm,preflop,call,10,mcifmafgbjwoqpbphxggcf,preflop,call,0,lzajjrakkykamgezlzrvvm,flop,call,0,mcifmafgbjwoqpbphxggcf,flop,call,0,lzajjrakkykamgezlzrvvm,turn,call,0,mcifmafgbjwoqpbphxggcf,turn,call,990,lzajjrakkykamgezlzrvvm,river,raise,990,mcifmafgbjwoqpbphxggcf,river,call,,,,,"H6,CJ,H8,D3,HK",river,2000,0,1,,,"H9,S7","[{'name': 'Player1', 'uuid': 'mcifmafgbjwoqpbphxggcf', 'stack': 990, 'state': 'participating'}, {'name': 'Player2', 'uuid': 'lzajjrakkykamgezlzrvvm', 'stack': 995, 'state': 'participating'}]",1000,Player1,1010,1,river,0.12,0
10,bxjtehuujswgxyqhdnmpmn,preflop,call,10,cgxsfffcosuwlcetxrszae,preflop,call,0,bxjtehuujswgxyqhdnmpmn,flop,call,0,cgxsfffcosuwlcetxrszae,flop,call,0,bxjtehuujswgxyqhdnmpmn,turn,call,0,cgxsfffcosuwlcetxrszae,turn,call,0,bxjtehuujswgxyqhdnmpmn,river,call,0,cgxsfffcosuwlcetxrszae,river,call,,,,,"H8,HK,CQ,C7,S7",river,20,1000,1,,,"D9,S3","[{'name': 'Player1', 'uuid': 'cgxsfffcosuwlcetxrszae', 'stack': 990, 'state': 'participating'}, {'name': 'Player2', 'uuid': 'bxjtehuujswgxyqhdnmpmn', 'stack': 995, 'state': 'participating'}]",1000,Player1,20,1,river,0.2,1
10,jennmzfbuvlpwelbximzld,preflop,call,10,premnptvewykdrjsndwtoh,preflop,call,0,jennmzfbuvlpwelbximzld,flop,call,990,premnptvewykdrjsndwtoh,flop,raise,990,jennmzfbuvlpwelbximzld,flop,call,,,,,,,,,,,,,,,,,"HQ,S4,C6",river,2000,0,1,,,"D2,CQ","[{'name': 'Player1', 'uuid': 'premnptvewykdrjsndwtoh', 'stack': 990, 'state': 'participating'}, {'name': 'Player2', 'uuid': 'jennmzfbuvlpwelbximzld', 'stack': 995, 'state': 'participating'}]",1000,Player1,20,1,flop,0.75,0
10,lesfqcmijetnoibeauclui,preflop,call,1000,famforqjfwlqbljftmirlf,preflop,raise,1000,lesfqcmijetnoibeauclui,preflop,call,,,,,,,,,,,,,,,,,,,,,,,,,,river,2000,2000,1,,,"HA,CA","[{'name': 'Player1', 'uuid': 'famforqjfwlqbljftmirlf', 'stack': 990, 'state': 'participating'}, {'name': 'Player2', 'uuid': 'lesfqcmijetnoibeauclui', 'stack': 995, 'state': 'participating'}]",1000,Player1,20,1,preflop,0.87,1
10,obrghvnoagiknrfjauydxo,preflop,call,10,nifjbaxviykqgqtfiaexwu,preflop,call,0,obrghvnoagiknrfjauydxo,flop,call,0,nifjbaxviykqgqtfiaexwu,flop,call,0,obrghvnoagiknrfjauydxo,turn,call,0,nifjbaxviykqgqtfiaexwu,turn,call,0,obrghvnoagiknrfjauydxo,river,call,0,nifjbaxviykqgqtfiaexwu,river,call,,,,,"H6,DA,SJ,D9,C5",river,20,990,1,,,"D2,S3","[{'name': 'Player1', 'uuid': 'nifjbaxviykqgqtfiaexwu', 'stack': 990, 'state': 'participating'}, {'name': 'Player2', 'uuid': 'obrghvnoagiknrfjauydxo', 'stack': 995, 'state': 'participating'}]",1000,Player1,20,1,river,0.01,0
10,yqcapxwcriodvhrmroesxk,preflop,call,10,qvenaijmqpqhruuljohfmq,preflop,call,0,yqcapxwcriodvhrmroesxk,flop,call,0,qvenaijmqpqhruuljohfmq,flop,call,0,yqcapxwcriodvhrmroesxk,turn,call,0,qvenaijmqpqhruuljohfmq,turn,call,0,yqcapxwcriodvhrmroesxk,river,call,990,qvenaijmqpqhruuljohfmq,river,raise,990,yqcapxwcriodvhrmroesxk,river,call,"D9,C7,SK,D5,D8",river,2000,2000,1,,,"S2,D6","[{'name': 'Player1', 'uuid': 'qvenaijmqpqhruuljohfmq', 'stack': 990, 'state': 'participating'}, {'name': 'Player2', 'uuid': 'yqcapxwcriodvhrmroesxk', 'stack': 995, 'state': 'participating'}]",1000,Player1,20,1,river,0.83,1
10,wyxyvepqljnipgfgjwbeez,preflop,call,10,cchqsclkmccxigecejyhch,preflop,call,990,wyxyvepqljnipgfgjwbeez,flop,raise,990,cchqsclkmccxigecejyhch,flop,call,,,,,,,,,,,,,,,,,,,,,"DJ,CQ,D5",river,2000,2000,1,,,"HA,C5","[{'name': 'Player1', 'uuid': 'cchqsclkmccxigecejyhch', 'stack': 990, 'state': 'participating'}, {'name': 'Player2', 'uuid': 'wyxyvepqljnipgfgjwbeez', 'stack': 995, 'state': 'participating'}]",1000,Player1,1010,1,flop,0.68,1
10,aswnnnpzquqoubwyyoxlbr,preflop,call,10,gfehbcotryeaypkcvyosbq,preflop,call,0,aswnnnpzquqoubwyyoxlbr,flop,call,0,gfehbcotryeaypkcvyosbq,flop,call,0,aswnnnpzquqoubwyyoxlbr,turn,call,0,gfehbcotryeaypkcvyosbq,turn,call,0,aswnnnpzquqoubwyyoxlbr,river,call,0,gfehbcotryeaypkcvyosbq,river,call,,,,,"D5,CA,H3,S2,H5",river,20,990,1,,,"H8,D6","[{'name': 'Player1', 'uuid': 'gfehbcotryeaypkcvyosbq', 'stack': 990, 'state': 'participating'}, {'name': 'Player2', 'uuid': 'aswnnnpzquqoubwyyoxlbr', 'stack': 995, 'state': 'participating'}]",1000,Player1,20,1,river,0.0,0
10,qlbljujveyfxkvyfkmdhkj,preflop,call,10,nvplsmyzfvnmuvtqwepmgy,preflop,call,0,qlbljujveyfxkvyfkmdhkj,flop,call,0,nvplsmyzfvnmuvtqwepmgy,flop,call,0,qlbljujveyfxkvyfkmdhkj,turn,call,0,nvplsmyzfvnmuvtqwepmgy,turn,call,0,qlbljujveyfxkvyfkmdhkj,river,call,990,nvplsmyzfvnmuvtqwepmgy,river,raise,990,qlbljujveyfxkvyfkmdhkj,river,call,"C3,C9,HJ,D2,H2",river,2000,2000,1,,,"SQ,S2","[{'name': 'Player1', 'uuid': 'nvplsmyzfvnmuvtqwepmgy', 'stack': 990, 'state': 'participating'}, {'name': 'Player2', 'uuid': 'qlbljujveyfxkvyfkmdhkj', 'stack': 995, 'state': 'participating'}]",1000,Player1,20,1,river,0.96,1
10,thsarxqybqmtebiaqyifxi,preflop,call,10,kihxlfgurxzahjhhrhxpsu,preflop,call,990,thsarxqybqmtebiaqyifxi,flop,raise,990,kihxlfgurxzahjhhrhxpsu,flop,call,,,,,,,,,,,,,,,,,,,,,"C8,S4,H3",river,2000,0,1,,,"H6,ST","[{'name': 'Player1', 'uuid': 'kihxlfgurxzahjhhrhxpsu', 'stack': 990, 'state': 'participating'}, {'name': 'Player2', 'uuid': 'thsarxqybqmtebiaqyifxi', 'stack': 995, 'state': 'participating'}]",1000,Player1,1010,1,flop,0.29,0
10,bsskocxjkntiqasiilpsnl,preflop,call,10,morgtiascunotscqethzpk,preflop,call,0,bsskocxjkntiqasiilpsnl,flop,call,990,morgtiascunotscqethzpk,flop,raise,990,bsskocxjkntiqasiilpsnl,flop,call,,,,,,,,,,,,,,,,,"CJ,H2,HA",river,2000,2000,1,,,"SA,S8","[{'name': 'Player1', 'uuid': 'morgtiascunotscqethzpk', 'stack': 990, 'state': 'participating'}, {'name': 'Player2', 'uuid': 'bsskocxjkntiqasiilpsnl', 'stack': 995, 'state': 'participating'}]",1000,Player1,20,1,flop,0.83,1
10,insyxwvlijpuxthnxdkflf,preflop,call,10,crmblxujfbebxbzfjclycq,preflop,call,0,insyxwvlijpuxthnxdkflf,flop,call,0,crmblxujfbebxbzfjclycq,flop,call,0,insyxwvlijpuxthnxdkflf,turn,call,0,crmblxujfbebxbzfjclycq,turn,call,0,insyxwvlijpuxthnxdkflf,river,call,0,crmblxujfbebxbzfjclycq,river,call,,,,,"D7,CA,HK,C8,D4",river,20,990,1,,,"D3,S9","[{'name': 'Player1', 'uuid': 'crmblxujfbebxbzfjclycq', 'stack': 990, 'state': 'participating'}, {'name': 'Player2', 'uuid': 'insyxwvlijpuxthnxdkflf', 'stack': 995, 'state': 'participating'}]",1000,Player1,20,1,river,0.09,0
10,vvpklcdfgkumtrpqunkzgw,preflop,call,10,dcjubjxjtmrppkirjfgvzd,preflop,call,0,vvpklcdfgkumtrpqunkzgw,flop,call,0,dcjubjxjtmrppkirjfgvzd,flop,call,0,vvpklcdfgkumtrpqunkzgw,turn,call,0,dcjubjxjtmrppkirjfgvzd,turn,call,0,vvpklcdfgkumtrpqunkzgw,river,call,0,dcjubjxjtmrppkirjfgvzd,river,call,,,,,"H6,D2,DJ,S3,H7",river,20,1010,1,,,"HA,C8","[{'name': 'Player1', 'uuid': 'dcjubjxjtmrppkirjfgvzd', 'stack': 990, 'state': 'participating'}, {'name': 'Player2', 'uuid': 'vvpklcdfgkumtrpqunkzgw', 'stack': 995, 'state': 'participating'}]",1000,Player1,20,1,river,0.33,1
10,vfvkleehnxsqrcwehtugww,preflop,call,10,suhunfeerddgxwneiorzos,preflop,call,990,vfvkleehnxsqrcwehtugww,flop,raise,990,suhunfeerddgxwneiorzos,flop,call,,,,,,,,,,,,,,,,,,,,,"S8,C6,C2",river,2000,0,1,,,"C9,HK","[{'name': 'Player1', 'uuid': 'suhunfeerddgxwneiorzos', 'stack': 990, 'state': 'participating'}, {'name': 'Player2', 'uuid': 'vfvkleehnxsqrcwehtugww', 'stack': 995, 'state': 'participating'}]",1000,Player1,1010,1,flop,0.45,0
10,hmtbvkfdonxmivejyzzajd,preflop,call,10,dmmnjcrtovfixtqwdmphsv,preflop,call,0,hmtbvkfdonxmivejyzzajd,flop,call,0,dmmnjcrtovfixtqwdmphsv,flop,call,990,hmtbvkfdonxmivejyzzajd,turn,raise,990,dmmnjcrtovfixtqwdmphsv,turn,call,,,,,,,,,,,,,"S6,DJ,DQ,C7",river,2000,2000,1,,,"CT,C9","[{'name': 'Player1', 'uuid': 'dmmnjcrtovfixtqwdmphsv', 'stack': 990, 'state': 'participating'}, {'name': 'Player2', 'uuid': 'hmtbvkfdonxmivejyzzajd', 'stack': 995, 'state': 'participating'}]",1000,Player1,1010,1,turn,0.4,1
10,embqhojmbfoauvxnibmwaw,preflop,call,10,nkcvbmivjohhokbclrkdfc,preflop,call,0,embqhojmbfoauvxnibmwaw,flop,call,990,nkcvbmivjohhokbclrkdfc,flop,raise,990,embqhojmbfoauvxnibmwaw,flop,call,,,,,,,,,,,,,,,,,"HT,H5,SA",river,2000,2000,1,,,"DA,S4","[{'name': 'Player1', 'uuid': 'nkcvbmivjohhokbclrkdfc', 'stack': 990, 'state': 'participating'}, {'name': 'Player2', 'uuid': 'embqhojmbfoauvxnibmwaw', 'stack': 995, 'state': 'participating'}]",1000,Player1,20,1,flop,0.85,1
10,tbcbsxraxxjajpmvsmqadq,preflop,call,10,koswkjcjrilxufcwjygkyw,preflop,call,0,tbcbsxraxxjajpmvsmqadq,flop,call,0,koswkjcjrilxufcwjygkyw,flop,call,990,tbcbsxraxxjajpmvsmqadq,turn,raise,990,koswkjcjrilxufcwjygkyw,turn,call,,,,,,,,,,,,,"C8,SJ,HJ,C2",river,2000,0,1,,,"S9,H5","[{'name': 'Player1', 'uuid': 'koswkjcjrilxufcwjygkyw', 'stack': 990, 'state': 'participating'}, {'name': 'Player2', 'uuid': 'tbcbsxraxxjajpmvsmqadq', 'stack': 995, 'state': 'participating'}]",1000,Player1,1010,1,turn,0.28,0
10,iclncgxjwdmpkocigsijyx,preflop,call,10,wbjirewuqlzcflbbofttun,preflop,call,0,iclncgxjwdmpkocigsijyx,flop,call,0,wbjirewuqlzcflbbofttun,flop,call,0,iclncgxjwdmpkocigsijyx,turn,call,0,wbjirewuqlzcflbbofttun,turn,call,0,iclncgxjwdmpkocigsijyx,river,call,990,wbjirewuqlzcflbbofttun,river,raise,990,iclncgxjwdmpkocigsijyx,river,call,"H5,C4,DQ,D5,D7",river,2000,2000,1,,,"DT,DA","[{'name': 'Player1', 'uuid': 'wbjirewuqlzcflbbofttun', 'stack': 990, 'state': 'participating'}, {'name': 'Player2', 'uuid': 'iclncgxjwdmpkocigsijyx', 'stack': 995, 'state': 'participating'}]",1000,Player1,20,1,river,0.98,1
10,syhvkixvuxqmvebpiwafcq,preflop,call,10,hzqovpezdplvpamwwsztnl,preflop,call,0,syhvkixvuxqmvebpiwafcq,flop,call,0,hzqovpezdplvpamwwsztnl,flop,call,990,syhvkixvuxqmvebpiwafcq,turn,raise,990,hzqovpezdplvpamwwsztnl,turn,call,,,,,,,,,,,,,"CA,HQ,H9,C7",river,2000,0,1,,,"S2,HT","[{'name': 'Player1', 'uuid': 'hzqovpezdplvpamwwsztnl', 'stack': 990, 'state': 'participating'}, {'name': 'Player2', 'uuid': 'syhvkixvuxqmvebpiwafcq', 'stack': 995, 'state': 'participating'}]",1000,Player1,1010,1,turn,0.2,0
10,ccfzzhhcaursaaqqekkjcl,preflop,call,10,ggheqwvkaafqirzgpvvtnl,preflop,call,0,ccfzzhhcaursaaqqekkjcl,flop,call,990,ggheqwvkaafqirzgpvvtnl,flop,raise,990,ccfzzhhcaursaaqqekkjcl,flop,call,,,,,,,,,,,,,,,,,"CJ,D8,H9",river,2000,2000,1,,,"C2,SJ","[{'name': 'Player1', 'uuid': 'ggheqwvkaafqirzgpvvtnl', 'stack': 990, 'state': 'participating'}, {'name': 'Player2', 'uuid': 'ccfzzhhcaursaaqqekkjcl', 'stack': 995, 'state': 'participating'}]",1000,Player1,20,1,flop,0.71,1
10,mbkqodawfpsdeyjtvyjvcl,preflop,call,10,sooaqjrxpjjknbkieyivzi,preflop,call,0,mbkqodawfpsdeyjtvyjvcl,flop,call,0,sooaqjrxpjjknbkieyivzi,flop,call,0,mbkqodawfpsdeyjtvyjvcl,turn,call,0,sooaqjrxpjjknbkieyivzi,turn,call,0,mbkqodawfpsdeyjtvyjvcl,river,call,0,sooaqjrxpjjknbkieyivzi,river,call,,,,,"S3,HT,SK,DT,CK",river,20,990,1,,,"H9,DJ","[{'name': 'Player1', 'uuid': 'sooaqjrxpjjknbkieyivzi', 'stack': 990, 'state': 'participating'}, {'name': 'Player2', 'uuid': 'mbkqodawfpsdeyjtvyjvcl', 'stack': 995, 'state': 'participating'}]",1000,Player1,20,1,river,0.6,0
10,umjqatywbqdqfxoljqorre,preflop,call,10,hhidoelaonhsxhinlmyycs,preflop,call,0,umjqatywbqdqfxoljqorre,flop,call,0,hhidoelaonhsxhinlmyycs,flop,call,0,umjqatywbqdqfxoljqorre,turn,call,0,hhidoelaonhsxhinlmyycs,turn,call,0,umjqatywbqdqfxoljqorre,river,call,0,hhidoelaonhsxhinlmyycs,river,call,,,,,"S8,CJ,HT,D2,DA",river,20,1010,1,,,"D5,C8","[{'name': 'Player1', 'uuid': 'hhidoelaonhsxhinlmyycs', 'stack': 990, 'state': 'participating'}, {'name': 'Player2', 'uuid': 'umjqatywbqdqfxoljqorre', 'stack': 995, 'state': 'participating'}]",1000,Player1,20,1,river,0.47,1
10,nqwnwvthajdvapkjmrolht,preflop,call,10,pfhznomaghddmzgnjtfxsp,preflop,call,0,nqwnwvthajdvapkjmrolht,flop,call,0,pfhznomaghddmzgnjtfxsp,flop,call,0,nqwnwvthajdvapkjmrolht,turn,call,0,pfhznomaghddmzgnjtfxsp,turn,call,0,nqwnwvthajdvapkjmrolht,river,call,0,pfhznomaghddmzgnjtfxsp,river,call,,,,,"C5,DA,C2,HA,SJ",river,20,1010,1,,,"D3,H3","[{'name': 'Player1', 'uuid': 'pfhznomaghddmzgnjtfxsp', 'stack': 990, 'state': 'participating'}, {'name': 'Player2', 'uuid': 'nqwnwvthajdvapkjmrolht', 'stack': 995, 'state': 'participating'}]",1000,Player1,20,1,river,0.65,1
10,ynizcqnalvwyuuokkbpbib,preflop,call,10,lmcbylmmaupildgvwwtncl,preflop,call,0,ynizcqnalvwyuuokkbpbib,flop,call,0,lmcbylmmaupildgvwwtncl,flop,call,0,ynizcqnalvwyuuokkbpbib,turn,call,990,lmcbylmmaupildgvwwtncl,turn,raise,990,ynizcqnalvwyuuokkbpbib,turn,call,,,,,,,,,"DT,DJ,HJ,CK",river,2000,2000,1,,,"HK,C2","[{'name': 'Player1', 'uuid': 'lmcbylmmaupildgvwwtncl', 'stack': 990, 'state': 'participating'}, {'name': 'Player2', 'uuid': 'ynizcqnalvwyuuokkbpbib', 'stack': 995, 'state': 'participating'}]",1000,Player1,20,1,turn,0.74,1
10,dpbgkavnnueplzlexwtaee,preflop,call,10,tmfsvvjhljxlwhjzzyobvo,preflop,call,0,dpbgkavnnueplzlexwtaee,flop,call,0,tmfsvvjhljxlwhjzzyobvo,flop,call,0,dpbgkavnnueplzlexwtaee,turn,call,990,tmfsvvjhljxlwhjzzyobvo,turn,raise,990,dpbgkavnnueplzlexwtaee,turn,call,,,,,,,,,"H5,D6,D4,H9",river,2000,2000,1,,,"D9,CQ","[{'name': 'Player1', 'uuid': 'tmfsvvjhljxlwhjzzyobvo', 'stack': 990, 'state': 'participating'}, {'name': 'Player2', 'uuid': 'dpbgkavnnueplzlexwtaee', 'stack': 995, 'state': 'participating'}]",1000,Player1,20,1,turn,0.77,1
10,kjhwsfyzwtmgchsbvoxfpu,preflop,call,10,godlzwtmphugckaecynjib,preflop,call,0,kjhwsfyzwtmgchsbvoxfpu,flop,call,0,godlzwtmphugckaecynjib,flop,call,0,kjhwsfyzwtmgchsbvoxfpu,turn,call,0,godlzwtmphugckaecynjib,turn,call,0,kjhwsfyzwtmgchsbvoxfpu,river,call,0,godlzwtmphugckaecynjib,river,call,,,,,"SK,DT,CT,HT,SQ",river,20,1010,1,,,"D3,HA","[{'name': 'Player1', 'uuid': 'godlzwtmphugckaecynjib', 'stack': 990, 'state': 'participating'}, {'name': 'Player2', 'uuid': 'kjhwsfyzwtmgchsbvoxfpu', 'stack': 995, 'state': 'participating'}]",1000,Player1,20,1,river,0.57,1
10,trvimuiorthwcymgrrdgzt,preflop,call,10,wzsjxbbkufepdaksdpcxvp,preflop,call,0,trvimuiorthwcymgrrdgzt,flop,call,0,wzsjxbbkufepdaksdpcxvp,flop,call,0,trvimuiorthwcymgrrdgzt,turn,call,0,wzsjxbbkufepdaksdpcxvp,turn,call,0,trvimuiorthwcymgrrdgzt,river,call,0,wzsjxbbkufepdaksdpcxvp,river,call,,,,,"H6,H7,HK,SK,C6",river,20,1010,1,,,"D8,ST","[{'name': 'Player1', 'uuid': 'wzsjxbbkufepdaksdpcxvp', 'stack': 990, 'state': 'participating'}, {'name': 'Player2', 'uuid': 'trvimuiorthwcymgrrdgzt', 'stack': 995, 'state': 'participating'}]",1000,Player1,20,1,river,0.28,1
10,edgyvpfjayngjtxtifuezh,preflop,call,10,agpvinkuosvtwnzoucvlgf,preflop,call,0,edgyvpfjayngjtxtifuezh,flop,call,0,agpvinkuosvtwnzoucvlgf,flop,call,0,edgyvpfjayngjtxtifuezh,turn,call,0,agpvinkuosvtwnzoucvlgf,turn,call,0,edgyvpfjayngjtxtifuezh,river,call,0,agpvinkuosvtwnzoucvlgf,river,call,,,,,"S9,H6,S5,S8,DK",river,20,990,1,,,"DQ,ST","[{'name': 'Player1', 'uuid': 'agpvinkuosvtwnzoucvlgf', 'stack': 990, 'state': 'participating'}, {'name': 'Player2', 'uuid': 'edgyvpfjayngjtxtifuezh', 'stack': 995, 'state': 'participating'}]",1000,Player1,20,1,river,0.15,0
10,fvgwadjyxkomsgfiofdavv,preflop,call,10,irgdpogwhlixwdngiistyf,preflop,call,0,fvgwadjyxkomsgfiofdavv,flop,call,0,irgdpogwhlixwdngiistyf,flop,call,0,fvgwadjyxkomsgfiofdavv,turn,call,0,irgdpogwhlixwdngiistyf,turn,call,0,fvgwadjyxkomsgfiofdavv,river,call,0,irgdpogwhlixwdngiistyf,river,call,,,,,"HA,HJ,S8,D3,SJ",river,20,1010,1,,,"C2,S5","[{'name': 'Player1', 'uuid': 'irgdpogwhlixwdngiistyf', 'stack': 990, 'state': 'participating'}, {'name': 'Player2', 'uuid': 'fvgwadjyxkomsgfiofdavv', 'stack': 995, 'state': 'participating'}]",1000,Player1,20,1,river,0.02,1
10,pdatttcbegvufggmcvazxr,preflop,call,10,gmyuysyxmbmlqryaqqndia,preflop,call,0,pdatttcbegvufggmcvazxr,flop,call,0,gmyuysyxmbmlqryaqqndia,flop,call,0,pdatttcbegvufggmcvazxr,turn,call,0,gmyuysyxmbmlqryaqqndia,turn,call,0,pdatttcbegvufggmcvazxr,river,call,0,gmyuysyxmbmlqryaqqndia,river,call,,,,,"CQ,DK,C9,S5,SQ",river,20,1010,1,,,"CT,H7","[{'name': 'Player1', 'uuid': 'gmyuysyxmbmlqryaqqndia', 'stack': 990, 'state': 'participating'}, {'name': 'Player2', 'uuid': 'pdatttcbegvufggmcvazxr', 'stack': 995, 'state': 'participating'}]",1000,Player1,20,1,river,0.34,1
10,yqulwgthugnufkqomtmxjo,preflop,call,10,knrevktbqjrewwguqmylna,preflop,call,990,yqulwgthugnufkqomtmxjo,flop,raise,-1,knrevktbqjrewwguqmylna,flop,raise,,,,,,,,,,,,,,,,,,,,,"C8,D3,DJ",flop,1010,990,1,,,"H8,C9","[{'name': 'Player1', 'uuid': 'knrevktbqjrewwguqmylna', 'stack': 990, 'state': 'participating'}, {'name': 'Player2', 'uuid': 'yqulwgthugnufkqomtmxjo', 'stack': 995, 'state': 'participating'}]",1000,Player1,1010,1,flop,0.79,0
10,ssicnewoffrhaxzhgfckav,preflop,call,10,aahtpftpnukzwmagpqmame,preflop,call,990,ssicnewoffrhaxzhgfckav,flop,raise,-1,aahtpftpnukzwmagpqmame,flop,raise,,,,,,,,,,,,,,,,,,,,,"H6,D9,C6",flop,1010,990,1,,,"CQ,H9","[{'name': 'Player1', 'uuid': 'aahtpftpnukzwmagpqmame', 'stack': 990, 'state': 'participating'}, {'name': 'Player2', 'uuid': 'ssicnewoffrhaxzhgfckav', 'stack': 995, 'state': 'participating'}]",1000,Player1,1010,1,flop,0.78,0
10,jwazopxihtfpukjeuaqwbf,preflop,call,10,lunsicijeoayhkjlkxpfqo,preflop,call,0,jwazopxihtfpukjeuaqwbf,flop,call,0,lunsicijeoayhkjlkxpfqo,flop,call,990,jwazopxihtfpukjeuaqwbf,turn,raise,990,lunsicijeoayhkjlkxpfqo,turn,call,,,,,,,,,,,,,"SJ,D5,S2,H2",river,2000,0,1,,,"S3,S7","[{'name': 'Player1', 'uuid': 'lunsicijeoayhkjlkxpfqo', 'stack': 990, 'state': 'participating'}, {'name': 'Player2', 'uuid': 'jwazopxihtfpukjeuaqwbf', 'stack': 995, 'state': 'participating'}]",1000,Player1,1010,1,turn,0.31,0
1000,lmqckukvvbyhyzgwrsjfry,preflop,raise,1000,kgvhnixxidspgqtvmdkdwy,preflop,call,,,,,,,,,,,,,,,,,,,,,,,,,,,,,,river,2000,0,1,,,"H6,C8","[{'name': 'Player1', 'uuid': 'kgvhnixxidspgqtvmdkdwy', 'stack': 990, 'state': 'participating'}, {'name': 'Player2', 'uuid': 'lmqckukvvbyhyzgwrsjfry', 'stack': 995, 'state': 'participating'}]",1000,Player1,1010,1,preflop,0.33,0
10,lqvoklncdjirspwupkxdqg,preflop,call,10,yvsrbagoizexkeyphfnece,preflop,call,0,lqvoklncdjirspwupkxdqg,flop,call,0,yvsrbagoizexkeyphfnece,flop,call,0,lqvoklncdjirspwupkxdqg,turn,call,990,yvsrbagoizexkeyphfnece,turn,raise,990,lqvoklncdjirspwupkxdqg,turn,call,,,,,,,,,"SQ,H9,DQ,D9",river,2000,2000,1,,,"SA,CK","[{'name': 'Player1', 'uuid': 'yvsrbagoizexkeyphfnece', 'stack': 990, 'state': 'participating'}, {'name': 'Player2', 'uuid': 'lqvoklncdjirspwupkxdqg', 'stack': 995, 'state': 'participating'}]",1000,Player1,20,1,turn,0.87,1
10,umeuwmvhtqtjrslqbswvid,preflop,call,10,wntiuqwfikegidwginbaog,preflop,call,0,umeuwmvhtqtjrslqbswvid,flop,call,990,wntiuqwfikegidwginbaog,flop,raise,990,umeuwmvhtqtjrslqbswvid,flop,call,,,,,,,,,,,,,,,,,"C4,C9,DA",river,2000,2000,1,,,"C5,H9","[{'name': 'Player1', 'uuid': 'wntiuqwfikegidwginbaog', 'stack': 990, 'state': 'participating'}, {'name': 'Player2', 'uuid': 'umeuwmvhtqtjrslqbswvid', 'stack': 995, 'state': 'participating'}]",1000,Player1,20,1,flop,0.72,1
10,xsdlpdphuymnhyxiendrqd,preflop,call,10,vvqespmngthrqdjkawmqji,preflop,call,0,xsdlpdphuymnhyxiendrqd,flop,call,0,vvqespmngthrqdjkawmqji,flop,call,0,xsdlpdphuymnhyxiendrqd,turn,call,0,vvqespmngthrqdjkawmqji,turn,call,0,xsdlpdphuymnhyxiendrqd,river,call,0,vvqespmngthrqdjkawmqji,river,call,,,,,"SJ,H5,C3,HA,DJ",river,20,1010,1,,,"D9,CQ","[{'name': 'Player1', 'uuid': 'vvqespmngthrqdjkawmqji', 'stack': 990, 'state': 'participating'}, {'name': 'Player2', 'uuid': 'xsdlpdphuymnhyxiendrqd', 'stack': 995, 'state': 'participating'}]",1000,Player1,20,1,river,0.44,1
10,gkakzsbjdekhtsxyleeghg,preflop,call,1000,fuswlwjesnhlssnkuzjdnv,preflop,raise,1000,gkakzsbjdekhtsxyleeghg,preflop,call,,,,,,,,,,,,,,,,,,,,,,,,,,river,2000,2000,1,,,"SJ,DJ","[{'name': 'Player1', 'uuid': 'fuswlwjesnhlssnkuzjdnv', 'stack': 990, 'state': 'participating'}, {'name': 'Player2', 'uuid': 'gkakzsbjdekhtsxyleeghg', 'stack': 995, 'state': 'participating'}]",1000,Player1,20,1,preflop,0.8,1
10,amlawpzofrmwpylxzuuywk,preflop,call,10,mjnlliknovqmfjjhvqoubw,preflop,call,0,amlawpzofrmwpylxzuuywk,flop,call,0,mjnlliknovqmfjjhvqoubw,flop,call,990,amlawpzofrmwpylxzuuywk,turn,raise,990,mjnlliknovqmfjjhvqoubw,turn,call,,,,,,,,,,,,,"CJ,C8,H4,DQ",river,2000,0,1,,,"S3,C6","[{'name': 'Player1', 'uuid': 'mjnlliknovqmfjjhvqoubw', 'stack': 990, 'state': 'participating'}, {'name': 'Player2', 'uuid': 'amlawpzofrmwpylxzuuywk', 'stack': 995, 'state': 'participating'}]",1000,Player1,1010,1,turn,0.15,0
10,gwhbhzjfdbiltckrmnjrrt,preflop,call,10,xnguldopljsxmptkdbtxbt,preflop,call,990,gwhbhzjfdbiltckrmnjrrt,flop,raise,990,xnguldopljsxmptkdbtxbt,flop,call,,,,,,,,,,,,,,,,,,,,,"CT,H7,H5",river,2000,0,1,,,"DQ,D8","[{'name': 'Player1', 'uuid': 'xnguldopljsxmptkdbtxbt', 'stack': 990, 'state': 'participating'}, {'name': 'Player2', 'uuid': 'gwhbhzjfdbiltckrmnjrrt', 'stack': 995, 'state': 'participating'}]",1000,Player1,1010,1,flop,0.47,0
10,vdyxevsojhurirsdaennns,preflop,call,10,uicmymfgbbempfstgpyvai,preflop,call,990,vdyxevsojhurirsdaennns,flop,raise,990,uicmymfgbbempfstgpyvai,flop,call,,,,,,,,,,,,,,,,,,,,,"DK,SK,D6",river,2000,0,1,,,"H2,S6","[{'name': 'Player1', 'uuid': 'uicmymfgbbempfstgpyvai', 'stack': 990, 'state': 'participating'}, {'name': 'Player2', 'uuid': 'vdyxevsojhurirsdaennns', 'stack': 995, 'state': 'participating'}]",1000,Player1,1010,1,flop,0.57,0
10,hkmwrlimvoohvceggxtibs,preflop,call,10,uxfzalbdllocnfoobqghae,preflop,call,0,hkmwrlimvoohvceggxtibs,flop,call,0,uxfzalbdllocnfoobqghae,flop,call,0,hkmwrlimvoohvceggxtibs,turn,call,0,uxfzalbdllocnfoobqghae,turn,call,0,hkmwrlimvoohvceggxtibs,river,call,0,uxfzalbdllocnfoobqghae,river,call,,,,,"C8,SK,H7,H8,S5",river,20,1010,1,,,"DJ,H2","[{'name': 'Player1', 'uuid': 'uxfzalbdllocnfoobqghae', 'stack': 990, 'state': 'participating'}, {'name': 'Player2', 'uuid': 'hkmwrlimvoohvceggxtibs', 'stack': 995, 'state': 'participating'}]",1000,Player1,20,1,river,0.18,1
10,sfqzkmjayifndqqcujmxfk,preflop,call,10,ourrcagzemxjvagtnhluxt,preflop,call,990,sfqzkmjayifndqqcujmxfk,flop,raise,990,ourrcagzemxjvagtnhluxt,flop,call,,,,,,,,,,,,,,,,,,,,,"HA,ST,HK",river,2000,0,1,,,"C6,H5","[{'name': 'Player1', 'uuid': 'ourrcagzemxjvagtnhluxt', 'stack': 990, 'state': 'participating'}, {'name': 'Player2', 'uuid': 'sfqzkmjayifndqqcujmxfk', 'stack': 995, 'state': 'participating'}]",1000,Player1,1010,1,flop,0.18,0
1000,uzobubdewnuuulmqtgddrp,preflop,raise,1000,qsgvdkphoighmfpsqjwzov,preflop,call,,,,,,,,,,,,,,,,,,,,,,,,,,,,,,river,2000,0,1,,,"S3,C3","[{'name': 'Player1', 'uuid': 'qsgvdkphoighmfpsqjwzov', 'stack': 990, 'state': 'participating'}, {'name': 'Player2', 'uuid': 'uzobubdewnuuulmqtgddrp', 'stack': 995, 'state': 'participating'}]",1000,Player1,1010,1,preflop,0.44,0
10,yqafvjazjgcmexatcpptoa,preflop,call,10,wlxyvpszxhgrkhuoiflclu,preflop,call,0,yqafvjazjgcmexatcpptoa,flop,call,0,wlxyvpszxhgrkhuoiflclu,flop,call,0,yqafvjazjgcmexatcpptoa,turn,call,0,wlxyvpszxhgrkhuoiflclu,turn,call,990,yqafvjazjgcmexatcpptoa,river,raise,990,wlxyvpszxhgrkhuoiflclu,river,call,,,,,"S9,CQ,C8,HJ,ST",river,2000,0,1,,,"C3,H4","[{'name': 'Player1', 'uuid': 'wlxyvpszxhgrkhuoiflclu', 'stack': 990, 'state': 'participating'}, {'name': 'Player2', 'uuid': 'yqafvjazjgcmexatcpptoa', 'stack': 995, 'state': 'participating'}]",1000,Player1,1010,1,river,0.04,0
10,mogqngsbuulwqvlfrgiyft,preflop,call,10,wuxlfmumgwbpfrzkoiosdz,preflop,call,0,mogqngsbuulwqvlfrgiyft,flop,call,0,wuxlfmumgwbpfrzkoiosdz,flop,call,0,mogqngsbuulwqvlfrgiyft,turn,call,0,wuxlfmumgwbpfrzkoiosdz,turn,call,0,mogqngsbuulwqvlfrgiyft,river,call,990,wuxlfmumgwbpfrzkoiosdz,river,raise,990,mogqngsbuulwqvlfrgiyft,river,call,"CJ,D9,D8,CA,HK",river,2000,2000,1,,,"DK,HJ","[{'name': 'Player1', 'uuid': 'wuxlfmumgwbpfrzkoiosdz', 'stack': 990, 'state': 'participating'}, {'name': 'Player2', 'uuid': 'mogqngsbuulwqvlfrgiyft', 'stack': 995, 'state': 'participating'}]",1000,Player1,20,1,river,0.93,1
10,wiokhzpwlxhgxkqdteeqnd,preflop,call,10,xgvxuyfvpmuhgbipleepki,preflop,call,0,wiokhzpwlxhgxkqdteeqnd,flop,call,0,xgvxuyfvpmuhgbipleepki,flop,call,0,wiokhzpwlxhgxkqdteeqnd,turn,call,0,xgvxuyfvpmuhgbipleepki,turn,call,0,wiokhzpwlxhgxkqdteeqnd,river,call,0,xgvxuyfvpmuhgbipleepki,river,call,,,,,"C7,D2,HA,H8,H6",river,20,1010,1,,,"DJ,CT","[{'name': 'Player1', 'uuid': 'xgvxuyfvpmuhgbipleepki', 'stack': 990, 'state': 'participating'}, {'name': 'Player2', 'uuid': 'wiokhzpwlxhgxkqdteeqnd', 'stack': 995, 'state': 'participating'}]",1000,Player1,20,1,river,0.18,1
10,sebbphikladnrrfvgpsxzd,preflop,call,10,evtkmeezxkpldhphhqwihp,preflop,call,0,sebbphikladnrrfvgpsxzd,flop,call,0,evtkmeezxkpldhphhqwihp,flop,call,0,sebbphikladnrrfvgpsxzd,turn,call,0,evtkmeezxkpldhphhqwihp,turn,call,0,sebbphikladnrrfvgpsxzd,river,call,0,evtkmeezxkpldhphhqwihp,river,call,,,,,"H7,D9,H4,D5,H9",river,20,990,1,,,"C3,S2","[{'name': 'Player1', 'uuid': 'evtkmeezxkpldhphhqwihp', 'stack': 990, 'state': 'participating'}, {'name': 'Player2', 'uuid': 'sebbphikladnrrfvgpsxzd', 'stack': 995, 'state': 'participating'}]",1000,Player1,20,1,river,0.01,0
10,apgqfwlddtvpflhanaboty,preflop,call,10,fczrmuwztlvbintcihwhru,preflop,call,990,apgqfwlddtvpflhanaboty,flop,raise,990,fczrmuwztlvbintcihwhru,flop,call,,,,,,,,,,,,,,,,,,,,,"ST,DA,H5",river,2000,0,1,,,"D6,H3","[{'name': 'Player1', 'uuid': 'fczrmuwztlvbintcihwhru', 'stack': 990, 'state': 'participating'}, {'name': 'Player2', 'uuid': 'apgqfwlddtvpflhanaboty', 'stack': 995, 'state': 'participating'}]",1000,Player1,1010,1,flop,0.3,0
10,wwlvxfubxbarhgkevizdbo,preflop,call,10,victcqsqtvqmzifpnqhhmd,preflop,call,0,wwlvxfubxbarhgkevizdbo,flop,call,0,victcqsqtvqmzifpnqhhmd,flop,call,0,wwlvxfubxbarhgkevizdbo,turn,call,0,victcqsqtvqmzifpnqhhmd,turn,call,990,wwlvxfubxbarhgkevizdbo,river,raise,990,victcqsqtvqmzifpnqhhmd,river,call,,,,,"H4,H9,SK,D7,S2",river,2000,0,1,,,"DA,C3","[{'name': 'Player1', 'uuid': 'victcqsqtvqmzifpnqhhmd', 'stack': 990, 'state': 'participating'}, {'name': 'Player2', 'uuid': 'wwlvxfubxbarhgkevizdbo', 'stack': 995, 'state': 'participating'}]",1000,Player1,1010,1,river,0.32,0
10,khjlapqobmyicqzpxzhwhh,preflop,call,10,kutpovoyfprlgvvifutnrp,preflop,call,0,khjlapqobmyicqzpxzhwhh,flop,call,0,kutpovoyfprlgvvifutnrp,flop,call,0,khjlapqobmyicqzpxzhwhh,turn,call,0,kutpovoyfprlgvvifutnrp,turn,call,990,khjlapqobmyicqzpxzhwhh,river,raise,-1,kutpovoyfprlgvvifutnrp,river,raise,,,,,"H3,H4,H2,CK,H5",river,1010,990,1,,,"HJ,SQ","[{'name': 'Player1', 'uuid': 'kutpovoyfprlgvvifutnrp', 'stack': 990, 'state': 'participating'}, {'name': 'Player2', 'uuid': 'khjlapqobmyicqzpxzhwhh', 'stack': 995, 'state': 'participating'}]",1000,Player1,1010,1,river,0.77,0
10,hbwijgjlmmldmxgqlnbmas,preflop,call,1000,zusqeqsfbdjehbmubrctvh,preflop,raise,1000,hbwijgjlmmldmxgqlnbmas,preflop,call,,,,,,,,,,,,,,,,,,,,,,,,,,river,2000,2000,1,,,"C9,D9","[{'name': 'Player1', 'uuid': 'zusqeqsfbdjehbmubrctvh', 'stack': 990, 'state': 'participating'}, {'name': 'Player2', 'uuid': 'hbwijgjlmmldmxgqlnbmas', 'stack': 995, 'state': 'participating'}]",1000,Player1,20,1,preflop,0.71,1
10,gsmozuseqshaxokjiacfwy,preflop,call,10,wuzfdygyhgfdsfdqdmzpib,preflop,call,0,gsmozuseqshaxokjiacfwy,flop,call,0,wuzfdygyhgfdsfdqdmzpib,flop,call,0,gsmozuseqshaxokjiacfwy,turn,call,0,wuzfdygyhgfdsfdqdmzpib,turn,call,0,gsmozuseqshaxokjiacfwy,river,call,0,wuzfdygyhgfdsfdqdmzpib,river,call,,,,,"H9,SA,S7,D3,H2",river,20,990,1,,,"S5,H6","[{'name': 'Player1', 'uuid': 'wuzfdygyhgfdsfdqdmzpib', 'stack': 990, 'state': 'participating'}, {'name': 'Player2', 'uuid': 'gsmozuseqshaxokjiacfwy', 'stack': 995, 'state': 'participating'}]",1000,Player1,20,1,river,0.04,0
10,btdypevwnqppbuwnsdfspd,preflop,call,10,mfizpyypuqryyedwmfkojp,preflop,call,990,btdypevwnqppbuwnsdfspd,flop,raise,990,mfizpyypuqryyedwmfkojp,flop,call,,,,,,,,,,,,,,,,,,,,,"HA,ST,D9",river,2000,0,1,,,"H3,S4","[{'name': 'Player1', 'uuid': 'mfizpyypuqryyedwmfkojp', 'stack': 990, 'state': 'participating'}, {'name': 'Player2', 'uuid': 'btdypevwnqppbuwnsdfspd', 'stack': 995, 'state': 'participating'}]",1000,Player1,1010,1,flop,0.1,0
10,ohiatuvnrtjbrlzycbcphd,preflop,call,10,ilvqnaixmnkhrkorknotgp,preflop,call,0,ohiatuvnrtjbrlzycbcphd,flop,call,0,ilvqnaixmnkhrkorknotgp,flop,call,0,ohiatuvnrtjbrlzycbcphd,turn,call,0,ilvqnaixmnkhrkorknotgp,turn,call,990,ohiatuvnrtjbrlzycbcphd,river,raise,990,ilvqnaixmnkhrkorknotgp,river,call,,,,,"CJ,DK,CA,D7,C2",river,2000,0,1,,,"CT,H8","[{'name': 'Player1', 'uuid': 'ilvqnaixmnkhrkorknotgp', 'stack': 990, 'state': 'participating'}, {'name': 'Player2', 'uuid': 'ohiatuvnrtjbrlzycbcphd', 'stack': 995, 'state': 'participating'}]",1000,Player1,1010,1,river,0.16,0
1000,asdkaxjknkhrugpzzjyvhd,preflop,raise,1000,rhtmwypshaijjieonspbbt,preflop,call,,,,,,,,,,,,,,,,,,,,,,,,,,,,,,river,2000,0,1,,,"S5,C9","[{'name': 'Player1', 'uuid': 'rhtmwypshaijjieonspbbt', 'stack': 990, 'state': 'participating'}, {'name': 'Player2', 'uuid': 'asdkaxjknkhrugpzzjyvhd', 'stack': 995, 'state': 'participating'}]",1000,Player1,1010,1,preflop,0.42,0
1000,zoddyoqxyrkcqwunthjlvm,preflop,raise,1000,jmsghonazoaakmbxvyfpef,preflop,call,,,,,,,,,,,,,,,,,,,,,,,,,,,,,,river,2000,0,1,,,"S8,D6","[{'name': 'Player1', 'uuid': 'jmsghonazoaakmbxvyfpef', 'stack': 990, 'state': 'participating'}, {'name': 'Player2', 'uuid': 'zoddyoqxyrkcqwunthjlvm', 'stack': 995, 'state': 'participating'}]",1000,Player1,1010,1,preflop,0.43,0
1000,eixcxmhpsiuzjuxccqrcuz,preflop,raise,1000,aofwvkiyjlfjzeqoucohxv,preflop,call,,,,,,,,,,,,,,,,,,,,,,,,,,,,,,river,2000,0,1,,,"S9,CT","[{'name': 'Player1', 'uuid': 'aofwvkiyjlfjzeqoucohxv', 'stack': 990, 'state': 'participating'}, {'name': 'Player2', 'uuid': 'eixcxmhpsiuzjuxccqrcuz', 'stack': 995, 'state': 'participating'}]",1000,Player1,1010,1,preflop,0.64,0
10,qiocqvvprmznmbyormwnvs,preflop,call,10,lrxldwbgvmxxdbdikfmjgk,preflop,call,0,qiocqvvprmznmbyormwnvs,flop,call,0,lrxldwbgvmxxdbdikfmjgk,flop,call,0,qiocqvvprmznmbyormwnvs,turn,call,990,lrxldwbgvmxxdbdikfmjgk,turn,raise,990,qiocqvvprmznmbyormwnvs,turn,call,,,,,,,,,"SJ,C2,HK,HA",river,2000,2000,1,,,"H5,CA","[{'name': 'Player1', 'uuid': 'lrxldwbgvmxxdbdikfmjgk', 'stack': 990, 'state': 'participating'}, {'name': 'Player2', 'uuid': 'qiocqvvprmznmbyormwnvs', 'stack': 995, 'state': 'participating'}]",1000,Player1,20,1,turn,0.81,1
10,fyiftooixsgsufuubnyyna,preflop,call,10,yconstwtmwieupfzmtnivj,preflop,call,0,fyiftooixsgsufuubnyyna,flop,call,0,yconstwtmwieupfzmtnivj,flop,call,0,fyiftooixsgsufuubnyyna,turn,call,0,yconstwtmwieupfzmtnivj,turn,call,0,fyiftooixsgsufuubnyyna,river,call,0,yconstwtmwieupfzmtnivj,river,call,,,,,"C4,HJ,D6,CQ,D7",river,20,1010,1,,,"CK,H5","[{'name': 'Player1', 'uuid': 'yconstwtmwieupfzmtnivj', 'stack': 990, 'state': 'participating'}, {'name': 'Player2', 'uuid': 'fyiftooixsgsufuubnyyna', 'stack': 995, 'state': 'participating'}]",1000,Player1,20,1,river,0.3,1
10,wjqetytdfsavtargehnnjj,preflop,call,10,kuhdlktzhhaceseybkeocz,preflop,call,0,wjqetytdfsavtargehnnjj,flop,call,0,kuhdlktzhhaceseybkeocz,flop,call,0,wjqetytdfsavtargehnnjj,turn,call,0,kuhdlktzhhaceseybkeocz,turn,call,990,wjqetytdfsavtargehnnjj,river,raise,990,kuhdlktzhhaceseybkeocz,river,call,,,,,"HK,CQ,S3,CT,D5",river,2000,0,1,,,"D9,D2","[{'name': 'Player1', 'uuid': 'kuhdlktzhhaceseybkeocz', 'stack': 990, 'state': 'participating'}, {'name': 'Player2', 'uuid': 'wjqetytdfsavtargehnnjj', 'stack': 995, 'state': 'participating'}]",1000,Player1,1010,1,river,0.2,0
10,nrhxqtjbdsgaszkocxjzhz,preflop,call,10,cnwjnimgzzvtntxxhvrewz,preflop,call,0,nrhxqtjbdsgaszkocxjzhz,flop,call,0,cnwjnimgzzvtntxxhvrewz,flop,call,0,nrhxqtjbdsgaszkocxjzhz,turn,call,0,cnwjnimgzzvtntxxhvrewz,turn,call,0,nrhxqtjbdsgaszkocxjzhz,river,call,0,cnwjnimgzzvtntxxhvrewz,river,call,,,,,"HK,D6,C7,DJ,S2",river,20,990,1,,,"D4,S3","[{'name': 'Player1', 'uuid': 'cnwjnimgzzvtntxxhvrewz', 'stack': 990, 'state': 'participating'}, {'name': 'Player2', 'uuid': 'nrhxqtjbdsgaszkocxjzhz', 'stack': 995, 'state': 'participating'}]",1000,Player1,20,1,river,0.0,0
10,ylxamxyhqytpxvahgsndgz,preflop,call,10,syfywxomcltldvmudwzotx,preflop,call,0,ylxamxyhqytpxvahgsndgz,flop,call,0,syfywxomcltldvmudwzotx,flop,call,0,ylxamxyhqytpxvahgsndgz,turn,call,0,syfywxomcltldvmudwzotx,turn,call,0,ylxamxyhqytpxvahgsndgz,river,call,0,syfywxomcltldvmudwzotx,river,call,,,,,"DK,HK,S6,H2,HJ",river,20,1010,1,,,"D9,DA","[{'name': 'Player1', 'uuid': 'syfywxomcltldvmudwzotx', 'stack': 990, 'state': 'participating'}, {'name': 'Player2', 'uuid': 'ylxamxyhqytpxvahgsndgz', 'stack': 995, 'state': 'participating'}]",1000,Player1,20,1,river,0.49,1
10,wpcvudwjkfkqawwtorvgef,preflop,call,10,cjgcbnrbyviqzbdhngzsnm,preflop,call,0,wpcvudwjkfkqawwtorvgef,flop,call,990,cjgcbnrbyviqzbdhngzsnm,flop,raise,990,wpcvudwjkfkqawwtorvgef,flop,call,,,,,,,,,,,,,,,,,"S8,S3,HJ",river,2000,0,1,,,"C9,CJ","[{'name': 'Player1', 'uuid': 'cjgcbnrbyviqzbdhngzsnm', 'stack': 990, 'state': 'participating'}, {'name': 'Player2', 'uuid': 'wpcvudwjkfkqawwtorvgef', 'stack': 995, 'state': 'participating'}]",1000,Player1,20,1,flop,0.83,0
10,roylflzvbswuqxfkiltush,preflop,call,10,vaytqhqctyfdcawdxrcxxv,preflop,call,0,roylflzvbswuqxfkiltush,flop,call,990,vaytqhqctyfdcawdxrcxxv,flop,raise,990,roylflzvbswuqxfkiltush,flop,call,,,,,,,,,,,,,,,,,"SA,S3,CQ",river,2000,2000,1,,,"D8,SQ","[{'name': 'Player1', 'uuid': 'vaytqhqctyfdcawdxrcxxv', 'stack': 990, 'state': 'participating'}, {'name': 'Player2', 'uuid': 'roylflzvbswuqxfkiltush', 'stack': 995, 'state': 'participating'}]",1000,Player1,20,1,flop,0.79,1
10,dmpdrkkmnpqrsbdeiksbxq,preflop,call,10,fbziaxtkwfhahvmuppavbe,preflop,call,0,dmpdrkkmnpqrsbdeiksbxq,flop,call,0,fbziaxtkwfhahvmuppavbe,flop,call,0,dmpdrkkmnpqrsbdeiksbxq,turn,call,0,fbziaxtkwfhahvmuppavbe,turn,call,0,dmpdrkkmnpqrsbdeiksbxq,river,call,990,fbziaxtkwfhahvmuppavbe,river,raise,990,dmpdrkkmnpqrsbdeiksbxq,river,call,"CT,H5,H3,ST,D6",river,2000,2000,1,,,"C6,CA","[{'name': 'Player1', 'uuid': 'fbziaxtkwfhahvmuppavbe', 'stack': 990, 'state': 'participating'}, {'name': 'Player2', 'uuid': 'dmpdrkkmnpqrsbdeiksbxq', 'stack': 995, 'state': 'participating'}]",1000,Player1,20,1,river,0.87,1
10,qzucqkduecodtjynmxkcwz,preflop,call,10,yozlagforsleqsroflzbdq,preflop,call,0,qzucqkduecodtjynmxkcwz,flop,call,0,yozlagforsleqsroflzbdq,flop,call,0,qzucqkduecodtjynmxkcwz,turn,call,0,yozlagforsleqsroflzbdq,turn,call,990,qzucqkduecodtjynmxkcwz,river,raise,990,yozlagforsleqsroflzbdq,river,call,,,,,"H3,C3,S9,S3,CQ",river,2000,0,1,,,"S6,H4","[{'name': 'Player1', 'uuid': 'yozlagforsleqsroflzbdq', 'stack': 990, 'state': 'participating'}, {'name': 'Player2', 'uuid': 'qzucqkduecodtjynmxkcwz', 'stack': 995, 'state': 'participating'}]",1000,Player1,1010,1,river,0.04,0
10,paxilrlucghwjpogftwwzr,preflop,call,10,xcwtusvsxwkzzrpyxqjvxv,preflop,call,0,paxilrlucghwjpogftwwzr,flop,call,0,xcwtusvsxwkzzrpyxqjvxv,flop,call,0,paxilrlucghwjpogftwwzr,turn,call,990,xcwtusvsxwkzzrpyxqjvxv,turn,raise,990,paxilrlucghwjpogftwwzr,turn,call,,,,,,,,,"DJ,H9,D8,H7",river,2000,2000,1,,,"H5,S6","[{'name': 'Player1', 'uuid': 'xcwtusvsxwkzzrpyxqjvxv', 'stack': 990, 'state': 'participating'}, {'name': 'Player2', 'uuid': 'paxilrlucghwjpogftwwzr', 'stack': 995, 'state': 'participating'}]",1000,Player1,20,1,turn,0.73,1
10,bgkizlmhaxctwpwuryppcd,preflop,call,10,jvaozaedztxagijtdjdmyg,preflop,call,990,bgkizlmhaxctwpwuryppcd,flop,raise,990,jvaozaedztxagijtdjdmyg,flop,call,,,,,,,,,,,,,,,,,,,,,"C6,HJ,H7",river,2000,0,1,,,"HA,S5","[{'name': 'Player1', 'uuid': 'jvaozaedztxagijtdjdmyg', 'stack': 990, 'state': 'participating'}, {'name': 'Player2', 'uuid': 'bgkizlmhaxctwpwuryppcd', 'stack': 995, 'state': 'participating'}]",1000,Player1,1010,1,flop,0.45,0
10,lxoenzdpvcbgdbhguaybyo,preflop,call,10,vknmwlqpivermyjbkmsfjv,preflop,call,0,lxoenzdpvcbgdbhguaybyo,flop,call,0,vknmwlqpivermyjbkmsfjv,flop,call,0,lxoenzdpvcbgdbhguaybyo,turn,call,0,vknmwlqpivermyjbkmsfjv,turn,call,0,lxoenzdpvcbgdbhguaybyo,river,call,0,vknmwlqpivermyjbkmsfjv,river,call,,,,,"CA,DK,D3,DJ,C7",river,20,1010,1,,,"S5,S7","[{'name': 'Player1', 'uuid': 'vknmwlqpivermyjbkmsfjv', 'stack': 990, 'state': 'participating'}, {'name': 'Player2', 'uuid': 'lxoenzdpvcbgdbhguaybyo', 'stack': 995, 'state': 'participating'}]",1000,Player1,20,1,river,0.49,1
10,asrxfqqyqbgwkutapznbsk,preflop,call,10,gbnhhgzrzwmkotibssokcl,preflop,call,0,asrxfqqyqbgwkutapznbsk,flop,call,0,gbnhhgzrzwmkotibssokcl,flop,call,0,asrxfqqyqbgwkutapznbsk,turn,call,0,gbnhhgzrzwmkotibssokcl,turn,call,0,asrxfqqyqbgwkutapznbsk,river,call,0,gbnhhgzrzwmkotibssokcl,river,call,,,,,"H9,D2,HJ,S8,D4",river,20,1010,1,,,"HQ,SK","[{'name': 'Player1', 'uuid': 'gbnhhgzrzwmkotibssokcl', 'stack': 990, 'state': 'participating'}, {'name': 'Player2', 'uuid': 'asrxfqqyqbgwkutapznbsk', 'stack': 995, 'state': 'participating'}]",1000,Player1,20,1,river,0.29,1
10,jfoasgcwbvcbxdiecpeexo,preflop,call,10,mbqgepqebaolkxnqgdtssq,preflop,call,0,jfoasgcwbvcbxdiecpeexo,flop,call,990,mbqgepqebaolkxnqgdtssq,flop,raise,990,jfoasgcwbvcbxdiecpeexo,flop,call,,,,,,,,,,,,,,,,,"CA,SJ,HA",river,2000,2000,1,,,"HJ,D8","[{'name': 'Player1', 'uuid': 'mbqgepqebaolkxnqgdtssq', 'stack': 990, 'state': 'participating'}, {'name': 'Player2', 'uuid': 'jfoasgcwbvcbxdiecpeexo', 'stack': 995, 'state': 'participating'}]",1000,Player1,20,1,flop,0.74,1
10,fmgnfjzqwaiikizhesmavd,preflop,call,10,kblvipludxvsdwylrbkzxz,preflop,call,0,fmgnfjzqwaiikizhesmavd,flop,call,0,kblvipludxvsdwylrbkzxz,flop,call,0,fmgnfjzqwaiikizhesmavd,turn,call,0,kblvipludxvsdwylrbkzxz,turn,call,0,fmgnfjzqwaiikizhesmavd,river,call,0,kblvipludxvsdwylrbkzxz,river,call,,,,,"ST,S3,S5,S4,HJ",river,20,990,1,,,"CA,H8","[{'name': 'Player1', 'uuid': 'kblvipludxvsdwylrbkzxz', 'stack': 990, 'state': 'participating'}, {'name': 'Player2', 'uuid': 'fmgnfjzqwaiikizhesmavd', 'stack': 995, 'state': 'participating'}]",1000,Player1,20,1,river,0.17,0
10,jquyqzfxmdnsbiiuhqfftf,preflop,call,10,xjjxsunjmrcwclnmukdsmx,preflop,call,990,jquyqzfxmdnsbiiuhqfftf,flop,raise,990,xjjxsunjmrcwclnmukdsmx,flop,call,,,,,,,,,,,,,,,,,,,,,"DA,S7,H6",river,2000,0,1,,,"S8,D9","[{'name': 'Player1', 'uuid': 'xjjxsunjmrcwclnmukdsmx', 'stack': 990, 'state': 'participating'}, {'name': 'Player2', 'uuid': 'jquyqzfxmdnsbiiuhqfftf', 'stack': 995, 'state': 'participating'}]",1000,Player1,1010,1,flop,0.48,0
10,dbnrudubdutzcnanlbyweu,preflop,call,10,kcrxvszwebhukzvmxnqkrg,preflop,call,0,dbnrudubdutzcnanlbyweu,flop,call,0,kcrxvszwebhukzvmxnqkrg,flop,call,0,dbnrudubdutzcnanlbyweu,turn,call,0,kcrxvszwebhukzvmxnqkrg,turn,call,0,dbnrudubdutzcnanlbyweu,river,call,0,kcrxvszwebhukzvmxnqkrg,river,call,,,,,"C8,SQ,HJ,H3,C5",river,20,1010,1,,,"C6,S6","[{'name': 'Player1', 'uuid': 'kcrxvszwebhukzvmxnqkrg', 'stack': 990, 'state': 'participating'}, {'name': 'Player2', 'uuid': 'dbnrudubdutzcnanlbyweu', 'stack': 995, 'state': 'participating'}]",1000,Player1,20,1,river,0.63,1
10,yxsmqetvhwgufcbxelkehg,preflop,call,10,lplxvwscmkcgxcvzltcgsg,preflop,call,0,yxsmqetvhwgufcbxelkehg,flop,call,0,lplxvwscmkcgxcvzltcgsg,flop,call,990,yxsmqetvhwgufcbxelkehg,turn,raise,-1,lplxvwscmkcgxcvzltcgsg,turn,raise,,,,,,,,,,,,,"CA,D6,CT,HK",turn,1010,990,1,,,"S7,CK","[{'name': 'Player1', 'uuid': 'lplxvwscmkcgxcvzltcgsg', 'stack': 990, 'state': 'participating'}, {'name': 'Player2', 'uuid': 'yxsmqetvhwgufcbxelkehg', 'stack': 995, 'state': 'participating'}]",1000,Player1,1010,1,turn,0.7,0
10,dskvpdcktziqgdtilbxseg,preflop,call,10,sntynnleyimqryuzuevzfl,preflop,call,0,dskvpdcktziqgdtilbxseg,flop,call,990,sntynnleyimqryuzuevzfl,flop,raise,990,dskvpdcktziqgdtilbxseg,flop,call,,,,,,,,,,,,,,,,,"DT,SA,DA",river,2000,2000,1,,,"SK,DQ","[{'name': 'Player1', 'uuid': 'sntynnleyimqryuzuevzfl', 'stack': 990, 'state': 'participating'}, {'name': 'Player2', 'uuid': 'dskvpdcktziqgdtilbxseg', 'stack': 995, 'state': 'participating'}]",1000,Player1,20,1,flop,0.72,1
10,gnqeyiomxmqtwcwmzpxssh,preflop,call,10,muzguvifmxozmlbbfuzpmn,preflop,call,0,gnqeyiomxmqtwcwmzpxssh,flop,call,0,muzguvifmxozmlbbfuzpmn,flop,call,0,gnqeyiomxmqtwcwmzpxssh,turn,call,0,muzguvifmxozmlbbfuzpmn,turn,call,0,gnqeyiomxmqtwcwmzpxssh,river,call,0,muzguvifmxozmlbbfuzpmn,river,call,,,,,"CA,H6,D6,H7,D7",river,20,1010,1,,,"S3,D9","[{'name': 'Player1', 'uuid': 'muzguvifmxozmlbbfuzpmn', 'stack': 990, 'state': 'participating'}, {'name': 'Player2', 'uuid': 'gnqeyiomxmqtwcwmzpxssh', 'stack': 995, 'state': 'participating'}]",1000,Player1,20,1,river,0.14,1
1000,abbptfdgbaktzfjzydyzom,preflop,raise,1000,kzdibvxjweftjfzmdqakgt,preflop,call,,,,,,,,,,,,,,,,,,,,,,,,,,,,,,river,2000,0,1,,,"HK,C5","[{'name': 'Player1', 'uuid': 'kzdibvxjweftjfzmdqakgt', 'stack': 990, 'state': 'participating'}, {'name': 'Player2', 'uuid': 'abbptfdgbaktzfjzydyzom', 'stack': 995, 'state': 'participating'}]",1000,Player1,1010,1,preflop,0.55,0
10,tyuotccxmwjrlqzynrdwtz,preflop,call,10,hvdvsnqowvwnmjuhsdecqb,preflop,call,990,tyuotccxmwjrlqzynrdwtz,flop,raise,-1,hvdvsnqowvwnmjuhsdecqb,flop,raise,,,,,,,,,,,,,,,,,,,,,"D5,DK,S8",flop,1010,990,1,,,"H8,SA","[{'name': 'Player1', 'uuid': 'hvdvsnqowvwnmjuhsdecqb', 'stack': 990, 'state': 'participating'}, {'name': 'Player2', 'uuid': 'tyuotccxmwjrlqzynrdwtz', 'stack': 995, 'state': 'participating'}]",1000,Player1,1010,1,flop,0.74,0
10,mkaygojisdmlipseexiorb,preflop,call,10,bannwbnakraggetmjssied,preflop,call,990,mkaygojisdmlipseexiorb,flop,raise,990,bannwbnakraggetmjssied,flop,call,,,,,,,,,,,,,,,,,,,,,"H4,D7,D9",river,2000,2000,1,,,"ST,DK","[{'name': 'Player1', 'uuid': 'bannwbnakraggetmjssied', 'stack': 990, 'state': 'participating'}, {'name': 'Player2', 'uuid': 'mkaygojisdmlipseexiorb', 'stack': 995, 'state': 'participating'}]",1000,Player1,1010,1,flop,0.49,1
10,lmueytdxkfdrfpylfcwdax,preflop,call,10,shveabacakzxhahttxilon,preflop,call,0,lmueytdxkfdrfpylfcwdax,flop,call,990,shveabacakzxhahttxilon,flop,raise,990,lmueytdxkfdrfpylfcwdax,flop,call,,,,,,,,,,,,,,,,,"C6,S9,HQ",river,2000,2000,1,,,"C9,S5","[{'name': 'Player1', 'uuid': 'shveabacakzxhahttxilon', 'stack': 990, 'state': 'participating'}, {'name': 'Player2', 'uuid': 'lmueytdxkfdrfpylfcwdax', 'stack': 995, 'state': 'participating'}]",1000,Player1,20,1,flop,0.74,1
10,rltuuhxtqgdcagenqsjkfi,preflop,call,10,czuzciccgzpvauuovvipkz,preflop,call,0,rltuuhxtqgdcagenqsjkfi,flop,call,0,czuzciccgzpvauuovvipkz,flop,call,0,rltuuhxtqgdcagenqsjkfi,turn,call,0,czuzciccgzpvauuovvipkz,turn,call,0,rltuuhxtqgdcagenqsjkfi,river,call,0,czuzciccgzpvauuovvipkz,river,call,,,,,"C6,DJ,S4,H9,H2",river,20,1010,1,,,"ST,D2","[{'name': 'Player1', 'uuid': 'czuzciccgzpvauuovvipkz', 'stack': 990, 'state': 'participating'}, {'name': 'Player2', 'uuid': 'rltuuhxtqgdcagenqsjkfi', 'stack': 995, 'state': 'participating'}]",1000,Player1,20,1,river,0.51,1
10,idfkeiyfsfaabsezlnopgf,preflop,call,10,mfodaagqxvgdokwdrwrcwg,preflop,call,990,idfkeiyfsfaabsezlnopgf,flop,raise,990,mfodaagqxvgdokwdrwrcwg,flop,call,,,,,,,,,,,,,,,,,,,,,"S7,CQ,H7",river,2000,0,1,,,"CJ,D5","[{'name': 'Player1', 'uuid': 'mfodaagqxvgdokwdrwrcwg', 'stack': 990, 'state': 'participating'}, {'name': 'Player2', 'uuid': 'idfkeiyfsfaabsezlnopgf', 'stack': 995, 'state': 'participating'}]",1000,Player1,1010,1,flop,0.49,0
10,sczoqrnemmkktbhscnlgnv,preflop,call,10,cgxrmnuxzfqmvvvdxokscu,preflop,call,0,sczoqrnemmkktbhscnlgnv,flop,call,0,cgxrmnuxzfqmvvvdxokscu,flop,call,0,sczoqrnemmkktbhscnlgnv,turn,call,0,cgxrmnuxzfqmvvvdxokscu,turn,call,0,sczoqrnemmkktbhscnlgnv,river,call,0,cgxrmnuxzfqmvvvdxokscu,river,call,,,,,"D7,DJ,SJ,S8,D3",river,20,1010,1,,,"H3,C9","[{'name': 'Player1', 'uuid': 'cgxrmnuxzfqmvvvdxokscu', 'stack': 990, 'state': 'participating'}, {'name': 'Player2', 'uuid': 'sczoqrnemmkktbhscnlgnv', 'stack': 995, 'state': 'participating'}]",1000,Player1,20,1,river,0.49,1
10,zznnmzvyaeikeahlokjiqg,preflop,call,10,sfakkyryghvzklwabhzskq,preflop,call,0,zznnmzvyaeikeahlokjiqg,flop,call,990,sfakkyryghvzklwabhzskq,flop,raise,990,zznnmzvyaeikeahlokjiqg,flop,call,,,,,,,,,,,,,,,,,"HQ,C6,S3",river,2000,2000,1,,,"H6,C3","[{'name': 'Player1', 'uuid': 'sfakkyryghvzklwabhzskq', 'stack': 990, 'state': 'participating'}, {'name': 'Player2', 'uuid': 'zznnmzvyaeikeahlokjiqg', 'stack': 995, 'state': 'participating'}]",1000,Player1,20,1,flop,0.83,1
10,vrxwlwlriratndhceejwor,preflop,call,10,fstpweqfaamqvcerrgbfmz,preflop,call,990,vrxwlwlriratndhceejwor,flop,raise,990,fstpweqfaamqvcerrgbfmz,flop,call,,,,,,,,,,,,,,,,,,,,,"C3,HJ,SA",river,2000,0,1,,,"H2,SK","[{'name': 'Player1', 'uuid': 'fstpweqfaamqvcerrgbfmz', 'stack': 990, 'state': 'participating'}, {'name': 'Player2', 'uuid': 'vrxwlwlriratndhceejwor', 'stack': 995, 'state': 'participating'}]",1000,Player1,1010,1,flop,0.4,0
10,lzvpvkgwwdnbalabvgvgux,preflop,call,10,cvsqjnztorqyqvbrxyvlhj,preflop,call,0,lzvpvkgwwdnbalabvgvgux,flop,call,0,cvsqjnztorqyqvbrxyvlhj,flop,call,0,lzvpvkgwwdnbalabvgvgux,turn,call,0,cvsqjnztorqyqvbrxyvlhj,turn,call,0,lzvpvkgwwdnbalabvgvgux,river,call,0,cvsqjnztorqyqvbrxyvlhj,river,call,,,,,"HA,D6,H5,C7,D4",river,20,1010,1,,,"S9,CK","[{'name': 'Player1', 'uuid': 'cvsqjnztorqyqvbrxyvlhj', 'stack': 990, 'state': 'participating'}, {'name': 'Player2', 'uuid': 'lzvpvkgwwdnbalabvgvgux', 'stack': 995, 'state': 'participating'}]",1000,Player1,20,1,river,0.14,1
10,mkonfcsdiyzstmuwqcmhhc,preflop,call,10,gmftlqnsimahqfpaupglgz,preflop,call,0,mkonfcsdiyzstmuwqcmhhc,flop,call,0,gmftlqnsimahqfpaupglgz,flop,call,0,mkonfcsdiyzstmuwqcmhhc,turn,call,0,gmftlqnsimahqfpaupglgz,turn,call,0,mkonfcsdiyzstmuwqcmhhc,river,call,0,gmftlqnsimahqfpaupglgz,river,call,,,,,"HA,C9,S9,H4,SJ",river,20,990,1,,,"S4,C8","[{'name': 'Player1', 'uuid': 'gmftlqnsimahqfpaupglgz', 'stack': 990, 'state': 'participating'}, {'name': 'Player2', 'uuid': 'mkonfcsdiyzstmuwqcmhhc', 'stack': 995, 'state': 'participating'}]",1000,Player1,20,1,river,0.52,0
10,sbievzyymiowquiryrvpgu,preflop,call,10,qnilixbshlimffmgqwpqxc,preflop,call,0,sbievzyymiowquiryrvpgu,flop,call,0,qnilixbshlimffmgqwpqxc,flop,call,0,sbievzyymiowquiryrvpgu,turn,call,0,qnilixbshlimffmgqwpqxc,turn,call,0,sbievzyymiowquiryrvpgu,river,call,0,qnilixbshlimffmgqwpqxc,river,call,,,,,"D2,HQ,H4,D4,H5",river,20,990,1,,,"C9,DT","[{'name': 'Player1', 'uuid': 'qnilixbshlimffmgqwpqxc', 'stack': 990, 'state': 'participating'}, {'name': 'Player2', 'uuid': 'sbievzyymiowquiryrvpgu', 'stack': 995, 'state': 'participating'}]",1000,Player1,20,1,river,0.23,0
10,lhqchaqsisddfrshefabog,preflop,call,10,pcxhvolocjippfvqjwigsh,preflop,call,0,lhqchaqsisddfrshefabog,flop,call,0,pcxhvolocjippfvqjwigsh,flop,call,0,lhqchaqsisddfrshefabog,turn,call,0,pcxhvolocjippfvqjwigsh,turn,call,0,lhqchaqsisddfrshefabog,river,call,0,pcxhvolocjippfvqjwigsh,river,call,,,,,"C8,SA,S5,H2,CA",river,20,1010,1,,,"S2,H9","[{'name': 'Player1', 'uuid': 'pcxhvolocjippfvqjwigsh', 'stack': 990, 'state': 'participating'}, {'name': 'Player2', 'uuid': 'lhqchaqsisddfrshefabog', 'stack': 995, 'state': 'participating'}]",1000,Player1,20,1,river,0.41,1
10,qjilqpjczcoxqaitcaybrj,preflop,call,10,mftxujqezcofeecbdorggt,preflop,call,0,qjilqpjczcoxqaitcaybrj,flop,call,0,mftxujqezcofeecbdorggt,flop,call,0,qjilqpjczcoxqaitcaybrj,turn,call,990,mftxujqezcofeecbdorggt,turn,raise,990,qjilqpjczcoxqaitcaybrj,turn,call,,,,,,,,,"C2,HQ,D4,ST",river,2000,2000,1,,,"S5,HT","[{'name': 'Player1', 'uuid': 'mftxujqezcofeecbdorggt', 'stack': 990, 'state': 'participating'}, {'name': 'Player2', 'uuid': 'qjilqpjczcoxqaitcaybrj', 'stack': 995, 'state': 'participating'}]",1000,Player1,20,1,turn,0.71,1
10,ytnpozotkftbhjekuikpds,preflop,call,1000,fbanvwpdnseoyujinbrrww,preflop,raise,1000,ytnpozotkftbhjekuikpds,preflop,call,,,,,,,,,,,,,,,,,,,,,,,,,,river,2000,2000,1,,,"SA,ST","[{'name': 'Player1', 'uuid': 'fbanvwpdnseoyujinbrrww', 'stack': 990, 'state': 'participating'}, {'name': 'Player2', 'uuid': 'ytnpozotkftbhjekuikpds', 'stack': 995, 'state': 'participating'}]",1000,Player1,20,1,preflop,0.73,1
10,aihbfbhcuubifofvdmtlhz,preflop,call,10,qcwwvxtczhpewfcjkjxsjh,preflop,call,0,aihbfbhcuubifofvdmtlhz,flop,call,0,qcwwvxtczhpewfcjkjxsjh,flop,call,0,aihbfbhcuubifofvdmtlhz,turn,call,0,qcwwvxtczhpewfcjkjxsjh,turn,call,0,aihbfbhcuubifofvdmtlhz,river,call,990,qcwwvxtczhpewfcjkjxsjh,river,raise,990,aihbfbhcuubifofvdmtlhz,river,call,"C2,SQ,S8,CA,CK",river,2000,2000,1,,,"CJ,C6","[{'name': 'Player1', 'uuid': 'qcwwvxtczhpewfcjkjxsjh', 'stack': 990, 'state': 'participating'}, {'name': 'Player2', 'uuid': 'aihbfbhcuubifofvdmtlhz', 'stack': 995, 'state': 'participating'}]",1000,Player1,20,1,river,0.98,1
10,fcachconeggamslfxkusui,preflop,call,10,vicebscyxntzmnvabrnmdk,preflop,call,0,fcachconeggamslfxkusui,flop,call,0,vicebscyxntzmnvabrnmdk,flop,call,0,fcachconeggamslfxkusui,turn,call,0,vicebscyxntzmnvabrnmdk,turn,call,0,fcachconeggamslfxkusui,river,call,0,vicebscyxntzmnvabrnmdk,river,call,,,,,"D9,D5,C4,S3,D2",river,20,990,1,,,"S7,D8","[{'name': 'Player1', 'uuid': 'vicebscyxntzmnvabrnmdk', 'stack': 990, 'state': 'participating'}, {'name': 'Player2', 'uuid': 'fcachconeggamslfxkusui', 'stack': 995, 'state': 'participating'}]",1000,Player1,20,1,river,0.0,0
10,bygflwqtzzlkmrdpwioroi,preflop,call,10,lwccxfdstqvmfzwwiletpn,preflop,call,0,bygflwqtzzlkmrdpwioroi,flop,call,0,lwccxfdstqvmfzwwiletpn,flop,call,0,bygflwqtzzlkmrdpwioroi,turn,call,0,lwccxfdstqvmfzwwiletpn,turn,call,0,bygflwqtzzlkmrdpwioroi,river,call,0,lwccxfdstqvmfzwwiletpn,river,call,,,,,"CJ,ST,D6,HT,D9",river,20,990,1,,,"D8,S4","[{'name': 'Player1', 'uuid': 'lwccxfdstqvmfzwwiletpn', 'stack': 990, 'state': 'participating'}, {'name': 'Player2', 'uuid': 'bygflwqtzzlkmrdpwioroi', 'stack': 995, 'state': 'participating'}]",1000,Player1,20,1,river,0.2,0
10,jlovomdttehnkdrojjfgeu,preflop,call,1000,cfjzdcnqbtbhwlvtpizkmt,preflop,raise,1000,jlovomdttehnkdrojjfgeu,preflop,call,,,,,,,,,,,,,,,,,,,,,,,,,,river,2000,2000,1,,,"CJ,SJ","[{'name': 'Player1', 'uuid': 'cfjzdcnqbtbhwlvtpizkmt', 'stack': 990, 'state': 'participating'}, {'name': 'Player2', 'uuid': 'jlovomdttehnkdrojjfgeu', 'stack': 995, 'state': 'participating'}]",1000,Player1,20,1,preflop,0.72,1
10,oizxzjjkugdjzwrfyraglg,preflop,call,10,ngcxxtenymnpuvpgvuwxwx,preflop,call,0,oizxzjjkugdjzwrfyraglg,flop,call,0,ngcxxtenymnpuvpgvuwxwx,flop,call,990,oizxzjjkugdjzwrfyraglg,turn,raise,990,ngcxxtenymnpuvpgvuwxwx,turn,call,,,,,,,,,,,,,"H6,D6,C6,D9",river,2000,0,1,,,"C7,H3","[{'name': 'Player1', 'uuid': 'ngcxxtenymnpuvpgvuwxwx', 'stack': 990, 'state': 'participating'}, {'name': 'Player2', 'uuid': 'oizxzjjkugdjzwrfyraglg', 'stack': 995, 'state': 'participating'}]",1000,Player1,1010,1,turn,0.24,0
10,jsfrkiaepwozehyynkvqdx,preflop,call,10,hdfszwpryzxjbdfqkjnadn,preflop,call,0,jsfrkiaepwozehyynkvqdx,flop,call,0,hdfszwpryzxjbdfqkjnadn,flop,call,990,jsfrkiaepwozehyynkvqdx,turn,raise,990,hdfszwpryzxjbdfqkjnadn,turn,call,,,,,,,,,,,,,"C6,SJ,C5,SQ",river,2000,0,1,,,"S7,HK","[{'name': 'Player1', 'uuid': 'hdfszwpryzxjbdfqkjnadn', 'stack': 990, 'state': 'participating'}, {'name': 'Player2', 'uuid': 'jsfrkiaepwozehyynkvqdx', 'stack': 995, 'state': 'participating'}]",1000,Player1,1010,1,turn,0.37,0
10,yzqluyyehktiggnpjizehy,preflop,call,10,ixwfqbumagsvqhridkyydw,preflop,call,990,yzqluyyehktiggnpjizehy,flop,raise,-1,ixwfqbumagsvqhridkyydw,flop,raise,,,,,,,,,,,,,,,,,,,,,"DJ,CT,C5",flop,1010,990,1,,,"ST,C6","[{'name': 'Player1', 'uuid': 'ixwfqbumagsvqhridkyydw', 'stack': 990, 'state': 'participating'}, {'name': 'Player2', 'uuid': 'yzqluyyehktiggnpjizehy', 'stack': 995, 'state': 'participating'}]",1000,Player1,1010,1,flop,0.76,0
10,ivauwyxobpqknizskqfluk,preflop,call,10,jlrpngmmretdnckskxmrma,preflop,call,0,ivauwyxobpqknizskqfluk,flop,call,0,jlrpngmmretdnckskxmrma,flop,call,990,ivauwyxobpqknizskqfluk,turn,raise,990,jlrpngmmretdnckskxmrma,turn,call,,,,,,,,,,,,,"D6,HJ,SK,DT",river,2000,0,1,,,"D4,H3","[{'name': 'Player1', 'uuid': 'jlrpngmmretdnckskxmrma', 'stack': 990, 'state': 'participating'}, {'name': 'Player2', 'uuid': 'ivauwyxobpqknizskqfluk', 'stack': 995, 'state': 'participating'}]",1000,Player1,1010,1,turn,0.1,0
10,hbpmsbgbrtuavgdmuhuvsw,preflop,call,10,sgtudjxllrfoupbizjecnn,preflop,call,0,hbpmsbgbrtuavgdmuhuvsw,flop,call,0,sgtudjxllrfoupbizjecnn,flop,call,0,hbpmsbgbrtuavgdmuhuvsw,turn,call,0,sgtudjxllrfoupbizjecnn,turn,call,990,hbpmsbgbrtuavgdmuhuvsw,river,raise,990,sgtudjxllrfoupbizjecnn,river,call,,,,,"C4,H2,CA,CT,C2",river,2000,0,1,,,"H4,DQ","[{'name': 'Player1', 'uuid': 'sgtudjxllrfoupbizjecnn', 'stack': 990, 'state': 'participating'}, {'name': 'Player2', 'uuid': 'hbpmsbgbrtuavgdmuhuvsw', 'stack': 995, 'state': 'participating'}]",1000,Player1,1010,1,river,0.35,0
10,tdnzogmwwolgiazllnveku,preflop,call,10,sbyhxbhasrvtkozkkawole,preflop,call,0,tdnzogmwwolgiazllnveku,flop,call,0,sbyhxbhasrvtkozkkawole,flop,call,0,tdnzogmwwolgiazllnveku,turn,call,0,sbyhxbhasrvtkozkkawole,turn,call,990,tdnzogmwwolgiazllnveku,river,raise,990,sbyhxbhasrvtkozkkawole,river,call,,,,,"C3,H7,D5,D9,S6",river,2000,0,1,,,"D6,CA","[{'name': 'Player1', 'uuid': 'sbyhxbhasrvtkozkkawole', 'stack': 990, 'state': 'participating'}, {'name': 'Player2', 'uuid': 'tdnzogmwwolgiazllnveku', 'stack': 995, 'state': 'participating'}]",1000,Player1,1010,1,river,0.49,0
10,txhzqxbssfucrxynnnqucd,preflop,call,10,ebzxeitnenasssqladkxil,preflop,call,0,txhzqxbssfucrxynnnqucd,flop,call,990,ebzxeitnenasssqladkxil,flop,raise,990,txhzqxbssfucrxynnnqucd,flop,call,,,,,,,,,,,,,,,,,"H5,S6,SK",river,2000,2000,1,,,"CQ,HK","[{'name': 'Player1', 'uuid': 'ebzxeitnenasssqladkxil', 'stack': 990, 'state': 'participating'}, {'name': 'Player2', 'uuid': 'txhzqxbssfucrxynnnqucd', 'stack': 995, 'state': 'participating'}]",1000,Player1,20,1,flop,0.81,1
10,ebopteozifhbjvkgqqamit,preflop,call,10,mzmbasapxjfjczkppiuxiu,preflop,call,990,ebopteozifhbjvkgqqamit,flop,raise,990,mzmbasapxjfjczkppiuxiu,flop,call,,,,,,,,,,,,,,,,,,,,,"SQ,HA,SK",river,2000,0,1,,,"D7,S5","[{'name': 'Player1', 'uuid': 'mzmbasapxjfjczkppiuxiu', 'stack': 990, 'state': 'participating'}, {'name': 'Player2', 'uuid': 'ebopteozifhbjvkgqqamit', 'stack': 995, 'state': 'participating'}]",1000,Player1,1010,1,flop,0.26,0
10,rubxhcddnwqltdkinkbliu,preflop,call,10,qvuihkstjqfirleleogzoc,preflop,call,0,rubxhcddnwqltdkinkbliu,flop,call,990,qvuihkstjqfirleleogzoc,flop,raise,990,rubxhcddnwqltdkinkbliu,flop,call,,,,,,,,,,,,,,,,,"DQ,SJ,H8",river,2000,2000,1,,,"H9,CQ","[{'name': 'Player1', 'uuid': 'qvuihkstjqfirleleogzoc', 'stack': 990, 'state': 'participating'}, {'name': 'Player2', 'uuid': 'rubxhcddnwqltdkinkbliu', 'stack': 995, 'state': 'participating'}]",1000,Player1,20,1,flop,0.86,1
10,rqnokrajrayenwbapetkcz,preflop,call,10,rkvujcjlgshlpmqiczjptv,preflop,call,0,rqnokrajrayenwbapetkcz,flop,call,0,rkvujcjlgshlpmqiczjptv,flop,call,0,rqnokrajrayenwbapetkcz,turn,call,0,rkvujcjlgshlpmqiczjptv,turn,call,0,rqnokrajrayenwbapetkcz,river,call,0,rkvujcjlgshlpmqiczjptv,river,call,,,,,"CA,DJ,H6,C2,H3",river,20,990,1,,,"C9,S7","[{'name': 'Player1', 'uuid': 'rkvujcjlgshlpmqiczjptv', 'stack': 990, 'state': 'participating'}, {'name': 'Player2', 'uuid': 'rqnokrajrayenwbapetkcz', 'stack': 995, 'state': 'participating'}]",1000,Player1,20,1,river,0.12,0
10,mqmdfmjikjmyddqdqqokkq,preflop,call,10,izavcpfwbykiuqbgsnasnb,preflop,call,990,mqmdfmjikjmyddqdqqokkq,flop,raise,990,izavcpfwbykiuqbgsnasnb,flop,call,,,,,,,,,,,,,,,,,,,,,"HJ,D2,S7",river,2000,0,1,,,"D9,D3","[{'name': 'Player1', 'uuid': 'izavcpfwbykiuqbgsnasnb', 'stack': 990, 'state': 'participating'}, {'name': 'Player2', 'uuid': 'mqmdfmjikjmyddqdqqokkq', 'stack': 995, 'state': 'participating'}]",1000,Player1,1010,1,flop,0.36,0
10,yotflnazimhsfymkmdogvo,preflop,call,10,uamqvltzkxwedbcffgpxlf,preflop,call,0,yotflnazimhsfymkmdogvo,flop,call,990,uamqvltzkxwedbcffgpxlf,flop,raise,990,yotflnazimhsfymkmdogvo,flop,call,,,,,,,,,,,,,,,,,"H6,CQ,DA",river,2000,2000,1,,,"S6,CA","[{'name': 'Player1', 'uuid': 'uamqvltzkxwedbcffgpxlf', 'stack': 990, 'state': 'participating'}, {'name': 'Player2', 'uuid': 'yotflnazimhsfymkmdogvo', 'stack': 995, 'state': 'participating'}]",1000,Player1,20,1,flop,0.92,1
1000,qfuilqeblohyomczhcnucg,preflop,raise,1000,ssdltianylfxlvnnpuxgqx,preflop,call,,,,,,,,,,,,,,,,,,,,,,,,,,,,,,river,2000,0,1,,,"CQ,S5","[{'name': 'Player1', 'uuid': 'ssdltianylfxlvnnpuxgqx', 'stack': 990, 'state': 'participating'}, {'name': 'Player2', 'uuid': 'qfuilqeblohyomczhcnucg', 'stack': 995, 'state': 'participating'}]",1000,Player1,1010,1,preflop,0.48,0
10,jqsrekzitgnrluwwvtfuik,preflop,call,10,avoufwpthopilhttursfgq,preflop,call,990,jqsrekzitgnrluwwvtfuik,flop,raise,990,avoufwpthopilhttursfgq,flop,call,,,,,,,,,,,,,,,,,,,,,"H8,C6,HK",river,2000,0,1,,,"CJ,S5","[{'name': 'Player1', 'uuid': 'avoufwpthopilhttursfgq', 'stack': 990, 'state': 'participating'}, {'name': 'Player2', 'uuid': 'jqsrekzitgnrluwwvtfuik', 'stack': 995, 'state': 'participating'}]",1000,Player1,1010,1,flop,0.34,0
10,yooncbedzuiiutvocklcxk,preflop,call,1000,yddnclrzvcrxhelcxiioop,preflop,raise,1000,yooncbedzuiiutvocklcxk,preflop,call,,,,,,,,,,,,,,,,,,,,,,,,,,river,2000,2000,1,,,"C8,H8","[{'name': 'Player1', 'uuid': 'yddnclrzvcrxhelcxiioop', 'stack': 990, 'state': 'participating'}, {'name': 'Player2', 'uuid': 'yooncbedzuiiutvocklcxk', 'stack': 995, 'state': 'participating'}]",1000,Player1,20,1,preflop,0.74,1
10,zrtcrknhqvjiylczalehko,preflop,call,10,gmvjmjbppnucoymtvmgdin,preflop,call,0,zrtcrknhqvjiylczalehko,flop,call,0,gmvjmjbppnucoymtvmgdin,flop,call,0,zrtcrknhqvjiylczalehko,turn,call,0,gmvjmjbppnucoymtvmgdin,turn,call,0,zrtcrknhqvjiylczalehko,river,call,0,gmvjmjbppnucoymtvmgdin,river,call,,,,,"H7,H9,C6,DQ,D6",river,20,990,1,,,"DT,D3","[{'name': 'Player1', 'uuid': 'gmvjmjbppnucoymtvmgdin', 'stack': 990, 'state': 'participating'}, {'name': 'Player2', 'uuid': 'zrtcrknhqvjiylczalehko', 'stack': 995, 'state': 'participating'}]",1000,Player1,20,1,river,0.13,0
10,ruuikzzaicazrxmrbijows,preflop,call,10,qgucsddjyxgpnvnrqhzwbu,preflop,call,0,ruuikzzaicazrxmrbijows,flop,call,0,qgucsddjyxgpnvnrqhzwbu,flop,call,0,ruuikzzaicazrxmrbijows,turn,call,0,qgucsddjyxgpnvnrqhzwbu,turn,call,0,ruuikzzaicazrxmrbijows,river,call,0,qgucsddjyxgpnvnrqhzwbu,river,call,,,,,"D2,C2,HJ,S2,D9",river,20,1010,1,,,"HQ,D6","[{'name': 'Player1', 'uuid': 'qgucsddjyxgpnvnrqhzwbu', 'stack': 990, 'state': 'participating'}, {'name': 'Player2', 'uuid': 'ruuikzzaicazrxmrbijows', 'stack': 995, 'state': 'participating'}]",1000,Player1,20,1,river,0.4,1
10,jqcvfekoorqxedeuxhxnyq,preflop,call,10,ojigmyutxrapzqfwrirjty,preflop,call,0,jqcvfekoorqxedeuxhxnyq,flop,call,0,ojigmyutxrapzqfwrirjty,flop,call,0,jqcvfekoorqxedeuxhxnyq,turn,call,0,ojigmyutxrapzqfwrirjty,turn,call,990,jqcvfekoorqxedeuxhxnyq,river,raise,990,ojigmyutxrapzqfwrirjty,river,call,,,,,"HT,H4,DQ,C9,CJ",river,2000,0,1,,,"D5,C5","[{'name': 'Player1', 'uuid': 'ojigmyutxrapzqfwrirjty', 'stack': 990, 'state': 'participating'}, {'name': 'Player2', 'uuid': 'jqcvfekoorqxedeuxhxnyq', 'stack': 995, 'state': 'participating'}]",1000,Player1,1010,1,river,0.29,0
10,vnhyyjtuqhunyhqfrvywfy,preflop,call,10,ilqksudguttcfzepyxdzhh,preflop,call,0,vnhyyjtuqhunyhqfrvywfy,flop,call,0,ilqksudguttcfzepyxdzhh,flop,call,0,vnhyyjtuqhunyhqfrvywfy,turn,call,0,ilqksudguttcfzepyxdzhh,turn,call,0,vnhyyjtuqhunyhqfrvywfy,river,call,0,ilqksudguttcfzepyxdzhh,river,call,,,,,"HK,D8,C7,C8,D3",river,20,990,1,,,"C2,H3","[{'name': 'Player1', 'uuid': 'ilqksudguttcfzepyxdzhh', 'stack': 990, 'state': 'participating'}, {'name': 'Player2', 'uuid': 'vnhyyjtuqhunyhqfrvywfy', 'stack': 995, 'state': 'participating'}]",1000,Player1,20,1,river,0.52,0
10,nbxtmfmixsxonkgqulvmrb,preflop,call,10,fikaiehzkywutvidmkhxvp,preflop,call,0,nbxtmfmixsxonkgqulvmrb,flop,call,0,fikaiehzkywutvidmkhxvp,flop,call,0,nbxtmfmixsxonkgqulvmrb,turn,call,0,fikaiehzkywutvidmkhxvp,turn,call,0,nbxtmfmixsxonkgqulvmrb,river,call,0,fikaiehzkywutvidmkhxvp,river,call,,,,,"SJ,D2,D9,S2,HQ",river,20,990,1,,,"S3,CA","[{'name': 'Player1', 'uuid': 'fikaiehzkywutvidmkhxvp', 'stack': 990, 'state': 'participating'}, {'name': 'Player2', 'uuid': 'nbxtmfmixsxonkgqulvmrb', 'stack': 995, 'state': 'participating'}]",1000,Player1,20,1,river,0.37,0
10,jtvqtinswityzrtgdgoecn,preflop,call,10,ubkulrdxnpqmosmluhvcqr,preflop,call,0,jtvqtinswityzrtgdgoecn,flop,call,0,ubkulrdxnpqmosmluhvcqr,flop,call,0,jtvqtinswityzrtgdgoecn,turn,call,0,ubkulrdxnpqmosmluhvcqr,turn,call,0,jtvqtinswityzrtgdgoecn,river,call,990,ubkulrdxnpqmosmluhvcqr,river,raise,990,jtvqtinswityzrtgdgoecn,river,call,"C2,HA,CA,DT,HT",river,2000,2000,1,,,"H9,HK","[{'name': 'Player1', 'uuid': 'ubkulrdxnpqmosmluhvcqr', 'stack': 990, 'state': 'participating'}, {'name': 'Player2', 'uuid': 'jtvqtinswityzrtgdgoecn', 'stack': 995, 'state': 'participating'}]",1000,Player1,20,1,river,0.78,1
10,svqovmchcledoimdpqybnn,preflop,call,10,hxwtlkhiyrsjyzkffnfaqh,preflop,call,990,svqovmchcledoimdpqybnn,flop,raise,990,hxwtlkhiyrsjyzkffnfaqh,flop,call,,,,,,,,,,,,,,,,,,,,,"C6,S7,S6",river,2000,0,1,,,"D8,SJ","[{'name': 'Player1', 'uuid': 'hxwtlkhiyrsjyzkffnfaqh', 'stack': 990, 'state': 'participating'}, {'name': 'Player2', 'uuid': 'svqovmchcledoimdpqybnn', 'stack': 995, 'state': 'participating'}]",1000,Player1,1010,1,flop,0.4,0
10,npijzuocnviqthvmltzjca,preflop,call,10,aqpdspolfvysqdfnpymlks,preflop,call,0,npijzuocnviqthvmltzjca,flop,call,0,aqpdspolfvysqdfnpymlks,flop,call,0,npijzuocnviqthvmltzjca,turn,call,0,aqpdspolfvysqdfnpymlks,turn,call,0,npijzuocnviqthvmltzjca,river,call,0,aqpdspolfvysqdfnpymlks,river,call,,,,,"DQ,DT,HJ,S9,D4",river,20,1010,1,,,"D9,C9","[{'name': 'Player1', 'uuid': 'aqpdspolfvysqdfnpymlks', 'stack': 990, 'state': 'participating'}, {'name': 'Player2', 'uuid': 'npijzuocnviqthvmltzjca', 'stack': 995, 'state': 'participating'}]",1000,Player1,20,1,river,0.61,1
10,powgjzjyrhrgdrvsdehxds,preflop,call,10,vhoqdxiupyjhohgcgxruxx,preflop,call,0,powgjzjyrhrgdrvsdehxds,flop,call,0,vhoqdxiupyjhohgcgxruxx,flop,call,0,powgjzjyrhrgdrvsdehxds,turn,call,0,vhoqdxiupyjhohgcgxruxx,turn,call,990,powgjzjyrhrgdrvsdehxds,river,raise,990,vhoqdxiupyjhohgcgxruxx,river,call,,,,,"H9,H4,D7,S3,HQ",river,2000,0,1,,,"ST,H3","[{'name': 'Player1', 'uuid': 'vhoqdxiupyjhohgcgxruxx', 'stack': 990, 'state': 'participating'}, {'name': 'Player2', 'uuid': 'powgjzjyrhrgdrvsdehxds', 'stack': 995, 'state': 'participating'}]",1000,Player1,1010,1,river,0.45,0
10,xjdwxqupmgpqxouosuckvf,preflop,call,10,lyxnkultxvqlgxlimjwdax,preflop,call,0,xjdwxqupmgpqxouosuckvf,flop,call,0,lyxnkultxvqlgxlimjwdax,flop,call,0,xjdwxqupmgpqxouosuckvf,turn,call,0,lyxnkultxvqlgxlimjwdax,turn,call,0,xjdwxqupmgpqxouosuckvf,river,call,0,lyxnkultxvqlgxlimjwdax,river,call,,,,,"ST,D8,C8,DJ,H4",river,20,990,1,,,"SQ,D3","[{'name': 'Player1', 'uuid': 'lyxnkultxvqlgxlimjwdax', 'stack': 990, 'state': 'participating'}, {'name': 'Player2', 'uuid': 'xjdwxqupmgpqxouosuckvf', 'stack': 995, 'state': 'participating'}]",1000,Player1,20,1,river,0.27,0
10,qugxlbuqbnupqkrjcypnra,preflop,call,10,hpxofwfflajmujeebxcueb,preflop,call,0,qugxlbuqbnupqkrjcypnra,flop,call,0,hpxofwfflajmujeebxcueb,flop,call,0,qugxlbuqbnupqkrjcypnra,turn,call,0,hpxofwfflajmujeebxcueb,turn,call,0,qugxlbuqbnupqkrjcypnra,river,call,0,hpxofwfflajmujeebxcueb,river,call,,,,,"DQ,CK,S4,H7,D7",river,20,1010,1,,,"SA,D4","[{'name': 'Player1', 'uuid': 'hpxofwfflajmujeebxcueb', 'stack': 990, 'state': 'participating'}, {'name': 'Player2', 'uuid': 'qugxlbuqbnupqkrjcypnra', 'stack': 995, 'state': 'participating'}]",1000,Player1,20,1,river,0.63,1
10,ylnoexcdpnehagvigtfhnv,preflop,call,10,prmzmzjbeyuqtoziaeeikw,preflop,call,990,ylnoexcdpnehagvigtfhnv,flop,raise,990,prmzmzjbeyuqtoziaeeikw,flop,call,,,,,,,,,,,,,,,,,,,,,"D9,H2,H8",river,2000,0,1,,,"SJ,DK","[{'name': 'Player1', 'uuid': 'prmzmzjbeyuqtoziaeeikw', 'stack': 990, 'state': 'participating'}, {'name': 'Player2', 'uuid': 'ylnoexcdpnehagvigtfhnv', 'stack': 995, 'state': 'participating'}]",1000,Player1,1010,1,flop,0.4,0
10,pkrpomgsachiwclijojvvl,preflop,call,10,odiebgaaogeogiokhmwbxn,preflop,call,0,pkrpomgsachiwclijojvvl,flop,call,0,odiebgaaogeogiokhmwbxn,flop,call,0,pkrpomgsachiwclijojvvl,turn,call,0,odiebgaaogeogiokhmwbxn,turn,call,0,pkrpomgsachiwclijojvvl,river,call,0,odiebgaaogeogiokhmwbxn,river,call,,,,,"HJ,H7,D8,D6,C4",river,20,1010,1,,,"DA,HK","[{'name': 'Player1', 'uuid': 'odiebgaaogeogiokhmwbxn', 'stack': 990, 'state': 'participating'}, {'name': 'Player2', 'uuid': 'pkrpomgsachiwclijojvvl', 'stack': 995, 'state': 'participating'}]",1000,Player1,20,1,river,0.28,1
10,iwplcwqllevisusaicfkjw,preflop,call,10,puenosfpnvtghxtwbovrhh,preflop,call,0,iwplcwqllevisusaicfkjw,flop,call,0,puenosfpnvtghxtwbovrhh,flop,call,0,iwplcwqllevisusaicfkjw,turn,call,0,puenosfpnvtghxtwbovrhh,turn,call,0,iwplcwqllevisusaicfkjw,river,call,0,puenosfpnvtghxtwbovrhh,river,call,,,,,"DQ,S3,H5,CJ,H6",river,20,1010,1,,,"H3,HK","[{'name': 'Player1', 'uuid': 'puenosfpnvtghxtwbovrhh', 'stack': 990, 'state': 'participating'}, {'name': 'Player2', 'uuid': 'iwplcwqllevisusaicfkjw', 'stack': 995, 'state': 'participating'}]",1000,Player1,20,1,river,0.47,1
10,johbnleexpmeyuxfbimblj,preflop,call,10,ueejcmvvnuiwcdslouqxxx,preflop,call,0,johbnleexpmeyuxfbimblj,flop,call,0,ueejcmvvnuiwcdslouqxxx,flop,call,0,johbnleexpmeyuxfbimblj,turn,call,0,ueejcmvvnuiwcdslouqxxx,turn,call,0,johbnleexpmeyuxfbimblj,river,call,0,ueejcmvvnuiwcdslouqxxx,river,call,,,,,"D3,C4,H5,SQ,DQ",river,20,990,1,,,"C2,ST","[{'name': 'Player1', 'uuid': 'ueejcmvvnuiwcdslouqxxx', 'stack': 990, 'state': 'participating'}, {'name': 'Player2', 'uuid': 'johbnleexpmeyuxfbimblj', 'stack': 995, 'state': 'participating'}]",1000,Player1,20,1,river,0.16,0
10,yilqjehyxmgziicvbxwcej,preflop,call,10,evjlvpfycmzoitbqdwuwyi,preflop,call,0,yilqjehyxmgziicvbxwcej,flop,call,0,evjlvpfycmzoitbqdwuwyi,flop,call,0,yilqjehyxmgziicvbxwcej,turn,call,0,evjlvpfycmzoitbqdwuwyi,turn,call,0,yilqjehyxmgziicvbxwcej,river,call,0,evjlvpfycmzoitbqdwuwyi,river,call,,,,,"DJ,D6,S8,CQ,SK",river,20,990,1,,,"C2,H2","[{'name': 'Player1', 'uuid': 'evjlvpfycmzoitbqdwuwyi', 'stack': 990, 'state': 'participating'}, {'name': 'Player2', 'uuid': 'yilqjehyxmgziicvbxwcej', 'stack': 995, 'state': 'participating'}]",1000,Player1,20,1,river,0.44,0
10,wxxtudmgzgpekajgefqwzy,preflop,call,10,zluojkjuaczizjrpsuxsny,preflop,call,990,wxxtudmgzgpekajgefqwzy,flop,raise,990,zluojkjuaczizjrpsuxsny,flop,call,,,,,,,,,,,,,,,,,,,,,"D9,H4,CA",river,2000,0,1,,,"H5,DQ","[{'name': 'Player1', 'uuid': 'zluojkjuaczizjrpsuxsny', 'stack': 990, 'state': 'participating'}, {'name': 'Player2', 'uuid': 'wxxtudmgzgpekajgefqwzy', 'stack': 995, 'state': 'participating'}]",1000,Player1,1010,1,flop,0.35,0
10,sorqeqdqhtzwuopcufrnoo,preflop,call,10,pxgiahlwpszwdicectlxoi,preflop,call,0,sorqeqdqhtzwuopcufrnoo,flop,call,990,pxgiahlwpszwdicectlxoi,flop,raise,990,sorqeqdqhtzwuopcufrnoo,flop,call,,,,,,,,,,,,,,,,,"DQ,C6,HJ",river,2000,2000,1,,,"CQ,C8","[{'name': 'Player1', 'uuid': 'pxgiahlwpszwdicectlxoi', 'stack': 990, 'state': 'participating'}, {'name': 'Player2', 'uuid': 'sorqeqdqhtzwuopcufrnoo', 'stack': 995, 'state': 'participating'}]",1000,Player1,20,1,flop,0.77,1
10,fqvozcksgzmkpspnexhcsg,preflop,call,10,pgkrqrdbbybrejhneorrlm,preflop,call,0,fqvozcksgzmkpspnexhcsg,flop,call,0,pgkrqrdbbybrejhneorrlm,flop,call,0,fqvozcksgzmkpspnexhcsg,turn,call,0,pgkrqrdbbybrejhneorrlm,turn,call,0,fqvozcksgzmkpspnexhcsg,river,call,0,pgkrqrdbbybrejhneorrlm,river,call,,,,,"S5,C8,DA,HQ,D2",river,20,1010,1,,,"H5,CK","[{'name': 'Player1', 'uuid': 'pgkrqrdbbybrejhneorrlm', 'stack': 990, 'state': 'participating'}, {'name': 'Player2', 'uuid': 'fqvozcksgzmkpspnexhcsg', 'stack': 995, 'state': 'participating'}]",1000,Player1,20,1,river,0.58,1
10,ntufhmryaeugkynochjrhj,preflop,call,10,pftnhqnabpzxmzgvncoizv,preflop,call,0,ntufhmryaeugkynochjrhj,flop,call,0,pftnhqnabpzxmzgvncoizv,flop,call,0,ntufhmryaeugkynochjrhj,turn,call,0,pftnhqnabpzxmzgvncoizv,turn,call,0,ntufhmryaeugkynochjrhj,river,call,0,pftnhqnabpzxmzgvncoizv,river,call,,,,,"SK,D3,DA,C4,HA",river,20,990,1,,,"H9,ST","[{'name': 'Player1', 'uuid': 'pftnhqnabpzxmzgvncoizv', 'stack': 990, 'state': 'participating'}, {'name': 'Player2', 'uuid': 'ntufhmryaeugkynochjrhj', 'stack': 995, 'state': 'participating'}]",1000,Player1,20,1,river,0.29,0
10,alupuefqixmkbpzmjvrahf,preflop,call,10,gvmhdelfbrhzfitztfnarz,preflop,call,0,alupuefqixmkbpzmjvrahf,flop,call,0,gvmhdelfbrhzfitztfnarz,flop,call,0,alupuefqixmkbpzmjvrahf,turn,call,0,gvmhdelfbrhzfitztfnarz,turn,call,0,alupuefqixmkbpzmjvrahf,river,call,0,gvmhdelfbrhzfitztfnarz,river,call,,,,,"S6,D8,H4,H5,CK",river,20,990,1,,,"CT,H2","[{'name': 'Player1', 'uuid': 'gvmhdelfbrhzfitztfnarz', 'stack': 990, 'state': 'participating'}, {'name': 'Player2', 'uuid': 'alupuefqixmkbpzmjvrahf', 'stack': 995, 'state': 'participating'}]",1000,Player1,20,1,river,0.0,0
10,xhdlvxjwvyebnwhtijfhdu,preflop,call,10,dwjzkdpzmqkrwpvvbjymrw,preflop,call,0,xhdlvxjwvyebnwhtijfhdu,flop,call,0,dwjzkdpzmqkrwpvvbjymrw,flop,call,0,xhdlvxjwvyebnwhtijfhdu,turn,call,990,dwjzkdpzmqkrwpvvbjymrw,turn,raise,990,xhdlvxjwvyebnwhtijfhdu,turn,call,,,,,,,,,"DT,D7,HQ,CA",river,2000,2000,1,,,"D3,HA","[{'name': 'Player1', 'uuid': 'dwjzkdpzmqkrwpvvbjymrw', 'stack': 990, 'state': 'participating'}, {'name': 'Player2', 'uuid': 'xhdlvxjwvyebnwhtijfhdu', 'stack': 995, 'state': 'participating'}]",1000,Player1,20,1,turn,0.77,1
10,xtqjksbloskpkhsesgpvwe,preflop,call,10,wldmfaruohykzimhwtprvy,preflop,call,990,xtqjksbloskpkhsesgpvwe,flop,raise,990,wldmfaruohykzimhwtprvy,flop,call,,,,,,,,,,,,,,,,,,,,,"S8,DK,CQ",river,2000,2000,1,,,"D5,H5","[{'name': 'Player1', 'uuid': 'wldmfaruohykzimhwtprvy', 'stack': 990, 'state': 'participating'}, {'name': 'Player2', 'uuid': 'xtqjksbloskpkhsesgpvwe', 'stack': 995, 'state': 'participating'}]",1000,Player1,1010,1,flop,0.52,1
10,ardubayqmgcygfwxftveuh,preflop,call,1000,xpujcgonmnuhxmzlrtubuc,preflop,raise,1000,ardubayqmgcygfwxftveuh,preflop,call,,,,,,,,,,,,,,,,,,,,,,,,,,river,2000,2000,1,,,"C9,CA","[{'name': 'Player1', 'uuid': 'xpujcgonmnuhxmzlrtubuc', 'stack': 990, 'state': 'participating'}, {'name': 'Player2', 'uuid': 'ardubayqmgcygfwxftveuh', 'stack': 995, 'state': 'participating'}]",1000,Player1,20,1,preflop,0.7,1
10,xevxaorbdpuogtdkgjmeet,preflop,call,10,bwrdfalazubttksiydptno,preflop,call,990,xevxaorbdpuogtdkgjmeet,flop,raise,990,bwrdfalazubttksiydptno,flop,call,,,,,,,,,,,,,,,,,,,,,"DK,HQ,HA",river,2000,0,1,,,"H3,C5","[{'name': 'Player1', 'uuid': 'bwrdfalazubttksiydptno', 'stack': 990, 'state': 'participating'}, {'name': 'Player2', 'uuid': 'xevxaorbdpuogtdkgjmeet', 'stack': 995, 'state': 'participating'}]",1000,Player1,1010,1,flop,0.14,0
10,gviryzxqvasvhsbuzdkjyb,preflop,call,10,dvyupkemaimthckanhdoqd,preflop,call,0,gviryzxqvasvhsbuzdkjyb,flop,call,0,dvyupkemaimthckanhdoqd,flop,call,0,gviryzxqvasvhsbuzdkjyb,turn,call,0,dvyupkemaimthckanhdoqd,turn,call,0,gviryzxqvasvhsbuzdkjyb,river,call,0,dvyupkemaimthckanhdoqd,river,call,,,,,"S6,SK,C8,C2,HT",river,20,990,1,,,"DJ,D3","[{'name': 'Player1', 'uuid': 'dvyupkemaimthckanhdoqd', 'stack': 990, 'state': 'participating'}, {'name': 'Player2', 'uuid': 'gviryzxqvasvhsbuzdkjyb', 'stack': 995, 'state': 'participating'}]",1000,Player1,20,1,river,0.1,0
10,zbdiqznjuyysxkeorawrpf,preflop,call,1000,cyclatfqalcvexmhxcebji,preflop,raise,1000,zbdiqznjuyysxkeorawrpf,preflop,call,,,,,,,,,,,,,,,,,,,,,,,,,,river,2000,2000,1,,,"SJ,HA","[{'name': 'Player1', 'uuid': 'cyclatfqalcvexmhxcebji', 'stack': 990, 'state': 'participating'}, {'name': 'Player2', 'uuid': 'zbdiqznjuyysxkeorawrpf', 'stack': 995, 'state': 'participating'}]",1000,Player1,20,1,preflop,0.72,1
10,lvsjxjrheplcwbztitfhvv,preflop,call,10,hfqflpeaeppdwlwomoqjro,preflop,call,0,lvsjxjrheplcwbztitfhvv,flop,call,0,hfqflpeaeppdwlwomoqjro,flop,call,0,lvsjxjrheplcwbztitfhvv,turn,call,0,hfqflpeaeppdwlwomoqjro,turn,call,0,lvsjxjrheplcwbztitfhvv,river,call,0,hfqflpeaeppdwlwomoqjro,river,call,,,,,"DK,C7,CK,ST,S6",river,20,990,1,,,"D2,D6","[{'name': 'Player1', 'uuid': 'hfqflpeaeppdwlwomoqjro', 'stack': 990, 'state': 'participating'}, {'name': 'Player2', 'uuid': 'lvsjxjrheplcwbztitfhvv', 'stack': 995, 'state': 'participating'}]",1000,Player1,20,1,river,0.57,0
10,kqefkoskfopgfhqdwsplqm,preflop,call,10,wlelynlonzdswfvoabbauk,preflop,call,0,kqefkoskfopgfhqdwsplqm,flop,call,0,wlelynlonzdswfvoabbauk,flop,call,0,kqefkoskfopgfhqdwsplqm,turn,call,0,wlelynlonzdswfvoabbauk,turn,call,0,kqefkoskfopgfhqdwsplqm,river,call,0,wlelynlonzdswfvoabbauk,river,call,,,,,"CT,D3,DT,HK,S9",river,20,990,1,,,"S7,HA","[{'name': 'Player1', 'uuid': 'wlelynlonzdswfvoabbauk', 'stack': 990, 'state': 'participating'}, {'name': 'Player2', 'uuid': 'kqefkoskfopgfhqdwsplqm', 'stack': 995, 'state': 'participating'}]",1000,Player1,20,1,river,0.47,0
10,vrpgncequslutoanegxrpp,preflop,call,10,yyuolipyxvkpshoftahwzx,preflop,call,990,vrpgncequslutoanegxrpp,flop,raise,990,yyuolipyxvkpshoftahwzx,flop,call,,,,,,,,,,,,,,,,,,,,,"DT,S9,HJ",river,2000,0,1,,,"HK,C7","[{'name': 'Player1', 'uuid': 'yyuolipyxvkpshoftahwzx', 'stack': 990, 'state': 'participating'}, {'name': 'Player2', 'uuid': 'vrpgncequslutoanegxrpp', 'stack': 995, 'state': 'participating'}]",1000,Player1,1010,1,flop,0.47,0
10,sxoiytfgdzwpwcgrmepddu,preflop,call,10,daygmemyhrzpwvqxqmqkby,preflop,call,0,sxoiytfgdzwpwcgrmepddu,flop,call,0,daygmemyhrzpwvqxqmqkby,flop,call,0,sxoiytfgdzwpwcgrmepddu,turn,call,990,daygmemyhrzpwvqxqmqkby,turn,raise,990,sxoiytfgdzwpwcgrmepddu,turn,call,,,,,,,,,"D5,C3,HK,S5",river,2000,2000,1,,,"H5,D8","[{'name': 'Player1', 'uuid': 'daygmemyhrzpwvqxqmqkby', 'stack': 990, 'state': 'participating'}, {'name': 'Player2', 'uuid': 'sxoiytfgdzwpwcgrmepddu', 'stack': 995, 'state': 'participating'}]",1000,Player1,20,1,turn,0.97,1
10,ruhsdtfaysjpgarjzontog,preflop,call,10,vdctzmzqapghwhvdeiyuip,preflop,call,990,ruhsdtfaysjpgarjzontog,flop,raise,990,vdctzmzqapghwhvdeiyuip,flop,call,,,,,,,,,,,,,,,,,,,,,"H9,D7,HA",river,2000,0,1,,,"C6,DT","[{'name': 'Player1', 'uuid': 'vdctzmzqapghwhvdeiyuip', 'stack': 990, 'state': 'participating'}, {'name': 'Player2', 'uuid': 'ruhsdtfaysjpgarjzontog', 'stack': 995, 'state': 'participating'}]",1000,Player1,1010,1,flop,0.4,0
10,jtnkncclibsckcpaitciot,preflop,call,10,tskgydhkomtbftmrikgkrd,preflop,call,0,jtnkncclibsckcpaitciot,flop,call,990,tskgydhkomtbftmrikgkrd,flop,raise,990,jtnkncclibsckcpaitciot,flop,call,,,,,,,,,,,,,,,,,"C7,D6,CA",river,2000,2000,1,,,"CJ,C6","[{'name': 'Player1', 'uuid': 'tskgydhkomtbftmrikgkrd', 'stack': 990, 'state': 'participating'}, {'name': 'Player2', 'uuid': 'jtnkncclibsckcpaitciot', 'stack': 995, 'state': 'participating'}]",1000,Player1,20,1,flop,0.75,1
10,ngxxvgihxgbqutlatxnkno,preflop,call,10,hgdyphdjxyglvaclrmsoit,preflop,call,0,ngxxvgihxgbqutlatxnkno,flop,call,0,hgdyphdjxyglvaclrmsoit,flop,call,990,ngxxvgihxgbqutlatxnkno,turn,raise,990,hgdyphdjxyglvaclrmsoit,turn,call,,,,,,,,,,,,,"S4,HK,CA,HJ",river,2000,0,1,,,"S5,C9","[{'name': 'Player1', 'uuid': 'hgdyphdjxyglvaclrmsoit', 'stack': 990, 'state': 'participating'}, {'name': 'Player2', 'uuid': 'ngxxvgihxgbqutlatxnkno', 'stack': 995, 'state': 'participating'}]",1000,Player1,1010,1,turn,0.25,0
10,ihtrijoxjqciypnfcifkoe,preflop,call,10,xouksbhlkwxpvgwvuyygpv,preflop,call,0,ihtrijoxjqciypnfcifkoe,flop,call,0,xouksbhlkwxpvgwvuyygpv,flop,call,0,ihtrijoxjqciypnfcifkoe,turn,call,0,xouksbhlkwxpvgwvuyygpv,turn,call,0,ihtrijoxjqciypnfcifkoe,river,call,0,xouksbhlkwxpvgwvuyygpv,river,call,,,,,"S3,DA,DQ,CT,H3",river,20,1010,1,,,"C7,D7","[{'name': 'Player1', 'uuid': 'xouksbhlkwxpvgwvuyygpv', 'stack': 990, 'state': 'participating'}, {'name': 'Player2', 'uuid': 'ihtrijoxjqciypnfcifkoe', 'stack': 995, 'state': 'participating'}]",1000,Player1,20,1,river,0.52,1
10,jmzsfwmkjflcicsibudrwr,preflop,call,10,yuvvdqhswsdjdxpjmfpfuq,preflop,call,0,jmzsfwmkjflcicsibudrwr,flop,call,0,yuvvdqhswsdjdxpjmfpfuq,flop,call,990,jmzsfwmkjflcicsibudrwr,turn,raise,990,yuvvdqhswsdjdxpjmfpfuq,turn,call,,,,,,,,,,,,,"C4,D7,CK,DQ",river,2000,0,1,,,"HJ,D8","[{'name': 'Player1', 'uuid': 'yuvvdqhswsdjdxpjmfpfuq', 'stack': 990, 'state': 'participating'}, {'name': 'Player2', 'uuid': 'jmzsfwmkjflcicsibudrwr', 'stack': 995, 'state': 'participating'}]",1000,Player1,1010,1,turn,0.35,0
10,sxxdjrgsxobdddfbfsbtpa,preflop,call,1000,xwnezmxpopifsafqgvpefs,preflop,raise,1000,sxxdjrgsxobdddfbfsbtpa,preflop,call,,,,,,,,,,,,,,,,,,,,,,,,,,river,2000,2000,1,,,"SK,HK","[{'name': 'Player1', 'uuid': 'xwnezmxpopifsafqgvpefs', 'stack': 990, 'state': 'participating'}, {'name': 'Player2', 'uuid': 'sxxdjrgsxobdddfbfsbtpa', 'stack': 995, 'state': 'participating'}]",1000,Player1,20,1,preflop,0.84,1
10,zwuvrlkcwctouporondovq,preflop,call,10,ewdmjiqbvxnzgktwgkohbk,preflop,call,990,zwuvrlkcwctouporondovq,flop,raise,990,ewdmjiqbvxnzgktwgkohbk,flop,call,,,,,,,,,,,,,,,,,,,,,"CK,S3,S2",river,2000,0,1,,,"S5,HJ","[{'name': 'Player1', 'uuid': 'ewdmjiqbvxnzgktwgkohbk', 'stack': 990, 'state': 'participating'}, {'name': 'Player2', 'uuid': 'zwuvrlkcwctouporondovq', 'stack': 995, 'state': 'participating'}]",1000,Player1,1010,1,flop,0.5,0
10,effdpnuxniuzqrbtuwaihg,preflop,call,10,hzogaolgdosandhrrfdeiz,preflop,call,0,effdpnuxniuzqrbtuwaihg,flop,call,0,hzogaolgdosandhrrfdeiz,flop,call,0,effdpnuxniuzqrbtuwaihg,turn,call,0,hzogaolgdosandhrrfdeiz,turn,call,0,effdpnuxniuzqrbtuwaihg,river,call,0,hzogaolgdosandhrrfdeiz,river,call,,,,,"S4,C5,S5,C7,SK",river,20,1010,1,,,"H7,D2","[{'name': 'Player1', 'uuid': 'hzogaolgdosandhrrfdeiz', 'stack': 990, 'state': 'participating'}, {'name': 'Player2', 'uuid': 'effdpnuxniuzqrbtuwaihg', 'stack': 995, 'state': 'participating'}]",1000,Player1,20,1,river,0.58,1
10,gvjqnxkhxdhrrobscvuyfp,preflop,call,10,bleemhjocrjbuwcnojtqnu,preflop,call,990,gvjqnxkhxdhrrobscvuyfp,flop,raise,990,bleemhjocrjbuwcnojtqnu,flop,call,,,,,,,,,,,,,,,,,,,,,"ST,D9,C4",river,2000,0,1,,,"HK,CA","[{'name': 'Player1', 'uuid': 'bleemhjocrjbuwcnojtqnu', 'stack': 990, 'state': 'participating'}, {'name': 'Player2', 'uuid': 'gvjqnxkhxdhrrobscvuyfp', 'stack': 995, 'state': 'participating'}]",1000,Player1,1010,1,flop,0.52,0
10,rioonbcajycwennrdodytv,preflop,call,10,khenmfpdqltpdhhczhhcrc,preflop,call,0,rioonbcajycwennrdodytv,flop,call,990,khenmfpdqltpdhhczhhcrc,flop,raise,990,rioonbcajycwennrdodytv,flop,call,,,,,,,,,,,,,,,,,"D6,C3,D9",river,2000,2000,1,,,"DJ,S6","[{'name': 'Player1', 'uuid': 'khenmfpdqltpdhhczhhcrc', 'stack': 990, 'state': 'participating'}, {'name': 'Player2', 'uuid': 'rioonbcajycwennrdodytv', 'stack': 995, 'state': 'participating'}]",1000,Player1,20,1,flop,0.75,1
10,jkzogkdbtcwdalrgqojghr,preflop,call,10,qmcgqmdorrjcoskenngdoh,preflop,call,0,jkzogkdbtcwdalrgqojghr,flop,call,0,qmcgqmdorrjcoskenngdoh,flop,call,0,jkzogkdbtcwdalrgqojghr,turn,call,0,qmcgqmdorrjcoskenngdoh,turn,call,0,jkzogkdbtcwdalrgqojghr,river,call,0,qmcgqmdorrjcoskenngdoh,river,call,,,,,"SK,S5,H2,CJ,H5",river,20,1010,1,,,"DA,D2","[{'name': 'Player1', 'uuid': 'qmcgqmdorrjcoskenngdoh', 'stack': 990, 'state': 'participating'}, {'name': 'Player2', 'uuid': 'jkzogkdbtcwdalrgqojghr', 'stack': 995, 'state': 'participating'}]",1000,Player1,20,1,river,0.66,1
10,otpkxoccyeopuxofufbxtr,preflop,call,10,tguycntluwwzuyhiomewvt,preflop,call,0,otpkxoccyeopuxofufbxtr,flop,call,0,tguycntluwwzuyhiomewvt,flop,call,0,otpkxoccyeopuxofufbxtr,turn,call,0,tguycntluwwzuyhiomewvt,turn,call,0,otpkxoccyeopuxofufbxtr,river,call,0,tguycntluwwzuyhiomewvt,river,call,,,,,"DT,CK,SA,DA,H6",river,20,1010,1,,,"H3,C3","[{'name': 'Player1', 'uuid': 'tguycntluwwzuyhiomewvt', 'stack': 990, 'state': 'participating'}, {'name': 'Player2', 'uuid': 'otpkxoccyeopuxofufbxtr', 'stack': 995, 'state': 'participating'}]",1000,Player1,20,1,river,0.5,1
10,eyxqeuuinfdjrlpwaqxbfj,preflop,call,10,xcqhxknneonwemnjfbeghk,preflop,call,0,eyxqeuuinfdjrlpwaqxbfj,flop,call,990,xcqhxknneonwemnjfbeghk,flop,raise,990,eyxqeuuinfdjrlpwaqxbfj,flop,call,,,,,,,,,,,,,,,,,"D2,DT,D8",river,2000,2000,1,,,"DK,D9","[{'name': 'Player1', 'uuid': 'xcqhxknneonwemnjfbeghk', 'stack': 990, 'state': 'participating'}, {'name': 'Player2', 'uuid': 'eyxqeuuinfdjrlpwaqxbfj', 'stack': 995, 'state': 'participating'}]",1000,Player1,20,1,flop,0.96,1
10,zuptozvkospznrooforfkl,preflop,call,10,jwzjeijfhpimvmzxgjlvoh,preflop,call,0,zuptozvkospznrooforfkl,flop,call,0,jwzjeijfhpimvmzxgjlvoh,flop,call,0,zuptozvkospznrooforfkl,turn,call,0,jwzjeijfhpimvmzxgjlvoh,turn,call,0,zuptozvkospznrooforfkl,river,call,0,jwzjeijfhpimvmzxgjlvoh,river,call,,,,,"D5,ST,D9,HJ,H9",river,20,990,1,,,"D8,S2","[{'name': 'Player1', 'uuid': 'jwzjeijfhpimvmzxgjlvoh', 'stack': 990, 'state': 'participating'}, {'name': 'Player2', 'uuid': 'zuptozvkospznrooforfkl', 'stack': 995, 'state': 'participating'}]",1000,Player1,20,1,river,0.2,0
10,aqqfbgcagtoakctokcvgzj,preflop,call,10,mpkxrmqreaxjztymmkkvzr,preflop,call,0,aqqfbgcagtoakctokcvgzj,flop,call,0,mpkxrmqreaxjztymmkkvzr,flop,call,0,aqqfbgcagtoakctokcvgzj,turn,call,0,mpkxrmqreaxjztymmkkvzr,turn,call,0,aqqfbgcagtoakctokcvgzj,river,call,0,mpkxrmqreaxjztymmkkvzr,river,call,,,,,"H9,CQ,S2,DT,D6",river,20,990,1,,,"D2,H4","[{'name': 'Player1', 'uuid': 'mpkxrmqreaxjztymmkkvzr', 'stack': 990, 'state': 'participating'}, {'name': 'Player2', 'uuid': 'aqqfbgcagtoakctokcvgzj', 'stack': 995, 'state': 'participating'}]",1000,Player1,20,1,river,0.34,0
10,mmzxudhivqwyeslljbmmcn,preflop,call,10,kgmgyxghcalkbtehnipuws,preflop,call,0,mmzxudhivqwyeslljbmmcn,flop,call,0,kgmgyxghcalkbtehnipuws,flop,call,0,mmzxudhivqwyeslljbmmcn,turn,call,0,kgmgyxghcalkbtehnipuws,turn,call,0,mmzxudhivqwyeslljbmmcn,river,call,0,kgmgyxghcalkbtehnipuws,river,call,,,,,"HT,C8,HJ,S2,HK",river,20,1010,1,,,"SA,S8","[{'name': 'Player1', 'uuid': 'kgmgyxghcalkbtehnipuws', 'stack': 990, 'state': 'participating'}, {'name': 'Player2', 'uuid': 'mmzxudhivqwyeslljbmmcn', 'stack': 995, 'state': 'participating'}]",1000,Player1,20,1,river,0.39,1
10,vxaoofcwsxhsmdwxmacaak,preflop,call,10,dhitktupxyankderyqnfqr,preflop,call,990,vxaoofcwsxhsmdwxmacaak,flop,raise,-1,dhitktupxyankderyqnfqr,flop,raise,,,,,,,,,,,,,,,,,,,,,"D4,DK,S4",flop,1010,990,1,,,"H3,SK","[{'name': 'Player1', 'uuid': 'dhitktupxyankderyqnfqr', 'stack': 990, 'state': 'participating'}, {'name': 'Player2', 'uuid': 'vxaoofcwsxhsmdwxmacaak', 'stack': 995, 'state': 'participating'}]",1000,Player1,1010,1,flop,0.82,0
10,drbhfbndzgusuwgyulnxbf,preflop,call,10,rqwguzgounhwboyzknagvo,preflop,call,0,drbhfbndzgusuwgyulnxbf,flop,call,0,rqwguzgounhwboyzknagvo,flop,call,0,drbhfbndzgusuwgyulnxbf,turn,call,0,rqwguzgounhwboyzknagvo,turn,call,990,drbhfbndzgusuwgyulnxbf,river,raise,990,rqwguzgounhwboyzknagvo,river,call,,,,,"H3,CQ,D8,S4,C4",river,2000,0,1,,,"CA,S3","[{'name': 'Player1', 'uuid': 'rqwguzgounhwboyzknagvo', 'stack': 990, 'state': 'participating'}, {'name': 'Player2', 'uuid': 'drbhfbndzgusuwgyulnxbf', 'stack': 995, 'state': 'participating'}]",1000,Player1,1010,1,river,0.62,0
10,rbtzkhrqasagwzyatukbhy,preflop,call,10,howgqsbidhdjadtskngsem,preflop,call,0,rbtzkhrqasagwzyatukbhy,flop,call,0,howgqsbidhdjadtskngsem,flop,call,0,rbtzkhrqasagwzyatukbhy,turn,call,0,howgqsbidhdjadtskngsem,turn,call,0,rbtzkhrqasagwzyatukbhy,river,call,990,howgqsbidhdjadtskngsem,river,raise,990,rbtzkhrqasagwzyatukbhy,river,call,"CT,D4,H8,CA,S9",river,2000,2000,1,,,"C7,D6","[{'name': 'Player1', 'uuid': 'howgqsbidhdjadtskngsem', 'stack': 990, 'state': 'participating'}, {'name': 'Player2', 'uuid': 'rbtzkhrqasagwzyatukbhy', 'stack': 995, 'state': 'participating'}]",1000,Player1,20,1,river,1.0,1
10,piosocngxwypqnxbrotsyb,preflop,call,10,lqsklonflevnfxzanyltgu,preflop,call,990,piosocngxwypqnxbrotsyb,flop,raise,990,lqsklonflevnfxzanyltgu,flop,call,,,,,,,,,,,,,,,,,,,,,"H9,SK,D9",river,2000,0,1,,,"DJ,C5","[{'name': 'Player1', 'uuid': 'lqsklonflevnfxzanyltgu', 'stack': 990, 'state': 'participating'}, {'name': 'Player2', 'uuid': 'piosocngxwypqnxbrotsyb', 'stack': 995, 'state': 'participating'}]",1000,Player1,1010,1,flop,0.41,0
10,skmvehhkkfkwgyssxcshku,preflop,call,1000,vzcnmsrgyofdnevcdroeoq,preflop,raise,1000,skmvehhkkfkwgyssxcshku,preflop,call,,,,,,,,,,,,,,,,,,,,,,,,,,river,2000,2000,1,,,"CK,DK","[{'name': 'Player1', 'uuid': 'vzcnmsrgyofdnevcdroeoq', 'stack': 990, 'state': 'participating'}, {'name': 'Player2', 'uuid': 'skmvehhkkfkwgyssxcshku', 'stack': 995, 'state': 'participating'}]",1000,Player1,20,1,preflop,0.85,1
10,gcnhwbrkzazgpweymubrwl,preflop,call,10,anlyddhhyajqurbcqgddaj,preflop,call,0,gcnhwbrkzazgpweymubrwl,flop,call,0,anlyddhhyajqurbcqgddaj,flop,call,990,gcnhwbrkzazgpweymubrwl,turn,raise,-1,anlyddhhyajqurbcqgddaj,turn,raise,,,,,,,,,,,,,"C7,H4,DK,D4",turn,1010,990,1,,,"HQ,D7","[{'name': 'Player1', 'uuid': 'anlyddhhyajqurbcqgddaj', 'stack': 990, 'state': 'participating'}, {'name': 'Player2', 'uuid': 'gcnhwbrkzazgpweymubrwl', 'stack': 995, 'state': 'participating'}]",1000,Player1,1010,1,turn,0.73,0
10,kqaqkmtevzeojryncspqio,preflop,call,10,mcxvfgletwhozexaatnnmu,preflop,call,0,kqaqkmtevzeojryncspqio,flop,call,990,mcxvfgletwhozexaatnnmu,flop,raise,990,kqaqkmtevzeojryncspqio,flop,call,,,,,,,,,,,,,,,,,"S4,SA,ST",river,2000,2000,1,,,"S7,SQ","[{'name': 'Player1', 'uuid': 'mcxvfgletwhozexaatnnmu', 'stack': 990, 'state': 'participating'}, {'name': 'Player2', 'uuid': 'kqaqkmtevzeojryncspqio', 'stack': 995, 'state': 'participating'}]",1000,Player1,20,1,flop,0.93,1
10,xeblclakwdsmidpvscfmrf,preflop,call,10,mgravwgfgfliogiqxifynd,preflop,call,0,xeblclakwdsmidpvscfmrf,flop,call,990,mgravwgfgfliogiqxifynd,flop,raise,990,xeblclakwdsmidpvscfmrf,flop,call,,,,,,,,,,,,,,,,,"S9,H9,S5",river,2000,2000,1,,,"C3,D9","[{'name': 'Player1', 'uuid': 'mgravwgfgfliogiqxifynd', 'stack': 990, 'state': 'participating'}, {'name': 'Player2', 'uuid': 'xeblclakwdsmidpvscfmrf', 'stack': 995, 'state': 'participating'}]",1000,Player1,20,1,flop,0.89,1
10,roqxkzamnnrymeqxbjhiar,preflop,call,10,ijotrxdrzubuocwthmvkvq,preflop,call,0,roqxkzamnnrymeqxbjhiar,flop,call,990,ijotrxdrzubuocwthmvkvq,flop,raise,990,roqxkzamnnrymeqxbjhiar,flop,call,,,,,,,,,,,,,,,,,"H8,DK,S5",river,2000,2000,1,,,"C8,HA","[{'name': 'Player1', 'uuid': 'ijotrxdrzubuocwthmvkvq', 'stack': 990, 'state': 'participating'}, {'name': 'Player2', 'uuid': 'roqxkzamnnrymeqxbjhiar', 'stack': 995, 'state': 'participating'}]",1000,Player1,20,1,flop,0.71,1
10,ghshyjacrxzafxhhxjjjxe,preflop,call,10,lvhihwqhbufxuukqibwbjp,preflop,call,0,ghshyjacrxzafxhhxjjjxe,flop,call,0,lvhihwqhbufxuukqibwbjp,flop,call,0,ghshyjacrxzafxhhxjjjxe,turn,call,0,lvhihwqhbufxuukqibwbjp,turn,call,0,ghshyjacrxzafxhhxjjjxe,river,call,0,lvhihwqhbufxuukqibwbjp,river,call,,,,,"HQ,DT,SK,C9,HA",river,20,990,1,,,"S2,C4","[{'name': 'Player1', 'uuid': 'lvhihwqhbufxuukqibwbjp', 'stack': 990, 'state': 'participating'}, {'name': 'Player2', 'uuid': 'ghshyjacrxzafxhhxjjjxe', 'stack': 995, 'state': 'participating'}]",1000,Player1,20,1,river,0.01,0
10,auwmrzxfhgiwbqflpdapgj,preflop,call,10,ehjpnxazddzwltlnxdtuqj,preflop,call,0,auwmrzxfhgiwbqflpdapgj,flop,call,0,ehjpnxazddzwltlnxdtuqj,flop,call,0,auwmrzxfhgiwbqflpdapgj,turn,call,0,ehjpnxazddzwltlnxdtuqj,turn,call,0,auwmrzxfhgiwbqflpdapgj,river,call,0,ehjpnxazddzwltlnxdtuqj,river,call,,,,,"H2,H6,S2,D2,HQ",river,20,990,1,,,"S4,D5","[{'name': 'Player1', 'uuid': 'ehjpnxazddzwltlnxdtuqj', 'stack': 990, 'state': 'participating'}, {'name': 'Player2', 'uuid': 'auwmrzxfhgiwbqflpdapgj', 'stack': 995, 'state': 'participating'}]",1000,Player1,20,1,river,0.02,0
10,flmgpmibhdbwxobxkroqxc,preflop,call,10,nmwkwxiovezcvimhcfwbvo,preflop,call,0,flmgpmibhdbwxobxkroqxc,flop,call,0,nmwkwxiovezcvimhcfwbvo,flop,call,0,flmgpmibhdbwxobxkroqxc,turn,call,0,nmwkwxiovezcvimhcfwbvo,turn,call,0,flmgpmibhdbwxobxkroqxc,river,call,0,nmwkwxiovezcvimhcfwbvo,river,call,,,,,"S6,C8,S3,H8,D8",river,20,990,1,,,"D5,H7","[{'name': 'Player1', 'uuid': 'nmwkwxiovezcvimhcfwbvo', 'stack': 990, 'state': 'participating'}, {'name': 'Player2', 'uuid': 'flmgpmibhdbwxobxkroqxc', 'stack': 995, 'state': 'participating'}]",1000,Player1,20,1,river,0.05,0
10,ycbkaaypcezfajukwesyge,preflop,call,10,wzizxtqjfcfrwlmwvzvmvd,preflop,call,0,ycbkaaypcezfajukwesyge,flop,call,0,wzizxtqjfcfrwlmwvzvmvd,flop,call,990,ycbkaaypcezfajukwesyge,turn,raise,990,wzizxtqjfcfrwlmwvzvmvd,turn,call,,,,,,,,,,,,,"DA,S4,C5,DT",river,2000,0,1,,,"D7,D6","[{'name': 'Player1', 'uuid': 'wzizxtqjfcfrwlmwvzvmvd', 'stack': 990, 'state': 'participating'}, {'name': 'Player2', 'uuid': 'ycbkaaypcezfajukwesyge', 'stack': 995, 'state': 'participating'}]",1000,Player1,1010,1,turn,0.41,0
10,appjpkzgabocypodhzhbiq,preflop,call,10,wipugemkbzfphtdidxokyb,preflop,call,0,appjpkzgabocypodhzhbiq,flop,call,0,wipugemkbzfphtdidxokyb,flop,call,990,appjpkzgabocypodhzhbiq,turn,raise,-1,wipugemkbzfphtdidxokyb,turn,raise,,,,,,,,,,,,,"S2,C6,C2,C3",turn,1010,990,1,,,"C8,S6","[{'name': 'Player1', 'uuid': 'wipugemkbzfphtdidxokyb', 'stack': 990, 'state': 'participating'}, {'name': 'Player2', 'uuid': 'appjpkzgabocypodhzhbiq', 'stack': 995, 'state': 'participating'}]",1000,Player1,1010,1,turn,0.7,0
10,haqomxusewsktjwdxmdrvp,preflop,call,10,rgqdtrwzfvlfufkpxwfuzf,preflop,call,990,haqomxusewsktjwdxmdrvp,flop,raise,990,rgqdtrwzfvlfufkpxwfuzf,flop,call,,,,,,,,,,,,,,,,,,,,,"CA,HA,ST",river,2000,0,1,,,"D9,D8","[{'name': 'Player1', 'uuid': 'rgqdtrwzfvlfufkpxwfuzf', 'stack': 990, 'state': 'participating'}, {'name': 'Player2', 'uuid': 'haqomxusewsktjwdxmdrvp', 'stack': 995, 'state': 'participating'}]",1000,Player1,1010,1,flop,0.47,0
10,hxojhjfhrphywnmgqlnxqz,preflop,call,10,iksdexhqskwuhwqcsnwflu,preflop,call,0,hxojhjfhrphywnmgqlnxqz,flop,call,0,iksdexhqskwuhwqcsnwflu,flop,call,0,hxojhjfhrphywnmgqlnxqz,turn,call,0,iksdexhqskwuhwqcsnwflu,turn,call,0,hxojhjfhrphywnmgqlnxqz,river,call,0,iksdexhqskwuhwqcsnwflu,river,call,,,,,"HA,D7,DK,S9,S4",river,20,990,1,,,"D6,D2","[{'name': 'Player1', 'uuid': 'iksdexhqskwuhwqcsnwflu', 'stack': 990, 'state': 'participating'}, {'name': 'Player2', 'uuid': 'hxojhjfhrphywnmgqlnxqz', 'stack': 995, 'state': 'participating'}]",1000,Player1,20,1,river,0.04,0
10,xztrytjfjuzeyymtxxxtju,preflop,call,10,xbqkrvuqzekjrqighnorri,preflop,call,0,xztrytjfjuzeyymtxxxtju,flop,call,0,xbqkrvuqzekjrqighnorri,flop,call,0,xztrytjfjuzeyymtxxxtju,turn,call,0,xbqkrvuqzekjrqighnorri,turn,call,0,xztrytjfjuzeyymtxxxtju,river,call,0,xbqkrvuqzekjrqighnorri,river,call,,,,,"S2,S3,CQ,D2,S6",river,20,990,1,,,"H3,D7","[{'name': 'Player1', 'uuid': 'xbqkrvuqzekjrqighnorri', 'stack': 990, 'state': 'participating'}, {'name': 'Player2', 'uuid': 'xztrytjfjuzeyymtxxxtju', 'stack': 995, 'state': 'participating'}]",1000,Player1,20,1,river,0.51,0
10,rmmufmvfcppdrelnwfmjtf,preflop,call,10,ayvmwktzjbawtqzitsqcvq,preflop,call,0,rmmufmvfcppdrelnwfmjtf,flop,call,0,ayvmwktzjbawtqzitsqcvq,flop,call,0,rmmufmvfcppdrelnwfmjtf,turn,call,0,ayvmwktzjbawtqzitsqcvq,turn,call,0,rmmufmvfcppdrelnwfmjtf,river,call,0,ayvmwktzjbawtqzitsqcvq,river,call,,,,,"S3,D2,C7,H7,S5",river,20,1010,1,,,"CT,S6","[{'name': 'Player1', 'uuid': 'ayvmwktzjbawtqzitsqcvq', 'stack': 990, 'state': 'participating'}, {'name': 'Player2', 'uuid': 'rmmufmvfcppdrelnwfmjtf', 'stack': 995, 'state': 'participating'}]",1000,Player1,20,1,river,0.08,1
10,ncctzdtunjkozrfbhahvez,preflop,call,10,gedxyoefgiomrxvoaalrkb,preflop,call,990,ncctzdtunjkozrfbhahvez,flop,raise,990,gedxyoefgiomrxvoaalrkb,flop,call,,,,,,,,,,,,,,,,,,,,,"D7,C5,HK",river,2000,0,1,,,"C6,D3","[{'name': 'Player1', 'uuid': 'gedxyoefgiomrxvoaalrkb', 'stack': 990, 'state': 'participating'}, {'name': 'Player2', 'uuid': 'ncctzdtunjkozrfbhahvez', 'stack': 995, 'state': 'participating'}]",1000,Player1,1010,1,flop,0.31,0
10,mgwphemrgpzqadtouanggo,preflop,call,10,sycrnjxdhhjrnzvffhtzsw,preflop,call,0,mgwphemrgpzqadtouanggo,flop,call,990,sycrnjxdhhjrnzvffhtzsw,flop,raise,990,mgwphemrgpzqadtouanggo,flop,call,,,,,,,,,,,,,,,,,"HQ,S8,CK",river,2000,2000,1,,,"D6,HK","[{'name': 'Player1', 'uuid': 'sycrnjxdhhjrnzvffhtzsw', 'stack': 990, 'state': 'participating'}, {'name': 'Player2', 'uuid': 'mgwphemrgpzqadtouanggo', 'stack': 995, 'state': 'participating'}]",1000,Player1,20,1,flop,0.85,1
10,eyaiarqnfjkvoiyaknazdn,preflop,call,10,xnpkwdmcptkkvywnbjklig,preflop,call,0,eyaiarqnfjkvoiyaknazdn,flop,call,990,xnpkwdmcptkkvywnbjklig,flop,raise,990,eyaiarqnfjkvoiyaknazdn,flop,call,,,,,,,,,,,,,,,,,"ST,S7,HK",river,2000,2000,1,,,"DT,DJ","[{'name': 'Player1', 'uuid': 'xnpkwdmcptkkvywnbjklig', 'stack': 990, 'state': 'participating'}, {'name': 'Player2', 'uuid': 'eyaiarqnfjkvoiyaknazdn', 'stack': 995, 'state': 'participating'}]",1000,Player1,20,1,flop,0.75,1
10,qshdatlxxyqfnwbjpucbmq,preflop,call,10,jhtdgkoqipqmppbxivufuo,preflop,call,0,qshdatlxxyqfnwbjpucbmq,flop,call,0,jhtdgkoqipqmppbxivufuo,flop,call,0,qshdatlxxyqfnwbjpucbmq,turn,call,990,jhtdgkoqipqmppbxivufuo,turn,raise,990,qshdatlxxyqfnwbjpucbmq,turn,call,,,,,,,,,"HQ,C6,H3,S4",river,2000,2000,1,,,"C2,H5","[{'name': 'Player1', 'uuid': 'jhtdgkoqipqmppbxivufuo', 'stack': 990, 'state': 'participating'}, {'name': 'Player2', 'uuid': 'qshdatlxxyqfnwbjpucbmq', 'stack': 995, 'state': 'participating'}]",1000,Player1,20,1,turn,0.93,1
10,dwxqxtdjpgcaknrsevxevf,preflop,call,10,aukfpjcibeomnvbkpdvqqz,preflop,call,0,dwxqxtdjpgcaknrsevxevf,flop,call,990,aukfpjcibeomnvbkpdvqqz,flop,raise,990,dwxqxtdjpgcaknrsevxevf,flop,call,,,,,,,,,,,,,,,,,"DT,DJ,SJ",river,2000,2000,1,,,"C5,CT","[{'name': 'Player1', 'uuid': 'aukfpjcibeomnvbkpdvqqz', 'stack': 990, 'state': 'participating'}, {'name': 'Player2', 'uuid': 'dwxqxtdjpgcaknrsevxevf', 'stack': 995, 'state': 'participating'}]",1000,Player1,20,1,flop,0.73,1
10,dmloniorojzeijrwbvfheh,preflop,call,10,fylatzpbryaymwbxysijve,preflop,call,0,dmloniorojzeijrwbvfheh,flop,call,0,fylatzpbryaymwbxysijve,flop,call,0,dmloniorojzeijrwbvfheh,turn,call,0,fylatzpbryaymwbxysijve,turn,call,0,dmloniorojzeijrwbvfheh,river,call,0,fylatzpbryaymwbxysijve,river,call,,,,,"S2,C5,H6,D2,DK",river,20,990,1,,,"C7,D3","[{'name': 'Player1', 'uuid': 'fylatzpbryaymwbxysijve', 'stack': 990, 'state': 'participating'}, {'name': 'Player2', 'uuid': 'dmloniorojzeijrwbvfheh', 'stack': 995, 'state': 'participating'}]",1000,Player1,20,1,river,0.01,0
10,kaqndtyqtawwzskfydndix,preflop,call,10,cyzpihluxxxgavrcqepzow,preflop,call,0,kaqndtyqtawwzskfydndix,flop,call,0,cyzpihluxxxgavrcqepzow,flop,call,0,kaqndtyqtawwzskfydndix,turn,call,0,cyzpihluxxxgavrcqepzow,turn,call,0,kaqndtyqtawwzskfydndix,river,call,0,cyzpihluxxxgavrcqepzow,river,call,,,,,"CA,DQ,SK,D6,S7",river,20,1010,1,,,"H7,CJ","[{'name': 'Player1', 'uuid': 'cyzpihluxxxgavrcqepzow', 'stack': 990, 'state': 'participating'}, {'name': 'Player2', 'uuid': 'kaqndtyqtawwzskfydndix', 'stack': 995, 'state': 'participating'}]",1000,Player1,20,1,river,0.54,1
10,thwqctrfuzbpybcgfjkcve,preflop,call,10,gkkukykipdyngyruyazkid,preflop,call,990,thwqctrfuzbpybcgfjkcve,flop,raise,-1,gkkukykipdyngyruyazkid,flop,raise,,,,,,,,,,,,,,,,,,,,,"D7,DQ,C9",flop,1010,990,1,,,"CQ,D8","[{'name': 'Player1', 'uuid': 'gkkukykipdyngyruyazkid', 'stack': 990, 'state': 'participating'}, {'name': 'Player2', 'uuid': 'thwqctrfuzbpybcgfjkcve', 'stack': 995, 'state': 'participating'}]",1000,Player1,1010,1,flop,0.78,0
10,iksrblteugpxsewncnheqs,preflop,call,10,tdplcnvrrdvbmyrjeglgts,preflop,call,0,iksrblteugpxsewncnheqs,flop,call,0,tdplcnvrrdvbmyrjeglgts,flop,call,0,iksrblteugpxsewncnheqs,turn,call,0,tdplcnvrrdvbmyrjeglgts,turn,call,0,iksrblteugpxsewncnheqs,river,call,0,tdplcnvrrdvbmyrjeglgts,river,call,,,,,"H4,C8,S6,D7,HT",river,20,990,1,,,"HA,HK","[{'name': 'Player1', 'uuid': 'tdplcnvrrdvbmyrjeglgts', 'stack': 990, 'state': 'participating'}, {'name': 'Player2', 'uuid': 'iksrblteugpxsewncnheqs', 'stack': 995, 'state': 'participating'}]",1000,Player1,20,1,river,0.26,0
1000,fwebnwklcavdnglzocmaaz,preflop,raise,1000,prsbheqfgrmfioqymbulcn,preflop,call,,,,,,,,,,,,,,,,,,,,,,,,,,,,,,river,2000,0,1,,,"S7,HK","[{'name': 'Player1', 'uuid': 'prsbheqfgrmfioqymbulcn', 'stack': 990, 'state': 'participating'}, {'name': 'Player2', 'uuid': 'fwebnwklcavdnglzocmaaz', 'stack': 995, 'state': 'participating'}]",1000,Player1,1010,1,preflop,0.52,0
10,nznamcxhueuanmdghfjtvv,preflop,call,10,fltechgupgakzduptlhxze,preflop,call,0,nznamcxhueuanmdghfjtvv,flop,call,990,fltechgupgakzduptlhxze,flop,raise,990,nznamcxhueuanmdghfjtvv,flop,call,,,,,,,,,,,,,,,,,"D3,C4,HK",river,2000,2000,1,,,"C2,DK","[{'name': 'Player1', 'uuid': 'fltechgupgakzduptlhxze', 'stack': 990, 'state': 'participating'}, {'name': 'Player2', 'uuid': 'nznamcxhueuanmdghfjtvv', 'stack': 995, 'state': 'participating'}]",1000,Player1,20,1,flop,0.8,1
10,vahelokekdioaptqkpxsau,preflop,call,10,orlzsosxruljcxhodulydv,preflop,call,0,vahelokekdioaptqkpxsau,flop,call,0,orlzsosxruljcxhodulydv,flop,call,0,vahelokekdioaptqkpxsau,turn,call,0,orlzsosxruljcxhodulydv,turn,call,0,vahelokekdioaptqkpxsau,river,call,0,orlzsosxruljcxhodulydv,river,call,,,,,"DJ,S9,C9,S6,HT",river,20,990,1,,,"S5,S3","[{'name': 'Player1', 'uuid': 'orlzsosxruljcxhodulydv', 'stack': 990, 'state': 'participating'}, {'name': 'Player2', 'uuid': 'vahelokekdioaptqkpxsau', 'stack': 995, 'state': 'participating'}]",1000,Player1,20,1,river,0.1,0
10,hktoduzohmdyaqpmdcosgi,preflop,call,10,vnrysvafxpajbudbncuyhi,preflop,call,0,hktoduzohmdyaqpmdcosgi,flop,call,0,vnrysvafxpajbudbncuyhi,flop,call,0,hktoduzohmdyaqpmdcosgi,turn,call,0,vnrysvafxpajbudbncuyhi,turn,call,0,hktoduzohmdyaqpmdcosgi,river,call,0,vnrysvafxpajbudbncuyhi,river,call,,,,,"DT,H8,HK,D2,S7",river,20,990,1,,,"S3,DJ","[{'name': 'Player1', 'uuid': 'vnrysvafxpajbudbncuyhi', 'stack': 990, 'state': 'participating'}, {'name': 'Player2', 'uuid': 'hktoduzohmdyaqpmdcosgi', 'stack': 995, 'state': 'participating'}]",1000,Player1,20,1,river,0.17,0
10,lxbzxdlkkhbzzpnhsuubqc,preflop,call,10,npmotiselttubdjyfovmik,preflop,call,0,lxbzxdlkkhbzzpnhsuubqc,flop,call,0,npmotiselttubdjyfovmik,flop,call,0,lxbzxdlkkhbzzpnhsuubqc,turn,call,0,npmotiselttubdjyfovmik,turn,call,0,lxbzxdlkkhbzzpnhsuubqc,river,call,0,npmotiselttubdjyfovmik,river,call,,,,,"HT,SA,CK,DA,D6",river,20,990,1,,,"SJ,S9","[{'name': 'Player1', 'uuid': 'npmotiselttubdjyfovmik', 'stack': 990, 'state': 'participating'}, {'name': 'Player2', 'uuid': 'lxbzxdlkkhbzzpnhsuubqc', 'stack': 995, 'state': 'participating'}]",1000,Player1,20,1,river,0.42,0
10,rikalzabyapgbffcreabxs,preflop,call,10,tcgxcofhrgjsxfhjvkhsvf,preflop,call,0,rikalzabyapgbffcreabxs,flop,call,0,tcgxcofhrgjsxfhjvkhsvf,flop,call,0,rikalzabyapgbffcreabxs,turn,call,0,tcgxcofhrgjsxfhjvkhsvf,turn,call,990,rikalzabyapgbffcreabxs,river,raise,990,tcgxcofhrgjsxfhjvkhsvf,river,call,,,,,"H2,D3,DQ,S7,SQ",river,2000,0,1,,,"DT,H8","[{'name': 'Player1', 'uuid': 'tcgxcofhrgjsxfhjvkhsvf', 'stack': 990, 'state': 'participating'}, {'name': 'Player2', 'uuid': 'rikalzabyapgbffcreabxs', 'stack': 995, 'state': 'participating'}]",1000,Player1,1010,1,river,0.2,0
10,luqxweisvaylydrufirmuy,preflop,call,10,tvuygfbsgkzucothlinqyy,preflop,call,0,luqxweisvaylydrufirmuy,flop,call,0,tvuygfbsgkzucothlinqyy,flop,call,0,luqxweisvaylydrufirmuy,turn,call,0,tvuygfbsgkzucothlinqyy,turn,call,0,luqxweisvaylydrufirmuy,river,call,0,tvuygfbsgkzucothlinqyy,river,call,,,,,"S2,S3,HT,H7,C4",river,20,1010,1,,,"S4,HQ","[{'name': 'Player1', 'uuid': 'tvuygfbsgkzucothlinqyy', 'stack': 990, 'state': 'participating'}, {'name': 'Player2', 'uuid': 'luqxweisvaylydrufirmuy', 'stack': 995, 'state': 'participating'}]",1000,Player1,20,1,river,0.65,1
10,dgrgppblhfcphyomwbcopk,preflop,call,10,zrqbdptqjlfjpnorldwxjo,preflop,call,0,dgrgppblhfcphyomwbcopk,flop,call,0,zrqbdptqjlfjpnorldwxjo,flop,call,0,dgrgppblhfcphyomwbcopk,turn,call,0,zrqbdptqjlfjpnorldwxjo,turn,call,0,dgrgppblhfcphyomwbcopk,river,call,990,zrqbdptqjlfjpnorldwxjo,river,raise,990,dgrgppblhfcphyomwbcopk,river,call,"D9,HQ,C5,HT,HJ",river,2000,2000,1,,,"D4,SK","[{'name': 'Player1', 'uuid': 'zrqbdptqjlfjpnorldwxjo', 'stack': 990, 'state': 'participating'}, {'name': 'Player2', 'uuid': 'dgrgppblhfcphyomwbcopk', 'stack': 995, 'state': 'participating'}]",1000,Player1,20,1,river,0.88,1
10,cbnsbhoqsoqkwhqiqvyexa,preflop,call,10,svpdeygrpszicumzviwkzi,preflop,call,990,cbnsbhoqsoqkwhqiqvyexa,flop,raise,990,svpdeygrpszicumzviwkzi,flop,call,,,,,,,,,,,,,,,,,,,,,"CQ,DA,DT",river,2000,0,1,,,"HJ,H6","[{'name': 'Player1', 'uuid': 'svpdeygrpszicumzviwkzi', 'stack': 990, 'state': 'participating'}, {'name': 'Player2', 'uuid': 'cbnsbhoqsoqkwhqiqvyexa', 'stack': 995, 'state': 'participating'}]",1000,Player1,1010,1,flop,0.44,0
10,hvkwacadhehaiczppjyuzl,preflop,call,10,jcuvooaoyjqalymworcavk,preflop,call,990,hvkwacadhehaiczppjyuzl,flop,raise,990,jcuvooaoyjqalymworcavk,flop,call,,,,,,,,,,,,,,,,,,,,,"D7,HT,H4",river,2000,0,1,,,"C3,SJ","[{'name': 'Player1', 'uuid': 'jcuvooaoyjqalymworcavk', 'stack': 990, 'state': 'participating'}, {'name': 'Player2', 'uuid': 'hvkwacadhehaiczppjyuzl', 'stack': 995, 'state': 'participating'}]",1000,Player1,1010,1,flop,0.34,0
10,cvtgysfelnanqazklfagmp,preflop,call,10,vvgppmlygmatbmvnzbgixe,preflop,call,0,cvtgysfelnanqazklfagmp,flop,call,0,vvgppmlygmatbmvnzbgixe,flop,call,990,cvtgysfelnanqazklfagmp,turn,raise,990,vvgppmlygmatbmvnzbgixe,turn,call,,,,,,,,,,,,,"DA,HQ,S5,H5",river,2000,0,1,,,"ST,C8","[{'name': 'Player1', 'uuid': 'vvgppmlygmatbmvnzbgixe', 'stack': 990, 'state': 'participating'}, {'name': 'Player2', 'uuid': 'cvtgysfelnanqazklfagmp', 'stack': 995, 'state': 'participating'}]",1000,Player1,1010,1,turn,0.38,0
10,zflyrjmpbbaplmbzbihgsz,preflop,call,10,azpimwhtqbufoggokqovvs,preflop,call,0,zflyrjmpbbaplmbzbihgsz,flop,call,0,azpimwhtqbufoggokqovvs,flop,call,0,zflyrjmpbbaplmbzbihgsz,turn,call,0,azpimwhtqbufoggokqovvs,turn,call,0,zflyrjmpbbaplmbzbihgsz,river,call,0,azpimwhtqbufoggokqovvs,river,call,,,,,"C6,S2,H3,CT,C4",river,20,1010,1,,,"H2,S9","[{'name': 'Player1', 'uuid': 'azpimwhtqbufoggokqovvs', 'stack': 990, 'state': 'participating'}, {'name': 'Player2', 'uuid': 'zflyrjmpbbaplmbzbihgsz', 'stack': 995, 'state': 'participating'}]",1000,Player1,20,1,river,0.32,1
10,hzztypnmrxjskpdsnffxmu,preflop,call,10,gytrxexqnzaqewxhundrxh,preflop,call,0,hzztypnmrxjskpdsnffxmu,flop,call,0,gytrxexqnzaqewxhundrxh,flop,call,0,hzztypnmrxjskpdsnffxmu,turn,call,0,gytrxexqnzaqewxhundrxh,turn,call,0,hzztypnmrxjskpdsnffxmu,river,call,0,gytrxexqnzaqewxhundrxh,river,call,,,,,"S5,HA,S7,C9,S2",river,20,1010,1,,,"ST,C5","[{'name': 'Player1', 'uuid': 'gytrxexqnzaqewxhundrxh', 'stack': 990, 'state': 'participating'}, {'name': 'Player2', 'uuid': 'hzztypnmrxjskpdsnffxmu', 'stack': 995, 'state': 'participating'}]",1000,Player1,20,1,river,0.52,1
10,kkxqcjuqpexmxkgyofschq,preflop,call,10,ivmqyiahlhdjqhtslrhemv,preflop,call,990,kkxqcjuqpexmxkgyofschq,flop,raise,990,ivmqyiahlhdjqhtslrhemv,flop,call,,,,,,,,,,,,,,,,,,,,,"CA,D4,CK",river,2000,0,1,,,"H3,C4","[{'name': 'Player1', 'uuid': 'ivmqyiahlhdjqhtslrhemv', 'stack': 990, 'state': 'participating'}, {'name': 'Player2', 'uuid': 'kkxqcjuqpexmxkgyofschq', 'stack': 995, 'state': 'participating'}]",1000,Player1,1010,1,flop,0.56,0
10,jwdyyyxinborumjnajxtzb,preflop,call,10,ixgxqvhrapvvywnigcxkga,preflop,call,0,jwdyyyxinborumjnajxtzb,flop,call,0,ixgxqvhrapvvywnigcxkga,flop,call,0,jwdyyyxinborumjnajxtzb,turn,call,0,ixgxqvhrapvvywnigcxkga,turn,call,0,jwdyyyxinborumjnajxtzb,river,call,0,ixgxqvhrapvvywnigcxkga,river,call,,,,,"C4,DK,DT,CK,H4",river,20,990,1,,,"D2,D3","[{'name': 'Player1', 'uuid': 'ixgxqvhrapvvywnigcxkga', 'stack': 990, 'state': 'participating'}, {'name': 'Player2', 'uuid': 'jwdyyyxinborumjnajxtzb', 'stack': 995, 'state': 'participating'}]",1000,Player1,20,1,river,0.01,0
10,bozprijmgiilvdmkvpfurm,preflop,call,10,kbhpqxyygtwcjnxoefdszc,preflop,call,990,bozprijmgiilvdmkvpfurm,flop,raise,-1,kbhpqxyygtwcjnxoefdszc,flop,raise,,,,,,,,,,,,,,,,,,,,,"SQ,H3,S7",flop,1010,990,1,,,"SK,DQ","[{'name': 'Player1', 'uuid': 'kbhpqxyygtwcjnxoefdszc', 'stack': 990, 'state': 'participating'}, {'name': 'Player2', 'uuid': 'bozprijmgiilvdmkvpfurm', 'stack': 995, 'state': 'participating'}]",1000,Player1,1010,1,flop,0.81,0
10,xnatnqndrimzxvdrlknnen,preflop,call,10,keveivspaocbokxvrixlma,preflop,call,0,xnatnqndrimzxvdrlknnen,flop,call,990,keveivspaocbokxvrixlma,flop,raise,990,xnatnqndrimzxvdrlknnen,flop,call,,,,,,,,,,,,,,,,,"C3,S6,S8",river,2000,0,1,,,"ST,S3","[{'name': 'Player1', 'uuid': 'keveivspaocbokxvrixlma', 'stack': 990, 'state': 'participating'}, {'name': 'Player2', 'uuid': 'xnatnqndrimzxvdrlknnen', 'stack': 995, 'state': 'participating'}]",1000,Player1,20,1,flop,0.7,0
1000,hfuhinohkaruvbhqnetgcz,preflop,raise,1000,fzjxcnriokwhqtyexslfvt,preflop,call,,,,,,,,,,,,,,,,,,,,,,,,,,,,,,river,2000,0,1,,,"H9,D8","[{'name': 'Player1', 'uuid': 'fzjxcnriokwhqtyexslfvt', 'stack': 990, 'state': 'participating'}, {'name': 'Player2', 'uuid': 'hfuhinohkaruvbhqnetgcz', 'stack': 995, 'state': 'participating'}]",1000,Player1,1010,1,preflop,0.49,0
10,qgedlutuqhqujwjgpgdpbm,preflop,call,10,jombtjrpuhsvyvoiflutre,preflop,call,0,qgedlutuqhqujwjgpgdpbm,flop,call,0,jombtjrpuhsvyvoiflutre,flop,call,0,qgedlutuqhqujwjgpgdpbm,turn,call,0,jombtjrpuhsvyvoiflutre,turn,call,0,qgedlutuqhqujwjgpgdpbm,river,call,0,jombtjrpuhsvyvoiflutre,river,call,,,,,"H3,C2,S3,C4,H7",river,20,990,1,,,"C8,C5","[{'name': 'Player1', 'uuid': 'jombtjrpuhsvyvoiflutre', 'stack': 990, 'state': 'participating'}, {'name': 'Player2', 'uuid': 'qgedlutuqhqujwjgpgdpbm', 'stack': 995, 'state': 'participating'}]",1000,Player1,20,1,river,0.02,0
10,skkciaddubzzyekipnohpw,preflop,call,10,gkcmufnrygedofvugonzuh,preflop,call,0,skkciaddubzzyekipnohpw,flop,call,0,gkcmufnrygedofvugonzuh,flop,call,0,skkciaddubzzyekipnohpw,turn,call,0,gkcmufnrygedofvugonzuh,turn,call,0,skkciaddubzzyekipnohpw,river,call,0,gkcmufnrygedofvugonzuh,river,call,,,,,"D2,CA,D9,S8,S5",river,20,990,1,,,"D6,C3","[{'name': 'Player1', 'uuid': 'gkcmufnrygedofvugonzuh', 'stack': 990, 'state': 'participating'}, {'name': 'Player2', 'uuid': 'skkciaddubzzyekipnohpw', 'stack': 995, 'state': 'participating'}]",1000,Player1,20,1,river,0.0,0
10,ldwvqfbwsgsvdigplcikuq,preflop,call,10,nvluqgcltkidogyufxyrdt,preflop,call,990,ldwvqfbwsgsvdigplcikuq,flop,raise,990,nvluqgcltkidogyufxyrdt,flop,call,,,,,,,,,,,,,,,,,,,,,"S5,DJ,SQ",river,2000,0,1,,,"D5,H7","[{'name': 'Player1', 'uuid': 'nvluqgcltkidogyufxyrdt', 'stack': 990, 'state': 'participating'}, {'name': 'Player2', 'uuid': 'ldwvqfbwsgsvdigplcikuq', 'stack': 995, 'state': 'participating'}]",1000,Player1,1010,1,flop,0.62,0
10,uxluuplttokbpatdpkzobk,preflop,call,10,gkhpbafvuvjarokqykvuuy,preflop,call,0,uxluuplttokbpatdpkzobk,flop,call,0,gkhpbafvuvjarokqykvuuy,flop,call,0,uxluuplttokbpatdpkzobk,turn,call,0,gkhpbafvuvjarokqykvuuy,turn,call,0,uxluuplttokbpatdpkzobk,river,call,0,gkhpbafvuvjarokqykvuuy,river,call,,,,,"HT,D9,S6,S9,D3",river,20,990,1,,,"S8,SJ","[{'name': 'Player1', 'uuid': 'gkhpbafvuvjarokqykvuuy', 'stack': 990, 'state': 'participating'}, {'name': 'Player2', 'uuid': 'uxluuplttokbpatdpkzobk', 'stack': 995, 'state': 'participating'}]",1000,Player1,20,1,river,0.21,0
10,uevrildvioscxxdpsahqyn,preflop,call,10,yihkiwufurdduhcfshtntn,preflop,call,0,uevrildvioscxxdpsahqyn,flop,call,990,yihkiwufurdduhcfshtntn,flop,raise,990,uevrildvioscxxdpsahqyn,flop,call,,,,,,,,,,,,,,,,,"D7,H2,DK",river,2000,2000,1,,,"S2,CQ","[{'name': 'Player1', 'uuid': 'yihkiwufurdduhcfshtntn', 'stack': 990, 'state': 'participating'}, {'name': 'Player2', 'uuid': 'uevrildvioscxxdpsahqyn', 'stack': 995, 'state': 'participating'}]",1000,Player1,20,1,flop,0.7,1
10,xyvpqtpdmtymlajxkhuqsa,preflop,call,10,gpugrwcmfrrocqyaeuzupz,preflop,call,0,xyvpqtpdmtymlajxkhuqsa,flop,call,0,gpugrwcmfrrocqyaeuzupz,flop,call,990,xyvpqtpdmtymlajxkhuqsa,turn,raise,990,gpugrwcmfrrocqyaeuzupz,turn,call,,,,,,,,,,,,,"C4,DK,D6,D4",river,2000,0,1,,,"S9,S2","[{'name': 'Player1', 'uuid': 'gpugrwcmfrrocqyaeuzupz', 'stack': 990, 'state': 'participating'}, {'name': 'Player2', 'uuid': 'xyvpqtpdmtymlajxkhuqsa', 'stack': 995, 'state': 'participating'}]",1000,Player1,1010,1,turn,0.18,0
10,jzmctgwhlgqsmvnvyidwxi,preflop,call,10,qasmsfdtuwbrvfqaytsbqn,preflop,call,0,jzmctgwhlgqsmvnvyidwxi,flop,call,0,qasmsfdtuwbrvfqaytsbqn,flop,call,990,jzmctgwhlgqsmvnvyidwxi,turn,raise,990,qasmsfdtuwbrvfqaytsbqn,turn,call,,,,,,,,,,,,,"SQ,DA,H9,ST",river,2000,0,1,,,"S3,S8","[{'name': 'Player1', 'uuid': 'qasmsfdtuwbrvfqaytsbqn', 'stack': 990, 'state': 'participating'}, {'name': 'Player2', 'uuid': 'jzmctgwhlgqsmvnvyidwxi', 'stack': 995, 'state': 'participating'}]",1000,Player1,1010,1,turn,0.38,0
10,vmbrprkebcwscjfqhlhugu,preflop,call,10,uhgtbaybbrvofjxgicpxof,preflop,call,0,vmbrprkebcwscjfqhlhugu,flop,call,0,uhgtbaybbrvofjxgicpxof,flop,call,0,vmbrprkebcwscjfqhlhugu,turn,call,0,uhgtbaybbrvofjxgicpxof,turn,call,0,vmbrprkebcwscjfqhlhugu,river,call,0,uhgtbaybbrvofjxgicpxof,river,call,,,,,"S8,CK,H9,CT,C4",river,20,990,1,,,"H3,D6","[{'name': 'Player1', 'uuid': 'uhgtbaybbrvofjxgicpxof', 'stack': 990, 'state': 'participating'}, {'name': 'Player2', 'uuid': 'vmbrprkebcwscjfqhlhugu', 'stack': 995, 'state': 'participating'}]",1000,Player1,20,1,river,0.08,0
10,wyqpxiwvwcvzklwjqzwgpa,preflop,call,10,kyrffzffrvqlrajapzuoid,preflop,call,0,wyqpxiwvwcvzklwjqzwgpa,flop,call,0,kyrffzffrvqlrajapzuoid,flop,call,0,wyqpxiwvwcvzklwjqzwgpa,turn,call,0,kyrffzffrvqlrajapzuoid,turn,call,0,wyqpxiwvwcvzklwjqzwgpa,river,call,0,kyrffzffrvqlrajapzuoid,river,call,,,,,"CJ,HJ,D3,C7,DA",river,20,990,1,,,"C5,HK","[{'name': 'Player1', 'uuid': 'kyrffzffrvqlrajapzuoid', 'stack': 990, 'state': 'participating'}, {'name': 'Player2', 'uuid': 'wyqpxiwvwcvzklwjqzwgpa', 'stack': 995, 'state': 'participating'}]",1000,Player1,20,1,river,0.38,0
10,zjsakgdspkjtvyuaeyywcw,preflop,call,10,nemdvrdulzqvyzgxtghfev,preflop,call,0,zjsakgdspkjtvyuaeyywcw,flop,call,0,nemdvrdulzqvyzgxtghfev,flop,call,0,zjsakgdspkjtvyuaeyywcw,turn,call,0,nemdvrdulzqvyzgxtghfev,turn,call,0,zjsakgdspkjtvyuaeyywcw,river,call,990,nemdvrdulzqvyzgxtghfev,river,raise,990,zjsakgdspkjtvyuaeyywcw,river,call,"D2,C6,DT,S3,ST",river,2000,2000,1,,,"D6,C8","[{'name': 'Player1', 'uuid': 'nemdvrdulzqvyzgxtghfev', 'stack': 990, 'state': 'participating'}, {'name': 'Player2', 'uuid': 'zjsakgdspkjtvyuaeyywcw', 'stack': 995, 'state': 'participating'}]",1000,Player1,20,1,river,0.79,1
10,umksjyabxplmsyqiayqivm,preflop,call,1000,fxrjfxtmjwetjxghtmgwkw,preflop,raise,1000,umksjyabxplmsyqiayqivm,preflop,call,,,,,,,,,,,,,,,,,,,,,,,,,,river,2000,2000,1,,,"HA,D8","[{'name': 'Player1', 'uuid': 'fxrjfxtmjwetjxghtmgwkw', 'stack': 990, 'state': 'participating'}, {'name': 'Player2', 'uuid': 'umksjyabxplmsyqiayqivm', 'stack': 995, 'state': 'participating'}]",1000,Player1,20,1,preflop,0.72,1
10,ficpprtoakkrktynsoaivd,preflop,call,10,xvepmdkpecogrkdtsnslaz,preflop,call,0,ficpprtoakkrktynsoaivd,flop,call,0,xvepmdkpecogrkdtsnslaz,flop,call,0,ficpprtoakkrktynsoaivd,turn,call,0,xvepmdkpecogrkdtsnslaz,turn,call,0,ficpprtoakkrktynsoaivd,river,call,0,xvepmdkpecogrkdtsnslaz,river,call,,,,,"H9,HK,D8,S2,H6",river,20,1010,1,,,"S6,C7","[{'name': 'Player1', 'uuid': 'xvepmdkpecogrkdtsnslaz', 'stack': 990, 'state': 'participating'}, {'name': 'Player2', 'uuid': 'ficpprtoakkrktynsoaivd', 'stack': 995, 'state': 'participating'}]",1000,Player1,20,1,river,0.54,1
10,wcenerekbinrcuytyhpkhj,preflop,call,10,enotlftjkkxuwzwojtzejc,preflop,call,0,wcenerekbinrcuytyhpkhj,flop,call,990,enotlftjkkxuwzwojtzejc,flop,raise,990,wcenerekbinrcuytyhpkhj,flop,call,,,,,,,,,,,,,,,,,"D9,DA,D5",river,2000,2000,1,,,"CK,CA","[{'name': 'Player1', 'uuid': 'enotlftjkkxuwzwojtzejc', 'stack': 990, 'state': 'participating'}, {'name': 'Player2', 'uuid': 'wcenerekbinrcuytyhpkhj', 'stack': 995, 'state': 'participating'}]",1000,Player1,20,1,flop,0.76,1
10,cgqlhcnfuusyuccvaxcdcz,preflop,call,10,pfyuyurmbejgjisphfpqdu,preflop,call,990,cgqlhcnfuusyuccvaxcdcz,flop,raise,990,pfyuyurmbejgjisphfpqdu,flop,call,,,,,,,,,,,,,,,,,,,,,"CQ,HJ,HT",river,2000,0,1,,,"C5,S7","[{'name': 'Player1', 'uuid': 'pfyuyurmbejgjisphfpqdu', 'stack': 990, 'state': 'participating'}, {'name': 'Player2', 'uuid': 'cgqlhcnfuusyuccvaxcdcz', 'stack': 995, 'state': 'participating'}]",1000,Player1,1010,1,flop,0.19,0
10,lyhgsplnrrrwheqbjsdjvj,preflop,call,10,ytcjfpllbzumtowxuporfy,preflop,call,0,lyhgsplnrrrwheqbjsdjvj,flop,call,990,ytcjfpllbzumtowxuporfy,flop,raise,990,lyhgsplnrrrwheqbjsdjvj,flop,call,,,,,,,,,,,,,,,,,"CA,S9,D8",river,2000,2000,1,,,"C3,C9","[{'name': 'Player1', 'uuid': 'ytcjfpllbzumtowxuporfy', 'stack': 990, 'state': 'participating'}, {'name': 'Player2', 'uuid': 'lyhgsplnrrrwheqbjsdjvj', 'stack': 995, 'state': 'participating'}]",1000,Player1,20,1,flop,0.74,1
1000,bznucrgqikmyjniagsirey,preflop,raise,1000,xoxcikcsxmwyulwpdjieus,preflop,call,,,,,,,,,,,,,,,,,,,,,,,,,,,,,,river,2000,0,1,,,"DT,H8","[{'name': 'Player1', 'uuid': 'xoxcikcsxmwyulwpdjieus', 'stack': 990, 'state': 'participating'}, {'name': 'Player2', 'uuid': 'bznucrgqikmyjniagsirey', 'stack': 995, 'state': 'participating'}]",1000,Player1,1010,1,preflop,0.56,0
10,wbhivurkqklonjwcaolsyx,preflop,call,10,swhslaiekifnskmvdeuvla,preflop,call,0,wbhivurkqklonjwcaolsyx,flop,call,0,swhslaiekifnskmvdeuvla,flop,call,0,wbhivurkqklonjwcaolsyx,turn,call,0,swhslaiekifnskmvdeuvla,turn,call,0,wbhivurkqklonjwcaolsyx,river,call,0,swhslaiekifnskmvdeuvla,river,call,,,,,"HQ,SA,H2,D9,ST",river,20,990,1,,,"SJ,H6","[{'name': 'Player1', 'uuid': 'swhslaiekifnskmvdeuvla', 'stack': 990, 'state': 'participating'}, {'name': 'Player2', 'uuid': 'wbhivurkqklonjwcaolsyx', 'stack': 995, 'state': 'participating'}]",1000,Player1,20,1,river,0.27,0
10,pdqhgzpcrzpyprcevufmaf,preflop,call,10,pstkncivemhbnhizurmnie,preflop,call,0,pdqhgzpcrzpyprcevufmaf,flop,call,0,pstkncivemhbnhizurmnie,flop,call,0,pdqhgzpcrzpyprcevufmaf,turn,call,0,pstkncivemhbnhizurmnie,turn,call,0,pdqhgzpcrzpyprcevufmaf,river,call,0,pstkncivemhbnhizurmnie,river,call,,,,,"HK,CQ,HA,S4,C3",river,20,990,1,,,"DT,C6","[{'name': 'Player1', 'uuid': 'pstkncivemhbnhizurmnie', 'stack': 990, 'state': 'participating'}, {'name': 'Player2', 'uuid': 'pdqhgzpcrzpyprcevufmaf', 'stack': 995, 'state': 'participating'}]",1000,Player1,20,1,river,0.27,0
10,yloykdvypqtrkcuomecojb,preflop,call,10,aojvfvyznvttvroaovpjkz,preflop,call,990,yloykdvypqtrkcuomecojb,flop,raise,-1,aojvfvyznvttvroaovpjkz,flop,raise,,,,,,,,,,,,,,,,,,,,,"C9,C2,CK",flop,1010,990,1,,,"CJ,H9","[{'name': 'Player1', 'uuid': 'aojvfvyznvttvroaovpjkz', 'stack': 990, 'state': 'participating'}, {'name': 'Player2', 'uuid': 'yloykdvypqtrkcuomecojb', 'stack': 995, 'state': 'participating'}]",1000,Player1,1010,1,flop,0.71,0
10,pxxenzzasnzvrsjrlvzztc,preflop,call,10,nzqfdpuipbnqfoxlhydeab,preflop,call,0,pxxenzzasnzvrsjrlvzztc,flop,call,0,nzqfdpuipbnqfoxlhydeab,flop,call,990,pxxenzzasnzvrsjrlvzztc,turn,raise,990,nzqfdpuipbnqfoxlhydeab,turn,call,,,,,,,,,,,,,"D2,DT,H9,DQ",river,2000,0,1,,,"D9,C5","[{'name': 'Player1', 'uuid': 'nzqfdpuipbnqfoxlhydeab', 'stack': 990, 'state': 'participating'}, {'name': 'Player2', 'uuid': 'pxxenzzasnzvrsjrlvzztc', 'stack': 995, 'state': 'participating'}]",1000,Player1,1010,1,turn,0.58,0
10,eymebtroayzmptzkmsjqii,preflop,call,10,btnmkfxqbttiocklzphmyy,preflop,call,0,eymebtroayzmptzkmsjqii,flop,call,0,btnmkfxqbttiocklzphmyy,flop,call,990,eymebtroayzmptzkmsjqii,turn,raise,990,btnmkfxqbttiocklzphmyy,turn,call,,,,,,,,,,,,,"D3,S6,H9,C8",river,2000,0,1,,,"HQ,C4","[{'name': 'Player1', 'uuid': 'btnmkfxqbttiocklzphmyy', 'stack': 990, 'state': 'participating'}, {'name': 'Player2', 'uuid': 'eymebtroayzmptzkmsjqii', 'stack': 995, 'state': 'participating'}]",1000,Player1,1010,1,turn,0.21,0
10,nrikisyyywndgfxwlqqcaw,preflop,call,10,fvlwjcphsuqkqrgzfxukxa,preflop,call,0,nrikisyyywndgfxwlqqcaw,flop,call,0,fvlwjcphsuqkqrgzfxukxa,flop,call,990,nrikisyyywndgfxwlqqcaw,turn,raise,990,fvlwjcphsuqkqrgzfxukxa,turn,call,,,,,,,,,,,,,"HJ,S2,DT,CQ",river,2000,0,1,,,"C3,S8","[{'name': 'Player1', 'uuid': 'fvlwjcphsuqkqrgzfxukxa', 'stack': 990, 'state': 'participating'}, {'name': 'Player2', 'uuid': 'nrikisyyywndgfxwlqqcaw', 'stack': 995, 'state': 'participating'}]",1000,Player1,1010,1,turn,0.29,0
10,zmsorgwrmsfynayltruvgt,preflop,call,10,ltuatozvzzjzxkuytnptsm,preflop,call,0,zmsorgwrmsfynayltruvgt,flop,call,0,ltuatozvzzjzxkuytnptsm,flop,call,0,zmsorgwrmsfynayltruvgt,turn,call,990,ltuatozvzzjzxkuytnptsm,turn,raise,990,zmsorgwrmsfynayltruvgt,turn,call,,,,,,,,,"C8,HA,CA,HK",river,2000,2000,1,,,"D2,CK","[{'name': 'Player1', 'uuid': 'ltuatozvzzjzxkuytnptsm', 'stack': 990, 'state': 'participating'}, {'name': 'Player2', 'uuid': 'zmsorgwrmsfynayltruvgt', 'stack': 995, 'state': 'participating'}]",1000,Player1,20,1,turn,0.86,1
10,pcubjyijwezypbqusjjmkg,preflop,call,10,mtwjfqzzkknqdcximvjeoo,preflop,call,0,pcubjyijwezypbqusjjmkg,flop,call,0,mtwjfqzzkknqdcximvjeoo,flop,call,0,pcubjyijwezypbqusjjmkg,turn,call,990,mtwjfqzzkknqdcximvjeoo,turn,raise,990,pcubjyijwezypbqusjjmkg,turn,call,,,,,,,,,"S3,S7,D3,H5",river,2000,0,1,,,"H9,H7","[{'name': 'Player1', 'uuid': 'mtwjfqzzkknqdcximvjeoo', 'stack': 990, 'state': 'participating'}, {'name': 'Player2', 'uuid': 'pcubjyijwezypbqusjjmkg', 'stack': 995, 'state': 'participating'}]",1000,Player1,20,1,turn,0.72,0
10,vqqjggqaojmwrlgscnrzrh,preflop,call,10,rtregfmnpjxahlnlaywmfw,preflop,call,0,vqqjggqaojmwrlgscnrzrh,flop,call,0,rtregfmnpjxahlnlaywmfw,flop,call,0,vqqjggqaojmwrlgscnrzrh,turn,call,0,rtregfmnpjxahlnlaywmfw,turn,call,0,vqqjggqaojmwrlgscnrzrh,river,call,0,rtregfmnpjxahlnlaywmfw,river,call,,,,,"SK,H8,CQ,SJ,S6",river,20,1010,1,,,"H7,C6","[{'name': 'Player1', 'uuid': 'rtregfmnpjxahlnlaywmfw', 'stack': 990, 'state': 'participating'}, {'name': 'Player2', 'uuid': 'vqqjggqaojmwrlgscnrzrh', 'stack': 995, 'state': 'participating'}]",1000,Player1,20,1,river,0.43,1
10,dhrlicngvsrnatxiviujmw,preflop,call,10,mqxjfsqoyrykjkjpdelrsd,preflop,call,0,dhrlicngvsrnatxiviujmw,flop,call,0,mqxjfsqoyrykjkjpdelrsd,flop,call,0,dhrlicngvsrnatxiviujmw,turn,call,0,mqxjfsqoyrykjkjpdelrsd,turn,call,0,dhrlicngvsrnatxiviujmw,river,call,0,mqxjfsqoyrykjkjpdelrsd,river,call,,,,,"HK,S6,HT,CA,H6",river,20,1010,1,,,"ST,C2","[{'name': 'Player1', 'uuid': 'mqxjfsqoyrykjkjpdelrsd', 'stack': 990, 'state': 'participating'}, {'name': 'Player2', 'uuid': 'dhrlicngvsrnatxiviujmw', 'stack': 995, 'state': 'participating'}]",1000,Player1,20,1,river,0.58,1
10,qqrfevmfasxhqpfinqqscr,preflop,call,10,smepbkzbcbwjjbuonnzfpy,preflop,call,0,qqrfevmfasxhqpfinqqscr,flop,call,0,smepbkzbcbwjjbuonnzfpy,flop,call,0,qqrfevmfasxhqpfinqqscr,turn,call,0,smepbkzbcbwjjbuonnzfpy,turn,call,0,qqrfevmfasxhqpfinqqscr,river,call,0,smepbkzbcbwjjbuonnzfpy,river,call,,,,,"CQ,D4,D5,DA,S9",river,20,1010,1,,,"H8,DJ","[{'name': 'Player1', 'uuid': 'smepbkzbcbwjjbuonnzfpy', 'stack': 990, 'state': 'participating'}, {'name': 'Player2', 'uuid': 'qqrfevmfasxhqpfinqqscr', 'stack': 995, 'state': 'participating'}]",1000,Player1,20,1,river,0.25,1
10,uemhinutduraexjkiaboov,preflop,call,10,cmtosbxarnkapxogxjlriw,preflop,call,0,uemhinutduraexjkiaboov,flop,call,990,cmtosbxarnkapxogxjlriw,flop,raise,-1,uemhinutduraexjkiaboov,flop,raise,,,,,,,,,,,,,,,,,"CK,C8,D6",flop,1010,1010,1,,,"HK,D4","[{'name': 'Player1', 'uuid': 'cmtosbxarnkapxogxjlriw', 'stack': 990, 'state': 'participating'}, {'name': 'Player2', 'uuid': 'uemhinutduraexjkiaboov', 'stack': 995, 'state': 'participating'}]",1000,Player1,20,1,flop,0.77,1
10,auvftruxmagshdivmuwgxf,preflop,call,10,msefdwektmhbbwazrvobjy,preflop,call,0,auvftruxmagshdivmuwgxf,flop,call,0,msefdwektmhbbwazrvobjy,flop,call,0,auvftruxmagshdivmuwgxf,turn,call,0,msefdwektmhbbwazrvobjy,turn,call,0,auvftruxmagshdivmuwgxf,river,call,0,msefdwektmhbbwazrvobjy,river,call,,,,,"S2,S7,ST,SQ,D9",river,20,1010,1,,,"C5,C7","[{'name': 'Player1', 'uuid': 'msefdwektmhbbwazrvobjy', 'stack': 990, 'state': 'participating'}, {'name': 'Player2', 'uuid': 'auvftruxmagshdivmuwgxf', 'stack': 995, 'state': 'participating'}]",1000,Player1,20,1,river,0.3,1
10,oxwaaezqoulmzfduaqmvip,preflop,call,10,qjyndyktwfybzebmmsmngf,preflop,call,0,oxwaaezqoulmzfduaqmvip,flop,call,0,qjyndyktwfybzebmmsmngf,flop,call,990,oxwaaezqoulmzfduaqmvip,turn,raise,990,qjyndyktwfybzebmmsmngf,turn,call,,,,,,,,,,,,,"ST,S5,C6,S9",river,2000,0,1,,,"C2,H9","[{'name': 'Player1', 'uuid': 'qjyndyktwfybzebmmsmngf', 'stack': 990, 'state': 'participating'}, {'name': 'Player2', 'uuid': 'oxwaaezqoulmzfduaqmvip', 'stack': 995, 'state': 'participating'}]",1000,Player1,1010,1,turn,0.62,0
10,mxmcvjalpfvvlmpqnbpnik,preflop,call,10,wkkezaowxgwdivndpzilqv,preflop,call,0,mxmcvjalpfvvlmpqnbpnik,flop,call,0,wkkezaowxgwdivndpzilqv,flop,call,0,mxmcvjalpfvvlmpqnbpnik,turn,call,0,wkkezaowxgwdivndpzilqv,turn,call,0,mxmcvjalpfvvlmpqnbpnik,river,call,0,wkkezaowxgwdivndpzilqv,river,call,,,,,"ST,C7,D4,D9,CT",river,20,1010,1,,,"S7,C3","[{'name': 'Player1', 'uuid': 'wkkezaowxgwdivndpzilqv', 'stack': 990, 'state': 'participating'}, {'name': 'Player2', 'uuid': 'mxmcvjalpfvvlmpqnbpnik', 'stack': 995, 'state': 'participating'}]",1000,Player1,20,1,river,0.68,1
10,hyblobeqswzedplraqanof,preflop,call,10,czkdtphnneaokhbspysvis,preflop,call,0,hyblobeqswzedplraqanof,flop,call,0,czkdtphnneaokhbspysvis,flop,call,0,hyblobeqswzedplraqanof,turn,call,0,czkdtphnneaokhbspysvis,turn,call,990,hyblobeqswzedplraqanof,river,raise,-1,czkdtphnneaokhbspysvis,river,raise,,,,,"CJ,DT,C4,D8,D6",river,1010,990,1,,,"C6,S8","[{'name': 'Player1', 'uuid': 'czkdtphnneaokhbspysvis', 'stack': 990, 'state': 'participating'}, {'name': 'Player2', 'uuid': 'hyblobeqswzedplraqanof', 'stack': 995, 'state': 'participating'}]",1000,Player1,1010,1,river,0.9,0
10,jfcklofhsncrsbysxpaqkn,preflop,call,10,qwrwcqfipakmclgjfonrbn,preflop,call,0,jfcklofhsncrsbysxpaqkn,flop,call,0,qwrwcqfipakmclgjfonrbn,flop,call,0,jfcklofhsncrsbysxpaqkn,turn,call,0,qwrwcqfipakmclgjfonrbn,turn,call,0,jfcklofhsncrsbysxpaqkn,river,call,0,qwrwcqfipakmclgjfonrbn,river,call,,,,,"C3,D7,D5,HA,C5",river,20,1010,1,,,"HQ,D8","[{'name': 'Player1', 'uuid': 'qwrwcqfipakmclgjfonrbn', 'stack': 990, 'state': 'participating'}, {'name': 'Player2', 'uuid': 'jfcklofhsncrsbysxpaqkn', 'stack': 995, 'state': 'participating'}]",1000,Player1,20,1,river,0.35,1
10,eiwuqumqkhflbzzgwzylgf,preflop,call,10,nyvpbagomcwsmvgpjrkkzr,preflop,call,0,eiwuqumqkhflbzzgwzylgf,flop,call,0,nyvpbagomcwsmvgpjrkkzr,flop,call,0,eiwuqumqkhflbzzgwzylgf,turn,call,0,nyvpbagomcwsmvgpjrkkzr,turn,call,0,eiwuqumqkhflbzzgwzylgf,river,call,0,nyvpbagomcwsmvgpjrkkzr,river,call,,,,,"D8,H6,D4,D9,D7",river,20,990,1,,,"C3,S7","[{'name': 'Player1', 'uuid': 'nyvpbagomcwsmvgpjrkkzr', 'stack': 990, 'state': 'participating'}, {'name': 'Player2', 'uuid': 'eiwuqumqkhflbzzgwzylgf', 'stack': 995, 'state': 'participating'}]",1000,Player1,20,1,river,0.23,0
10,ojhhodmpjmolrsbfpdxogl,preflop,call,10,xqplmtzgswkiahfudrepev,preflop,call,990,ojhhodmpjmolrsbfpdxogl,flop,raise,990,xqplmtzgswkiahfudrepev,flop,call,,,,,,,,,,,,,,,,,,,,,"H7,C6,HJ",river,2000,0,1,,,"DK,HT","[{'name': 'Player1', 'uuid': 'xqplmtzgswkiahfudrepev', 'stack': 990, 'state': 'participating'}, {'name': 'Player2', 'uuid': 'ojhhodmpjmolrsbfpdxogl', 'stack': 995, 'state': 'participating'}]",1000,Player1,1010,1,flop,0.43,0
10,magxgdyhdodliuvbgtbsls,preflop,call,10,aniehpdojpeuxpaxjttdod,preflop,call,0,magxgdyhdodliuvbgtbsls,flop,call,0,aniehpdojpeuxpaxjttdod,flop,call,0,magxgdyhdodliuvbgtbsls,turn,call,0,aniehpdojpeuxpaxjttdod,turn,call,0,magxgdyhdodliuvbgtbsls,river,call,0,aniehpdojpeuxpaxjttdod,river,call,,,,,"CQ,D8,S3,S8,HA",river,20,1010,1,,,"C3,S7","[{'name': 'Player1', 'uuid': 'aniehpdojpeuxpaxjttdod', 'stack': 990, 'state': 'participating'}, {'name': 'Player2', 'uuid': 'magxgdyhdodliuvbgtbsls', 'stack': 995, 'state': 'participating'}]",1000,Player1,20,1,river,0.52,1
10,vnzdjrlcnsjdinhcfxlmch,preflop,call,1000,opznozqnxpewqdcfkmgmjj,preflop,raise,1000,vnzdjrlcnsjdinhcfxlmch,preflop,call,,,,,,,,,,,,,,,,,,,,,,,,,,river,2000,0,1,,,"DJ,CA","[{'name': 'Player1', 'uuid': 'opznozqnxpewqdcfkmgmjj', 'stack': 990, 'state': 'participating'}, {'name': 'Player2', 'uuid': 'vnzdjrlcnsjdinhcfxlmch', 'stack': 995, 'state': 'participating'}]",1000,Player1,20,1,preflop,0.76,0
10,nzmfbpmmivhniyvmptibca,preflop,call,10,azftjmkblleusoqoegyvie,preflop,call,0,nzmfbpmmivhniyvmptibca,flop,call,990,azftjmkblleusoqoegyvie,flop,raise,990,nzmfbpmmivhniyvmptibca,flop,call,,,,,,,,,,,,,,,,,"HT,DK,C2",river,2000,2000,1,,,"ST,S5","[{'name': 'Player1', 'uuid': 'azftjmkblleusoqoegyvie', 'stack': 990, 'state': 'participating'}, {'name': 'Player2', 'uuid': 'nzmfbpmmivhniyvmptibca', 'stack': 995, 'state': 'participating'}]",1000,Player1,20,1,flop,0.73,1
10,igixtzdshokplzhipwlblw,preflop,call,10,frqslpioijjgrlhhpqnrfp,preflop,call,0,igixtzdshokplzhipwlblw,flop,call,0,frqslpioijjgrlhhpqnrfp,flop,call,0,igixtzdshokplzhipwlblw,turn,call,0,frqslpioijjgrlhhpqnrfp,turn,call,990,igixtzdshokplzhipwlblw,river,raise,990,frqslpioijjgrlhhpqnrfp,river,call,,,,,"ST,S2,S3,S6,CA",river,2000,0,1,,,"C6,H6","[{'name': 'Player1', 'uuid': 'frqslpioijjgrlhhpqnrfp', 'stack': 990, 'state': 'participating'}, {'name': 'Player2', 'uuid': 'igixtzdshokplzhipwlblw', 'stack': 995, 'state': 'participating'}]",1000,Player1,1010,1,river,0.68,0
10,jqwbnzdczirvdrsxiukhxd,preflop,call,10,bbzfnimxndecholclplsiz,preflop,call,0,jqwbnzdczirvdrsxiukhxd,flop,call,0,bbzfnimxndecholclplsiz,flop,call,0,jqwbnzdczirvdrsxiukhxd,turn,call,0,bbzfnimxndecholclplsiz,turn,call,0,jqwbnzdczirvdrsxiukhxd,river,call,0,bbzfnimxndecholclplsiz,river,call,,,,,"H2,D9,C3,D8,H8",river,20,1010,1,,,"S3,D5","[{'name': 'Player1', 'uuid': 'bbzfnimxndecholclplsiz', 'stack': 990, 'state': 'participating'}, {'name': 'Player2', 'uuid': 'jqwbnzdczirvdrsxiukhxd', 'stack': 995, 'state': 'participating'}]",1000,Player1,20,1,river,0.69,1
10,tvxernrnyihmsaswftunkj,preflop,call,10,bcqghozyhupljlmyqvpbap,preflop,call,0,tvxernrnyihmsaswftunkj,flop,call,0,bcqghozyhupljlmyqvpbap,flop,call,0,tvxernrnyihmsaswftunkj,turn,call,0,bcqghozyhupljlmyqvpbap,turn,call,0,tvxernrnyihmsaswftunkj,river,call,0,bcqghozyhupljlmyqvpbap,river,call,,,,,"HJ,CT,H9,H2,C5",river,20,1010,1,,,"D6,S8","[{'name': 'Player1', 'uuid': 'bcqghozyhupljlmyqvpbap', 'stack': 990, 'state': 'participating'}, {'name': 'Player2', 'uuid': 'tvxernrnyihmsaswftunkj', 'stack': 995, 'state': 'participating'}]",1000,Player1,20,1,river,0.17,1
10,gmwtokjkhtarellzplekon,preflop,call,10,pkfgqujlshczzzujpvuunw,preflop,call,0,gmwtokjkhtarellzplekon,flop,call,0,pkfgqujlshczzzujpvuunw,flop,call,990,gmwtokjkhtarellzplekon,turn,raise,990,pkfgqujlshczzzujpvuunw,turn,call,,,,,,,,,,,,,"S5,H8,D3,DA",river,2000,0,1,,,"DQ,HK","[{'name': 'Player1', 'uuid': 'pkfgqujlshczzzujpvuunw', 'stack': 990, 'state': 'participating'}, {'name': 'Player2', 'uuid': 'gmwtokjkhtarellzplekon', 'stack': 995, 'state': 'participating'}]",1000,Player1,1010,1,turn,0.42,0
10,tsecxeppyaqftcqmnqhrbk,preflop,call,10,ssampuexsxmarlodkzosvi,preflop,call,990,tsecxeppyaqftcqmnqhrbk,flop,raise,990,ssampuexsxmarlodkzosvi,flop,call,,,,,,,,,,,,,,,,,,,,,"C4,HA,ST",river,2000,0,1,,,"C3,C7","[{'name': 'Player1', 'uuid': 'ssampuexsxmarlodkzosvi', 'stack': 990, 'state': 'participating'}, {'name': 'Player2', 'uuid': 'tsecxeppyaqftcqmnqhrbk', 'stack': 995, 'state': 'participating'}]",1000,Player1,1010,1,flop,0.24,0
10,xoechemtbmlumjnkasauht,preflop,call,10,bvkfikijzzudxopzpxgzxu,preflop,call,0,xoechemtbmlumjnkasauht,flop,call,990,bvkfikijzzudxopzpxgzxu,flop,raise,990,xoechemtbmlumjnkasauht,flop,call,,,,,,,,,,,,,,,,,"C4,DT,CJ",river,2000,2000,1,,,"CT,H4","[{'name': 'Player1', 'uuid': 'bvkfikijzzudxopzpxgzxu', 'stack': 990, 'state': 'participating'}, {'name': 'Player2', 'uuid': 'xoechemtbmlumjnkasauht', 'stack': 995, 'state': 'participating'}]",1000,Player1,20,1,flop,0.76,1
10,lsduvkwxrhrwnnsrjmrnwc,preflop,call,10,ppvszwelljfivcqvhxgaom,preflop,call,0,lsduvkwxrhrwnnsrjmrnwc,flop,call,0,ppvszwelljfivcqvhxgaom,flop,call,990,lsduvkwxrhrwnnsrjmrnwc,turn,raise,990,ppvszwelljfivcqvhxgaom,turn,call,,,,,,,,,,,,,"D4,S2,C5,ST",river,2000,0,1,,,"C4,D8","[{'name': 'Player1', 'uuid': 'ppvszwelljfivcqvhxgaom', 'stack': 990, 'state': 'participating'}, {'name': 'Player2', 'uuid': 'lsduvkwxrhrwnnsrjmrnwc', 'stack': 995, 'state': 'participating'}]",1000,Player1,1010,1,turn,0.5,0
10,liiaekohntfywjkkdignae,preflop,call,10,bolfcmwibggsrdlmeohydc,preflop,call,0,liiaekohntfywjkkdignae,flop,call,990,bolfcmwibggsrdlmeohydc,flop,raise,990,liiaekohntfywjkkdignae,flop,call,,,,,,,,,,,,,,,,,"CT,D6,DA",river,2000,0,1,,,"ST,DJ","[{'name': 'Player1', 'uuid': 'bolfcmwibggsrdlmeohydc', 'stack': 990, 'state': 'participating'}, {'name': 'Player2', 'uuid': 'liiaekohntfywjkkdignae', 'stack': 995, 'state': 'participating'}]",1000,Player1,20,1,flop,0.83,0
10,lkewkegkwbkzmqgabbqygq,preflop,call,10,ikadqbkfjbpjfcwvnxqkma,preflop,call,0,lkewkegkwbkzmqgabbqygq,flop,call,0,ikadqbkfjbpjfcwvnxqkma,flop,call,0,lkewkegkwbkzmqgabbqygq,turn,call,0,ikadqbkfjbpjfcwvnxqkma,turn,call,0,lkewkegkwbkzmqgabbqygq,river,call,0,ikadqbkfjbpjfcwvnxqkma,river,call,,,,,"D6,S3,S8,C5,CK",river,20,1010,1,,,"DT,HA","[{'name': 'Player1', 'uuid': 'ikadqbkfjbpjfcwvnxqkma', 'stack': 990, 'state': 'participating'}, {'name': 'Player2', 'uuid': 'lkewkegkwbkzmqgabbqygq', 'stack': 995, 'state': 'participating'}]",1000,Player1,20,1,river,0.3,1
10,ogfsuuzsubbavqrcipccoo,preflop,call,10,iyzdibteqdmkxhtwpwpops,preflop,call,0,ogfsuuzsubbavqrcipccoo,flop,call,0,iyzdibteqdmkxhtwpwpops,flop,call,0,ogfsuuzsubbavqrcipccoo,turn,call,0,iyzdibteqdmkxhtwpwpops,turn,call,0,ogfsuuzsubbavqrcipccoo,river,call,990,iyzdibteqdmkxhtwpwpops,river,raise,990,ogfsuuzsubbavqrcipccoo,river,call,"D4,HJ,D2,C4,D9",river,2000,2000,1,,,"DK,D8","[{'name': 'Player1', 'uuid': 'iyzdibteqdmkxhtwpwpops', 'stack': 990, 'state': 'participating'}, {'name': 'Player2', 'uuid': 'ogfsuuzsubbavqrcipccoo', 'stack': 995, 'state': 'participating'}]",1000,Player1,20,1,river,0.99,1
10,lqnfjtyusukvdbcnwcrxaq,preflop,call,10,ohwrvskcwibxycsduvcnhl,preflop,call,0,lqnfjtyusukvdbcnwcrxaq,flop,call,0,ohwrvskcwibxycsduvcnhl,flop,call,0,lqnfjtyusukvdbcnwcrxaq,turn,call,0,ohwrvskcwibxycsduvcnhl,turn,call,0,lqnfjtyusukvdbcnwcrxaq,river,call,0,ohwrvskcwibxycsduvcnhl,river,call,,,,,"H5,S7,DQ,H6,SK",river,20,1010,1,,,"C6,DJ","[{'name': 'Player1', 'uuid': 'ohwrvskcwibxycsduvcnhl', 'stack': 990, 'state': 'participating'}, {'name': 'Player2', 'uuid': 'lqnfjtyusukvdbcnwcrxaq', 'stack': 995, 'state': 'participating'}]",1000,Player1,20,1,river,0.56,1
10,lyymrhhwefhaspcsftwhdb,preflop,call,10,mzarlyuwybaubkpabbvswr,preflop,call,0,lyymrhhwefhaspcsftwhdb,flop,call,0,mzarlyuwybaubkpabbvswr,flop,call,0,lyymrhhwefhaspcsftwhdb,turn,call,0,mzarlyuwybaubkpabbvswr,turn,call,0,lyymrhhwefhaspcsftwhdb,river,call,0,mzarlyuwybaubkpabbvswr,river,call,,,,,"H9,DT,S8,S2,CA",river,20,990,1,,,"S4,CK","[{'name': 'Player1', 'uuid': 'mzarlyuwybaubkpabbvswr', 'stack': 990, 'state': 'participating'}, {'name': 'Player2', 'uuid': 'lyymrhhwefhaspcsftwhdb', 'stack': 995, 'state': 'participating'}]",1000,Player1,20,1,river,0.3,0
10,vouqfbxltobdnnvgqfhuan,preflop,call,10,ynqfwfdrmlgchomblgtnyz,preflop,call,0,vouqfbxltobdnnvgqfhuan,flop,call,0,ynqfwfdrmlgchomblgtnyz,flop,call,0,vouqfbxltobdnnvgqfhuan,turn,call,990,ynqfwfdrmlgchomblgtnyz,turn,raise,990,vouqfbxltobdnnvgqfhuan,turn,call,,,,,,,,,"S5,D5,D2,S9",river,2000,2000,1,,,"S2,SQ","[{'name': 'Player1', 'uuid': 'ynqfwfdrmlgchomblgtnyz', 'stack': 990, 'state': 'participating'}, {'name': 'Player2', 'uuid': 'vouqfbxltobdnnvgqfhuan', 'stack': 995, 'state': 'participating'}]",1000,Player1,20,1,turn,0.75,1
10,ficbxitumnqroqafdohyby,preflop,call,10,lxtlfnhenavhbbmhaddbyw,preflop,call,0,ficbxitumnqroqafdohyby,flop,call,0,lxtlfnhenavhbbmhaddbyw,flop,call,0,ficbxitumnqroqafdohyby,turn,call,0,lxtlfnhenavhbbmhaddbyw,turn,call,0,ficbxitumnqroqafdohyby,river,call,0,lxtlfnhenavhbbmhaddbyw,river,call,,,,,"H8,S7,H4,HT,DK",river,20,990,1,,,"C6,HA","[{'name': 'Player1', 'uuid': 'lxtlfnhenavhbbmhaddbyw', 'stack': 990, 'state': 'participating'}, {'name': 'Player2', 'uuid': 'ficbxitumnqroqafdohyby', 'stack': 995, 'state': 'participating'}]",1000,Player1,20,1,river,0.32,0
10,zijahpqoqyaxwragpulxxs,preflop,call,10,eqoxaskefpdrlzdltczidx,preflop,call,0,zijahpqoqyaxwragpulxxs,flop,call,0,eqoxaskefpdrlzdltczidx,flop,call,0,zijahpqoqyaxwragpulxxs,turn,call,0,eqoxaskefpdrlzdltczidx,turn,call,0,zijahpqoqyaxwragpulxxs,river,call,0,eqoxaskefpdrlzdltczidx,river,call,,,,,"CA,S7,D5,H8,S4",river,20,990,1,,,"S5,C9","[{'name': 'Player1', 'uuid': 'eqoxaskefpdrlzdltczidx', 'stack': 990, 'state': 'participating'}, {'name': 'Player2', 'uuid': 'zijahpqoqyaxwragpulxxs', 'stack': 995, 'state': 'participating'}]",1000,Player1,20,1,river,0.39,0
10,uxcxtcismdvxyhboulchmz,preflop,call,1000,gxhonsedxrtjsbsihheysn,preflop,raise,1000,uxcxtcismdvxyhboulchmz,preflop,call,,,,,,,,,,,,,,,,,,,,,,,,,,river,2000,2000,1,,,"DQ,SQ","[{'name': 'Player1', 'uuid': 'gxhonsedxrtjsbsihheysn', 'stack': 990, 'state': 'participating'}, {'name': 'Player2', 'uuid': 'uxcxtcismdvxyhboulchmz', 'stack': 995, 'state': 'participating'}]",1000,Player1,20,1,preflop,0.83,1
10,bfshqrstwqkgmpkncplcki,preflop,call,10,wxzzmaeuyumffzlurqxbop,preflop,call,0,bfshqrstwqkgmpkncplcki,flop,call,0,wxzzmaeuyumffzlurqxbop,flop,call,0,bfshqrstwqkgmpkncplcki,turn,call,990,wxzzmaeuyumffzlurqxbop,turn,raise,990,bfshqrstwqkgmpkncplcki,turn,call,,,,,,,,,"D5,SQ,H5,CJ",river,2000,2000,1,,,"ST,SJ","[{'name': 'Player1', 'uuid': 'wxzzmaeuyumffzlurqxbop', 'stack': 990, 'state': 'participating'}, {'name': 'Player2', 'uuid': 'bfshqrstwqkgmpkncplcki', 'stack': 995, 'state': 'participating'}]",1000,Player1,20,1,turn,0.74,1
10,avuhhlsmyqxencgarvlbci,preflop,call,10,ctwolzzxjohgyzailzoqwd,preflop,call,0,avuhhlsmyqxencgarvlbci,flop,call,990,ctwolzzxjohgyzailzoqwd,flop,raise,990,avuhhlsmyqxencgarvlbci,flop,call,,,,,,,,,,,,,,,,,"SA,DJ,H5",river,2000,2000,1,,,"CA,S8","[{'name': 'Player1', 'uuid': 'ctwolzzxjohgyzailzoqwd', 'stack': 990, 'state': 'participating'}, {'name': 'Player2', 'uuid': 'avuhhlsmyqxencgarvlbci', 'stack': 995, 'state': 'participating'}]",1000,Player1,20,1,flop,0.92,1
10,ubriuapcqajvtqituinqzq,preflop,call,10,lvazbxojfgrmgfgkybrooq,preflop,call,0,ubriuapcqajvtqituinqzq,flop,call,0,lvazbxojfgrmgfgkybrooq,flop,call,0,ubriuapcqajvtqituinqzq,turn,call,0,lvazbxojfgrmgfgkybrooq,turn,call,990,ubriuapcqajvtqituinqzq,river,raise,990,lvazbxojfgrmgfgkybrooq,river,call,,,,,"SJ,C5,HK,CK,CQ",river,2000,0,1,,,"H2,C2","[{'name': 'Player1', 'uuid': 'lvazbxojfgrmgfgkybrooq', 'stack': 990, 'state': 'participating'}, {'name': 'Player2', 'uuid': 'ubriuapcqajvtqituinqzq', 'stack': 995, 'state': 'participating'}]",1000,Player1,1010,1,river,0.49,0
10,knuvftkymzurihfthjofof,preflop,call,10,vdwwffiwbgaxtzunujpqfb,preflop,call,0,knuvftkymzurihfthjofof,flop,call,0,vdwwffiwbgaxtzunujpqfb,flop,call,0,knuvftkymzurihfthjofof,turn,call,0,vdwwffiwbgaxtzunujpqfb,turn,call,0,knuvftkymzurihfthjofof,river,call,0,vdwwffiwbgaxtzunujpqfb,river,call,,,,,"CQ,H7,C2,C3,H5",river,20,990,1,,,"H8,HT","[{'name': 'Player1', 'uuid': 'vdwwffiwbgaxtzunujpqfb', 'stack': 990, 'state': 'participating'}, {'name': 'Player2', 'uuid': 'knuvftkymzurihfthjofof', 'stack': 995, 'state': 'participating'}]",1000,Player1,20,1,river,0.13,0
10,pgpyyohutmghpfcmbymodz,preflop,call,10,aaaxfjpxrhilhpldctvkju,preflop,call,0,pgpyyohutmghpfcmbymodz,flop,call,0,aaaxfjpxrhilhpldctvkju,flop,call,0,pgpyyohutmghpfcmbymodz,turn,call,0,aaaxfjpxrhilhpldctvkju,turn,call,0,pgpyyohutmghpfcmbymodz,river,call,0,aaaxfjpxrhilhpldctvkju,river,call,,,,,"D5,S3,H2,DA,H4",river,20,990,1,,,"CQ,D7","[{'name': 'Player1', 'uuid': 'aaaxfjpxrhilhpldctvkju', 'stack': 990, 'state': 'participating'}, {'name': 'Player2', 'uuid': 'pgpyyohutmghpfcmbymodz', 'stack': 995, 'state': 'participating'}]",1000,Player1,20,1,river,0.16,0
10,mgutqhvqxxeibbigokzzng,preflop,call,10,qcjzetiwtfydpmwsweurra,preflop,call,0,mgutqhvqxxeibbigokzzng,flop,call,0,qcjzetiwtfydpmwsweurra,flop,call,0,mgutqhvqxxeibbigokzzng,turn,call,0,qcjzetiwtfydpmwsweurra,turn,call,0,mgutqhvqxxeibbigokzzng,river,call,0,qcjzetiwtfydpmwsweurra,river,call,,,,,"H6,C6,H3,DA,DK",river,20,1010,1,,,"C7,HT","[{'name': 'Player1', 'uuid': 'qcjzetiwtfydpmwsweurra', 'stack': 990, 'state': 'participating'}, {'name': 'Player2', 'uuid': 'mgutqhvqxxeibbigokzzng', 'stack': 995, 'state': 'participating'}]",1000,Player1,20,1,river,0.34,1
10,jhjcrqbsqpepfbxwsexezg,preflop,call,1000,valndlnskxqccaodfhgrht,preflop,raise,1000,jhjcrqbsqpepfbxwsexezg,preflop,call,,,,,,,,,,,,,,,,,,,,,,,,,,river,2000,0,1,,,"H9,D9","[{'name': 'Player1', 'uuid': 'valndlnskxqccaodfhgrht', 'stack': 990, 'state': 'participating'}, {'name': 'Player2', 'uuid': 'jhjcrqbsqpepfbxwsexezg', 'stack': 995, 'state': 'participating'}]",1000,Player1,20,1,preflop,0.73,0
10,ekdpkwerqqrywldwvdukvq,preflop,call,1000,tnzfxrpkvtalkbtjvkiqoi,preflop,raise,1000,ekdpkwerqqrywldwvdukvq,preflop,call,,,,,,,,,,,,,,,,,,,,,,,,,,river,2000,0,1,,,"D9,H9","[{'name': 'Player1', 'uuid': 'tnzfxrpkvtalkbtjvkiqoi', 'stack': 990, 'state': 'participating'}, {'name': 'Player2', 'uuid': 'ekdpkwerqqrywldwvdukvq', 'stack': 995, 'state': 'participating'}]",1000,Player1,20,1,preflop,0.78,0
10,ugvvndgfwlkqslrlbmektm,preflop,call,10,camyfdhyqcfpgakbaokxsa,preflop,call,0,ugvvndgfwlkqslrlbmektm,flop,call,0,camyfdhyqcfpgakbaokxsa,flop,call,0,ugvvndgfwlkqslrlbmektm,turn,call,990,camyfdhyqcfpgakbaokxsa,turn,raise,990,ugvvndgfwlkqslrlbmektm,turn,call,,,,,,,,,"CA,C4,C6,SK",river,2000,2000,1,,,"S7,DK","[{'name': 'Player1', 'uuid': 'camyfdhyqcfpgakbaokxsa', 'stack': 990, 'state': 'participating'}, {'name': 'Player2', 'uuid': 'ugvvndgfwlkqslrlbmektm', 'stack': 995, 'state': 'participating'}]",1000,Player1,20,1,turn,0.73,1
10,vgcfsrvbefasyzmhsekvnk,preflop,call,10,msxbltdrvhrsdrhxmkgrbv,preflop,call,0,vgcfsrvbefasyzmhsekvnk,flop,call,0,msxbltdrvhrsdrhxmkgrbv,flop,call,0,vgcfsrvbefasyzmhsekvnk,turn,call,0,msxbltdrvhrsdrhxmkgrbv,turn,call,0,vgcfsrvbefasyzmhsekvnk,river,call,990,msxbltdrvhrsdrhxmkgrbv,river,raise,990,vgcfsrvbefasyzmhsekvnk,river,call,"D2,DJ,DT,S6,H5",river,2000,2000,1,,,"C5,CT","[{'name': 'Player1', 'uuid': 'msxbltdrvhrsdrhxmkgrbv', 'stack': 990, 'state': 'participating'}, {'name': 'Player2', 'uuid': 'vgcfsrvbefasyzmhsekvnk', 'stack': 995, 'state': 'participating'}]",1000,Player1,20,1,river,0.89,1
10,vyjcfvddhijflaawgkskww,preflop,call,10,xcbkwshbwkcuodxlwkkflv,preflop,call,0,vyjcfvddhijflaawgkskww,flop,call,0,xcbkwshbwkcuodxlwkkflv,flop,call,0,vyjcfvddhijflaawgkskww,turn,call,0,xcbkwshbwkcuodxlwkkflv,turn,call,990,vyjcfvddhijflaawgkskww,river,raise,990,xcbkwshbwkcuodxlwkkflv,river,call,,,,,"DQ,C5,C4,H3,D4",river,2000,0,1,,,"D9,HA","[{'name': 'Player1', 'uuid': 'xcbkwshbwkcuodxlwkkflv', 'stack': 990, 'state': 'participating'}, {'name': 'Player2', 'uuid': 'vyjcfvddhijflaawgkskww', 'stack': 995, 'state': 'participating'}]",1000,Player1,1010,1,river,0.41,0
10,qfenbtalotakguuvulyrhj,preflop,call,10,grqfzdwsvwbboxjpwtleyk,preflop,call,0,qfenbtalotakguuvulyrhj,flop,call,0,grqfzdwsvwbboxjpwtleyk,flop,call,0,qfenbtalotakguuvulyrhj,turn,call,0,grqfzdwsvwbboxjpwtleyk,turn,call,0,qfenbtalotakguuvulyrhj,river,call,0,grqfzdwsvwbboxjpwtleyk,river,call,,,,,"C3,S5,DA,H2,CA",river,20,1010,1,,,"SQ,SJ","[{'name': 'Player1', 'uuid': 'grqfzdwsvwbboxjpwtleyk', 'stack': 990, 'state': 'participating'}, {'name': 'Player2', 'uuid': 'qfenbtalotakguuvulyrhj', 'stack': 995, 'state': 'participating'}]",1000,Player1,20,1,river,0.42,1
10,jkocrghpmhzwzyewdjaijr,preflop,call,10,ozvwhcklfxfwbbqikwxbvd,preflop,call,0,jkocrghpmhzwzyewdjaijr,flop,call,0,ozvwhcklfxfwbbqikwxbvd,flop,call,0,jkocrghpmhzwzyewdjaijr,turn,call,0,ozvwhcklfxfwbbqikwxbvd,turn,call,0,jkocrghpmhzwzyewdjaijr,river,call,0,ozvwhcklfxfwbbqikwxbvd,river,call,,,,,"SK,C2,S8,C3,HQ",river,20,1010,1,,,"H4,D4","[{'name': 'Player1', 'uuid': 'ozvwhcklfxfwbbqikwxbvd', 'stack': 990, 'state': 'participating'}, {'name': 'Player2', 'uuid': 'jkocrghpmhzwzyewdjaijr', 'stack': 995, 'state': 'participating'}]",1000,Player1,20,1,river,0.55,1
10,jhfkbrndotuqvdkzorxjox,preflop,call,10,neyzuaupdzyfywuewrzxwn,preflop,call,0,jhfkbrndotuqvdkzorxjox,flop,call,0,neyzuaupdzyfywuewrzxwn,flop,call,0,jhfkbrndotuqvdkzorxjox,turn,call,0,neyzuaupdzyfywuewrzxwn,turn,call,0,jhfkbrndotuqvdkzorxjox,river,call,0,neyzuaupdzyfywuewrzxwn,river,call,,,,,"H8,D9,H5,CJ,DK",river,20,990,1,,,"C2,HT","[{'name': 'Player1', 'uuid': 'neyzuaupdzyfywuewrzxwn', 'stack': 990, 'state': 'participating'}, {'name': 'Player2', 'uuid': 'jhfkbrndotuqvdkzorxjox', 'stack': 995, 'state': 'participating'}]",1000,Player1,20,1,river,0.18,0
10,oddbgavbrsialaxraqikkc,preflop,call,10,uufahporgijhyjiqeracjs,preflop,call,0,oddbgavbrsialaxraqikkc,flop,call,0,uufahporgijhyjiqeracjs,flop,call,990,oddbgavbrsialaxraqikkc,turn,raise,990,uufahporgijhyjiqeracjs,turn,call,,,,,,,,,,,,,"S3,S2,C7,H7",river,2000,0,1,,,"CJ,H4","[{'name': 'Player1', 'uuid': 'uufahporgijhyjiqeracjs', 'stack': 990, 'state': 'participating'}, {'name': 'Player2', 'uuid': 'oddbgavbrsialaxraqikkc', 'stack': 995, 'state': 'participating'}]",1000,Player1,1010,1,turn,0.29,0
10,xrnbdtxwmaqcipuwwtgvqd,preflop,call,10,rnajedhahhgyjsbysqrkde,preflop,call,0,xrnbdtxwmaqcipuwwtgvqd,flop,call,990,rnajedhahhgyjsbysqrkde,flop,raise,990,xrnbdtxwmaqcipuwwtgvqd,flop,call,,,,,,,,,,,,,,,,,"DT,S8,ST",river,2000,2000,1,,,"H5,CT","[{'name': 'Player1', 'uuid': 'rnajedhahhgyjsbysqrkde', 'stack': 990, 'state': 'participating'}, {'name': 'Player2', 'uuid': 'xrnbdtxwmaqcipuwwtgvqd', 'stack': 995, 'state': 'participating'}]",1000,Player1,20,1,flop,0.95,1
10,perhctghiokarwuizceljo,preflop,call,10,nwkqgbmljawfjiyieyakak,preflop,call,0,perhctghiokarwuizceljo,flop,call,0,nwkqgbmljawfjiyieyakak,flop,call,0,perhctghiokarwuizceljo,turn,call,0,nwkqgbmljawfjiyieyakak,turn,call,0,perhctghiokarwuizceljo,river,call,0,nwkqgbmljawfjiyieyakak,river,call,,,,,"D5,H2,DJ,H3,SQ",river,20,1010,1,,,"SA,H7","[{'name': 'Player1', 'uuid': 'nwkqgbmljawfjiyieyakak', 'stack': 990, 'state': 'participating'}, {'name': 'Player2', 'uuid': 'perhctghiokarwuizceljo', 'stack': 995, 'state': 'participating'}]",1000,Player1,20,1,river,0.33,1
10,ahjjutfkpplklvcjajjcgg,preflop,call,10,ocvbegoyaueavavzlxltrg,preflop,call,990,ahjjutfkpplklvcjajjcgg,flop,raise,990,ocvbegoyaueavavzlxltrg,flop,call,,,,,,,,,,,,,,,,,,,,,"CQ,SK,DQ",river,2000,0,1,,,"D6,S9","[{'name': 'Player1', 'uuid': 'ocvbegoyaueavavzlxltrg', 'stack': 990, 'state': 'participating'}, {'name': 'Player2', 'uuid': 'ahjjutfkpplklvcjajjcgg', 'stack': 995, 'state': 'participating'}]",1000,Player1,1010,1,flop,0.32,0
10,acdedhlxzsiswatbuzohsi,preflop,call,10,jhlivipazdpgjiixfbyyae,preflop,call,0,acdedhlxzsiswatbuzohsi,flop,call,0,jhlivipazdpgjiixfbyyae,flop,call,0,acdedhlxzsiswatbuzohsi,turn,call,0,jhlivipazdpgjiixfbyyae,turn,call,0,acdedhlxzsiswatbuzohsi,river,call,0,jhlivipazdpgjiixfbyyae,river,call,,,,,"D3,DA,H9,H7,H6",river,20,1010,1,,,"D6,H5","[{'name': 'Player1', 'uuid': 'jhlivipazdpgjiixfbyyae', 'stack': 990, 'state': 'participating'}, {'name': 'Player2', 'uuid': 'acdedhlxzsiswatbuzohsi', 'stack': 995, 'state': 'participating'}]",1000,Player1,20,1,river,0.52,1
10,hvjlcbsxrpnxqtxhaooadw,preflop,call,10,azqhyswippstnyxfyveyze,preflop,call,0,hvjlcbsxrpnxqtxhaooadw,flop,call,990,azqhyswippstnyxfyveyze,flop,raise,990,hvjlcbsxrpnxqtxhaooadw,flop,call,,,,,,,,,,,,,,,,,"S4,S3,HT",river,2000,2000,1,,,"S8,SA","[{'name': 'Player1', 'uuid': 'azqhyswippstnyxfyveyze', 'stack': 990, 'state': 'participating'}, {'name': 'Player2', 'uuid': 'hvjlcbsxrpnxqtxhaooadw', 'stack': 995, 'state': 'participating'}]",1000,Player1,20,1,flop,0.73,1
10,rndzsyfzdhiekteyyjlpxi,preflop,call,10,qctmfrclbhkmcdafqqfpcl,preflop,call,0,rndzsyfzdhiekteyyjlpxi,flop,call,0,qctmfrclbhkmcdafqqfpcl,flop,call,0,rndzsyfzdhiekteyyjlpxi,turn,call,0,qctmfrclbhkmcdafqqfpcl,turn,call,0,rndzsyfzdhiekteyyjlpxi,river,call,0,qctmfrclbhkmcdafqqfpcl,river,call,,,,,"D3,C7,H4,CT,S9",river,20,990,1,,,"C8,CK","[{'name': 'Player1', 'uuid': 'qctmfrclbhkmcdafqqfpcl', 'stack': 990, 'state': 'participating'}, {'name': 'Player2', 'uuid': 'rndzsyfzdhiekteyyjlpxi', 'stack': 995, 'state': 'participating'}]",1000,Player1,20,1,river,0.22,0
10,xvcaosywvvdsrfaigktirj,preflop,call,10,umsysqjjeelttqldgaembf,preflop,call,990,xvcaosywvvdsrfaigktirj,flop,raise,990,umsysqjjeelttqldgaembf,flop,call,,,,,,,,,,,,,,,,,,,,,"HQ,DK,S2",river,2000,2000,1,,,"H8,H2","[{'name': 'Player1', 'uuid': 'umsysqjjeelttqldgaembf', 'stack': 990, 'state': 'participating'}, {'name': 'Player2', 'uuid': 'xvcaosywvvdsrfaigktirj', 'stack': 995, 'state': 'participating'}]",1000,Player1,1010,1,flop,0.52,1
10,jgnfxpdmkvpseacmdxmwir,preflop,call,10,uapxcyrtoicnjupcxifuid,preflop,call,0,jgnfxpdmkvpseacmdxmwir,flop,call,0,uapxcyrtoicnjupcxifuid,flop,call,0,jgnfxpdmkvpseacmdxmwir,turn,call,0,uapxcyrtoicnjupcxifuid,turn,call,990,jgnfxpdmkvpseacmdxmwir,river,raise,990,uapxcyrtoicnjupcxifuid,river,call,,,,,"HK,S9,ST,SA,CJ",river,2000,0,1,,,"D4,D3","[{'name': 'Player1', 'uuid': 'uapxcyrtoicnjupcxifuid', 'stack': 990, 'state': 'participating'}, {'name': 'Player2', 'uuid': 'jgnfxpdmkvpseacmdxmwir', 'stack': 995, 'state': 'participating'}]",1000,Player1,1010,1,river,0.0,0
10,odcuvkginnfnulkdgdgaef,preflop,call,10,tbweitvypgbiccpgjouevd,preflop,call,0,odcuvkginnfnulkdgdgaef,flop,call,0,tbweitvypgbiccpgjouevd,flop,call,990,odcuvkginnfnulkdgdgaef,turn,raise,990,tbweitvypgbiccpgjouevd,turn,call,,,,,,,,,,,,,"SJ,CT,HQ,CK",river,2000,0,1,,,"HT,H2","[{'name': 'Player1', 'uuid': 'tbweitvypgbiccpgjouevd', 'stack': 990, 'state': 'participating'}, {'name': 'Player2', 'uuid': 'odcuvkginnfnulkdgdgaef', 'stack': 995, 'state': 'participating'}]",1000,Player1,1010,1,turn,0.39,0
10,evjnvusilnorgvwkxruich,preflop,call,1000,rorjwfgrbtafxzxuwcfiul,preflop,raise,1000,evjnvusilnorgvwkxruich,preflop,call,,,,,,,,,,,,,,,,,,,,,,,,,,river,2000,2000,1,,,"HQ,DQ","[{'name': 'Player1', 'uuid': 'rorjwfgrbtafxzxuwcfiul', 'stack': 990, 'state': 'participating'}, {'name': 'Player2', 'uuid': 'evjnvusilnorgvwkxruich', 'stack': 995, 'state': 'participating'}]",1000,Player1,20,1,preflop,0.8,1
10,rwloflphzytkhgmzxknurr,preflop,call,10,ueltcpyjpmdjvbsaglhsat,preflop,call,990,rwloflphzytkhgmzxknurr,flop,raise,990,ueltcpyjpmdjvbsaglhsat,flop,call,,,,,,,,,,,,,,,,,,,,,"DA,C8,S4",river,2000,0,1,,,"S9,C7","[{'name': 'Player1', 'uuid': 'ueltcpyjpmdjvbsaglhsat', 'stack': 990, 'state': 'participating'}, {'name': 'Player2', 'uuid': 'rwloflphzytkhgmzxknurr', 'stack': 995, 'state': 'participating'}]",1000,Player1,1010,1,flop,0.23,0
10,etpfsnvmuzxnelahngeftp,preflop,call,10,nxsfxebwsmsgflkbdhwmaf,preflop,call,0,etpfsnvmuzxnelahngeftp,flop,call,0,nxsfxebwsmsgflkbdhwmaf,flop,call,0,etpfsnvmuzxnelahngeftp,turn,call,0,nxsfxebwsmsgflkbdhwmaf,turn,call,990,etpfsnvmuzxnelahngeftp,river,raise,990,nxsfxebwsmsgflkbdhwmaf,river,call,,,,,"CJ,CQ,C6,H2,S4",river,2000,0,1,,,"C5,D2","[{'name': 'Player1', 'uuid': 'nxsfxebwsmsgflkbdhwmaf', 'stack': 990, 'state': 'participating'}, {'name': 'Player2', 'uuid': 'etpfsnvmuzxnelahngeftp', 'stack': 995, 'state': 'participating'}]",1000,Player1,1010,1,river,0.5,0
10,remewtjjqfptnvjkdofkvu,preflop,call,10,qtrrmjxanudfcbusgwmemc,preflop,call,0,remewtjjqfptnvjkdofkvu,flop,call,0,qtrrmjxanudfcbusgwmemc,flop,call,0,remewtjjqfptnvjkdofkvu,turn,call,0,qtrrmjxanudfcbusgwmemc,turn,call,0,remewtjjqfptnvjkdofkvu,river,call,0,qtrrmjxanudfcbusgwmemc,river,call,,,,,"CA,D2,C6,C5,HK",river,20,990,1,,,"H7,D9","[{'name': 'Player1', 'uuid': 'qtrrmjxanudfcbusgwmemc', 'stack': 990, 'state': 'participating'}, {'name': 'Player2', 'uuid': 'remewtjjqfptnvjkdofkvu', 'stack': 995, 'state': 'participating'}]",1000,Player1,20,1,river,0.06,0
10,vpthldqmyiicrgpnitvdhp,preflop,call,10,mkmdwqqacputtfhiltoloe,preflop,call,0,vpthldqmyiicrgpnitvdhp,flop,call,0,mkmdwqqacputtfhiltoloe,flop,call,0,vpthldqmyiicrgpnitvdhp,turn,call,0,mkmdwqqacputtfhiltoloe,turn,call,0,vpthldqmyiicrgpnitvdhp,river,call,0,mkmdwqqacputtfhiltoloe,river,call,,,,,"S6,C9,H9,D6,SQ",river,20,1010,1,,,"D3,HT","[{'name': 'Player1', 'uuid': 'mkmdwqqacputtfhiltoloe', 'stack': 990, 'state': 'participating'}, {'name': 'Player2', 'uuid': 'vpthldqmyiicrgpnitvdhp', 'stack': 995, 'state': 'participating'}]",1000,Player1,20,1,river,0.28,1
10,cbnrjkwycckwhwkwhnvdou,preflop,call,10,tbkavashdmbxelsjskcecv,preflop,call,0,cbnrjkwycckwhwkwhnvdou,flop,call,0,tbkavashdmbxelsjskcecv,flop,call,0,cbnrjkwycckwhwkwhnvdou,turn,call,0,tbkavashdmbxelsjskcecv,turn,call,0,cbnrjkwycckwhwkwhnvdou,river,call,0,tbkavashdmbxelsjskcecv,river,call,,,,,"DA,H2,D3,H3,S8",river,20,1010,1,,,"C7,S9","[{'name': 'Player1', 'uuid': 'tbkavashdmbxelsjskcecv', 'stack': 990, 'state': 'participating'}, {'name': 'Player2', 'uuid': 'cbnrjkwycckwhwkwhnvdou', 'stack': 995, 'state': 'participating'}]",1000,Player1,20,1,river,0.11,1
10,wtanuqdhywfbmbchfgctdp,preflop,call,1000,xddkqlwuspttmvrptudfbl,preflop,raise,1000,wtanuqdhywfbmbchfgctdp,preflop,call,,,,,,,,,,,,,,,,,,,,,,,,,,river,2000,0,1,,,"HT,CT","[{'name': 'Player1', 'uuid': 'xddkqlwuspttmvrptudfbl', 'stack': 990, 'state': 'participating'}, {'name': 'Player2', 'uuid': 'wtanuqdhywfbmbchfgctdp', 'stack': 995, 'state': 'participating'}]",1000,Player1,20,1,preflop,0.75,0
10,dkcdagnkbhadtoswkgupyg,preflop,call,10,gharstnwsuljobklijihtw,preflop,call,0,dkcdagnkbhadtoswkgupyg,flop,call,0,gharstnwsuljobklijihtw,flop,call,990,dkcdagnkbhadtoswkgupyg,turn,raise,990,gharstnwsuljobklijihtw,turn,call,,,,,,,,,,,,,"CT,SJ,S2,C6",river,2000,0,1,,,"H6,S3","[{'name': 'Player1', 'uuid': 'gharstnwsuljobklijihtw', 'stack': 990, 'state': 'participating'}, {'name': 'Player2', 'uuid': 'dkcdagnkbhadtoswkgupyg', 'stack': 995, 'state': 'participating'}]",1000,Player1,1010,1,turn,0.57,0
10,flesbdkvuylazapjnqtwpo,preflop,call,10,zfnllztmwkiypyaodevgxl,preflop,call,0,flesbdkvuylazapjnqtwpo,flop,call,0,zfnllztmwkiypyaodevgxl,flop,call,0,flesbdkvuylazapjnqtwpo,turn,call,990,zfnllztmwkiypyaodevgxl,turn,raise,990,flesbdkvuylazapjnqtwpo,turn,call,,,,,,,,,"H7,HK,SK,CJ",river,2000,2000,1,,,"DJ,H3","[{'name': 'Player1', 'uuid': 'zfnllztmwkiypyaodevgxl', 'stack': 990, 'state': 'participating'}, {'name': 'Player2', 'uuid': 'flesbdkvuylazapjnqtwpo', 'stack': 995, 'state': 'participating'}]",1000,Player1,20,1,turn,0.74,1
10,nwhuhdnwqyzqpgbuoefust,preflop,call,10,lrrrjlyldormsttnmvtilm,preflop,call,0,nwhuhdnwqyzqpgbuoefust,flop,call,0,lrrrjlyldormsttnmvtilm,flop,call,0,nwhuhdnwqyzqpgbuoefust,turn,call,990,lrrrjlyldormsttnmvtilm,turn,raise,990,nwhuhdnwqyzqpgbuoefust,turn,call,,,,,,,,,"H4,S9,CJ,HK",river,2000,2000,1,,,"CK,S2","[{'name': 'Player1', 'uuid': 'lrrrjlyldormsttnmvtilm', 'stack': 990, 'state': 'participating'}, {'name': 'Player2', 'uuid': 'nwhuhdnwqyzqpgbuoefust', 'stack': 995, 'state': 'participating'}]",1000,Player1,20,1,turn,0.72,1
10,ipluhtwpooyixqtsiktgzx,preflop,call,10,edrymsbndebpssjdzwsmnq,preflop,call,0,ipluhtwpooyixqtsiktgzx,flop,call,0,edrymsbndebpssjdzwsmnq,flop,call,0,ipluhtwpooyixqtsiktgzx,turn,call,0,edrymsbndebpssjdzwsmnq,turn,call,0,ipluhtwpooyixqtsiktgzx,river,call,0,edrymsbndebpssjdzwsmnq,river,call,,,,,"D2,H8,S9,D6,SK",river,20,990,1,,,"D4,CJ","[{'name': 'Player1', 'uuid': 'edrymsbndebpssjdzwsmnq', 'stack': 990, 'state': 'participating'}, {'name': 'Player2', 'uuid': 'ipluhtwpooyixqtsiktgzx', 'stack': 995, 'state': 'participating'}]",1000,Player1,20,1,river,0.14,0
10,dhajaetamirvrhuuhyiamm,preflop,call,10,kisntjksxsggiodfkhpphg,preflop,call,0,dhajaetamirvrhuuhyiamm,flop,call,0,kisntjksxsggiodfkhpphg,flop,call,0,dhajaetamirvrhuuhyiamm,turn,call,990,kisntjksxsggiodfkhpphg,turn,raise,990,dhajaetamirvrhuuhyiamm,turn,call,,,,,,,,,"CT,S9,D9,CQ",river,2000,2000,1,,,"HQ,H8","[{'name': 'Player1', 'uuid': 'kisntjksxsggiodfkhpphg', 'stack': 990, 'state': 'participating'}, {'name': 'Player2', 'uuid': 'dhajaetamirvrhuuhyiamm', 'stack': 995, 'state': 'participating'}]",1000,Player1,20,1,turn,0.72,1
10,dpnfbqymkggyvtfsjehagj,preflop,call,10,ncckzcxujovadvyuxeslrb,preflop,call,0,dpnfbqymkggyvtfsjehagj,flop,call,0,ncckzcxujovadvyuxeslrb,flop,call,0,dpnfbqymkggyvtfsjehagj,turn,call,0,ncckzcxujovadvyuxeslrb,turn,call,0,dpnfbqymkggyvtfsjehagj,river,call,990,ncckzcxujovadvyuxeslrb,river,raise,990,dpnfbqymkggyvtfsjehagj,river,call,"CK,S3,D6,D5,C2",river,2000,2000,1,,,"S4,SQ","[{'name': 'Player1', 'uuid': 'ncckzcxujovadvyuxeslrb', 'stack': 990, 'state': 'participating'}, {'name': 'Player2', 'uuid': 'dpnfbqymkggyvtfsjehagj', 'stack': 995, 'state': 'participating'}]",1000,Player1,20,1,river,0.98,1
1000,iricwchohqmiivhrtdgdws,preflop,raise,1000,iomluxjalaacdqmqezilhd,preflop,call,,,,,,,,,,,,,,,,,,,,,,,,,,,,,,river,2000,2000,1,,,"SQ,H8","[{'name': 'Player1', 'uuid': 'iomluxjalaacdqmqezilhd', 'stack': 990, 'state': 'participating'}, {'name': 'Player2', 'uuid': 'iricwchohqmiivhrtdgdws', 'stack': 995, 'state': 'participating'}]",1000,Player1,1010,1,preflop,0.56,1
10,niuhmrugxhenehqvbskeql,preflop,call,10,idiouxfaomrwwntskfbjex,preflop,call,0,niuhmrugxhenehqvbskeql,flop,call,0,idiouxfaomrwwntskfbjex,flop,call,0,niuhmrugxhenehqvbskeql,turn,call,990,idiouxfaomrwwntskfbjex,turn,raise,990,niuhmrugxhenehqvbskeql,turn,call,,,,,,,,,"H3,CT,C2,DK",river,2000,2000,1,,,"H6,CK","[{'name': 'Player1', 'uuid': 'idiouxfaomrwwntskfbjex', 'stack': 990, 'state': 'participating'}, {'name': 'Player2', 'uuid': 'niuhmrugxhenehqvbskeql', 'stack': 995, 'state': 'participating'}]",1000,Player1,20,1,turn,0.89,1
10,qelmjgnqyduvzsblfejdaj,preflop,call,10,dlxkllfmvadrxzqchbacxw,preflop,call,0,qelmjgnqyduvzsblfejdaj,flop,call,0,dlxkllfmvadrxzqchbacxw,flop,call,0,qelmjgnqyduvzsblfejdaj,turn,call,0,dlxkllfmvadrxzqchbacxw,turn,call,990,qelmjgnqyduvzsblfejdaj,river,raise,-1,dlxkllfmvadrxzqchbacxw,river,raise,,,,,"C6,S4,H5,SQ,D4",river,1010,990,1,,,"HQ,DK","[{'name': 'Player1', 'uuid': 'dlxkllfmvadrxzqchbacxw', 'stack': 990, 'state': 'participating'}, {'name': 'Player2', 'uuid': 'qelmjgnqyduvzsblfejdaj', 'stack': 995, 'state': 'participating'}]",1000,Player1,1010,1,river,0.89,0
10,whpyzxhmkcgctqkdqmjdio,preflop,call,10,qooevajahxwahhjeoqynmu,preflop,call,0,whpyzxhmkcgctqkdqmjdio,flop,call,990,qooevajahxwahhjeoqynmu,flop,raise,990,whpyzxhmkcgctqkdqmjdio,flop,call,,,,,,,,,,,,,,,,,"DT,S4,HQ",river,2000,2000,1,,,"SQ,H2","[{'name': 'Player1', 'uuid': 'qooevajahxwahhjeoqynmu', 'stack': 990, 'state': 'participating'}, {'name': 'Player2', 'uuid': 'whpyzxhmkcgctqkdqmjdio', 'stack': 995, 'state': 'participating'}]",1000,Player1,20,1,flop,0.74,1
10,gconbwinzitpzvzmfypjxc,preflop,call,10,amjnqqourcrnjvtvcekgae,preflop,call,0,gconbwinzitpzvzmfypjxc,flop,call,0,amjnqqourcrnjvtvcekgae,flop,call,0,gconbwinzitpzvzmfypjxc,turn,call,0,amjnqqourcrnjvtvcekgae,turn,call,0,gconbwinzitpzvzmfypjxc,river,call,0,amjnqqourcrnjvtvcekgae,river,call,,,,,"ST,DJ,S6,SJ,C9",river,20,990,1,,,"C7,S4","[{'name': 'Player1', 'uuid': 'amjnqqourcrnjvtvcekgae', 'stack': 990, 'state': 'participating'}, {'name': 'Player2', 'uuid': 'gconbwinzitpzvzmfypjxc', 'stack': 995, 'state': 'participating'}]",1000,Player1,20,1,river,0.11,0
10,aznljudjsjfvitxkycrkuz,preflop,call,10,wltoajdrcqacwgnkpbleti,preflop,call,0,aznljudjsjfvitxkycrkuz,flop,call,0,wltoajdrcqacwgnkpbleti,flop,call,0,aznljudjsjfvitxkycrkuz,turn,call,0,wltoajdrcqacwgnkpbleti,turn,call,0,aznljudjsjfvitxkycrkuz,river,call,990,wltoajdrcqacwgnkpbleti,river,raise,990,aznljudjsjfvitxkycrkuz,river,call,"HT,C5,H4,C6,C8",river,2000,2000,1,,,"CQ,C4","[{'name': 'Player1', 'uuid': 'wltoajdrcqacwgnkpbleti', 'stack': 990, 'state': 'participating'}, {'name': 'Player2', 'uuid': 'aznljudjsjfvitxkycrkuz', 'stack': 995, 'state': 'participating'}]",1000,Player1,20,1,river,0.99,1
10,lvgxlsxxofeyvkmchufdrw,preflop,call,10,okcyjdykwymoilffffvvbm,preflop,call,0,lvgxlsxxofeyvkmchufdrw,flop,call,0,okcyjdykwymoilffffvvbm,flop,call,0,lvgxlsxxofeyvkmchufdrw,turn,call,0,okcyjdykwymoilffffvvbm,turn,call,0,lvgxlsxxofeyvkmchufdrw,river,call,0,okcyjdykwymoilffffvvbm,river,call,,,,,"C4,C5,S7,DQ,S3",river,20,990,1,,,"H9,CK","[{'name': 'Player1', 'uuid': 'okcyjdykwymoilffffvvbm', 'stack': 990, 'state': 'participating'}, {'name': 'Player2', 'uuid': 'lvgxlsxxofeyvkmchufdrw', 'stack': 995, 'state': 'participating'}]",1000,Player1,20,1,river,0.17,0
10,lzadwefcgyeuurtehpyeoy,preflop,call,10,svrdxfcsrbuxkdixenybvt,preflop,call,0,lzadwefcgyeuurtehpyeoy,flop,call,0,svrdxfcsrbuxkdixenybvt,flop,call,0,lzadwefcgyeuurtehpyeoy,turn,call,0,svrdxfcsrbuxkdixenybvt,turn,call,0,lzadwefcgyeuurtehpyeoy,river,call,0,svrdxfcsrbuxkdixenybvt,river,call,,,,,"D6,S6,H4,HA,C4",river,20,1010,1,,,"C8,D3","[{'name': 'Player1', 'uuid': 'svrdxfcsrbuxkdixenybvt', 'stack': 990, 'state': 'participating'}, {'name': 'Player2', 'uuid': 'lzadwefcgyeuurtehpyeoy', 'stack': 995, 'state': 'participating'}]",1000,Player1,20,1,river,0.11,1
10,lujcheuiywwjfgmblcuzmc,preflop,call,1000,fzuxvtddhbvddtkcpsiqic,preflop,raise,1000,lujcheuiywwjfgmblcuzmc,preflop,call,,,,,,,,,,,,,,,,,,,,,,,,,,river,2000,2000,1,,,"DJ,DA","[{'name': 'Player1', 'uuid': 'fzuxvtddhbvddtkcpsiqic', 'stack': 990, 'state': 'participating'}, {'name': 'Player2', 'uuid': 'lujcheuiywwjfgmblcuzmc', 'stack': 995, 'state': 'participating'}]",1000,Player1,20,1,preflop,0.73,1
10,zwejxyfdvdfjhembsipale,preflop,call,10,stfrtmhhhlvxltpuywhlhy,preflop,call,0,zwejxyfdvdfjhembsipale,flop,call,0,stfrtmhhhlvxltpuywhlhy,flop,call,0,zwejxyfdvdfjhembsipale,turn,call,0,stfrtmhhhlvxltpuywhlhy,turn,call,0,zwejxyfdvdfjhembsipale,river,call,0,stfrtmhhhlvxltpuywhlhy,river,call,,,,,"H2,HT,H3,H6,D4",river,20,990,1,,,"S4,S8","[{'name': 'Player1', 'uuid': 'stfrtmhhhlvxltpuywhlhy', 'stack': 990, 'state': 'participating'}, {'name': 'Player2', 'uuid': 'zwejxyfdvdfjhembsipale', 'stack': 995, 'state': 'participating'}]",1000,Player1,20,1,river,0.19,0
10,xibigsnidzrukxavnfqmls,preflop,call,10,ixevrbrwbphxjicadkvhxr,preflop,call,990,xibigsnidzrukxavnfqmls,flop,raise,990,ixevrbrwbphxjicadkvhxr,flop,call,,,,,,,,,,,,,,,,,,,,,"DJ,H3,DK",river,2000,0,1,,,"S4,DQ","[{'name': 'Player1', 'uuid': 'ixevrbrwbphxjicadkvhxr', 'stack': 990, 'state': 'participating'}, {'name': 'Player2', 'uuid': 'xibigsnidzrukxavnfqmls', 'stack': 995, 'state': 'participating'}]",1000,Player1,1010,1,flop,0.53,0
10,tpmhquvhuibsqcvmhvfwrw,preflop,call,10,hntjogbklbhqwuiixwdyrk,preflop,call,0,tpmhquvhuibsqcvmhvfwrw,flop,call,0,hntjogbklbhqwuiixwdyrk,flop,call,0,tpmhquvhuibsqcvmhvfwrw,turn,call,0,hntjogbklbhqwuiixwdyrk,turn,call,0,tpmhquvhuibsqcvmhvfwrw,river,call,0,hntjogbklbhqwuiixwdyrk,river,call,,,,,"S6,H7,H3,H6,CQ",river,20,990,1,,,"DT,S4","[{'name': 'Player1', 'uuid': 'hntjogbklbhqwuiixwdyrk', 'stack': 990, 'state': 'participating'}, {'name': 'Player2', 'uuid': 'tpmhquvhuibsqcvmhvfwrw', 'stack': 995, 'state': 'participating'}]",1000,Player1,20,1,river,0.19,0
10,okksmlbswjlzwgctkntzmx,preflop,call,10,bvihvdqsovbxeybyqtswwr,preflop,call,990,okksmlbswjlzwgctkntzmx,flop,raise,990,bvihvdqsovbxeybyqtswwr,flop,call,,,,,,,,,,,,,,,,,,,,,"C6,CK,HK",river,2000,2000,1,,,"DQ,C5","[{'name': 'Player1', 'uuid': 'bvihvdqsovbxeybyqtswwr', 'stack': 990, 'state': 'participating'}, {'name': 'Player2', 'uuid': 'okksmlbswjlzwgctkntzmx', 'stack': 995, 'state': 'participating'}]",1000,Player1,1010,1,flop,0.53,1
10,mszskkurzigeswfezowceu,preflop,call,10,ueddhwdbxjkiqbltsfbfji,preflop,call,990,mszskkurzigeswfezowceu,flop,raise,990,ueddhwdbxjkiqbltsfbfji,flop,call,,,,,,,,,,,,,,,,,,,,,"D5,HT,HA",river,2000,0,1,,,"H7,HQ","[{'name': 'Player1', 'uuid': 'ueddhwdbxjkiqbltsfbfji', 'stack': 990, 'state': 'participating'}, {'name': 'Player2', 'uuid': 'mszskkurzigeswfezowceu', 'stack': 995, 'state': 'participating'}]",1000,Player1,1010,1,flop,0.65,0
10,mmbxyxzsihaetaedtqdfwb,preflop,call,10,hrnfntklspgpvqfcckkavu,preflop,call,0,mmbxyxzsihaetaedtqdfwb,flop,call,0,hrnfntklspgpvqfcckkavu,flop,call,0,mmbxyxzsihaetaedtqdfwb,turn,call,0,hrnfntklspgpvqfcckkavu,turn,call,0,mmbxyxzsihaetaedtqdfwb,river,call,0,hrnfntklspgpvqfcckkavu,river,call,,,,,"H8,HT,HK,S4,D7",river,20,990,1,,,"D3,H4","[{'name': 'Player1', 'uuid': 'hrnfntklspgpvqfcckkavu', 'stack': 990, 'state': 'participating'}, {'name': 'Player2', 'uuid': 'mmbxyxzsihaetaedtqdfwb', 'stack': 995, 'state': 'participating'}]",1000,Player1,20,1,river,0.41,0
10,xjukmuszeqsewnhttadive,preflop,call,10,eczskrbvcchhipfowtyjpv,preflop,call,0,xjukmuszeqsewnhttadive,flop,call,0,eczskrbvcchhipfowtyjpv,flop,call,0,xjukmuszeqsewnhttadive,turn,call,0,eczskrbvcchhipfowtyjpv,turn,call,0,xjukmuszeqsewnhttadive,river,call,0,eczskrbvcchhipfowtyjpv,river,call,,,,,"S9,ST,DQ,H6,D3",river,20,990,1,,,"C4,C9","[{'name': 'Player1', 'uuid': 'eczskrbvcchhipfowtyjpv', 'stack': 990, 'state': 'participating'}, {'name': 'Player2', 'uuid': 'xjukmuszeqsewnhttadive', 'stack': 995, 'state': 'participating'}]",1000,Player1,20,1,river,0.61,0
10,nqlqdgfziwhnobpsyteltz,preflop,call,10,grepfuqarelhcnwyyalyaz,preflop,call,0,nqlqdgfziwhnobpsyteltz,flop,call,0,grepfuqarelhcnwyyalyaz,flop,call,0,nqlqdgfziwhnobpsyteltz,turn,call,0,grepfuqarelhcnwyyalyaz,turn,call,0,nqlqdgfziwhnobpsyteltz,river,call,0,grepfuqarelhcnwyyalyaz,river,call,,,,,"HA,CQ,S3,DK,SK",river,20,990,1,,,"C7,DT","[{'name': 'Player1', 'uuid': 'grepfuqarelhcnwyyalyaz', 'stack': 990, 'state': 'participating'}, {'name': 'Player2', 'uuid': 'nqlqdgfziwhnobpsyteltz', 'stack': 995, 'state': 'participating'}]",1000,Player1,20,1,river,0.43,0
10,utrksbdspevjzhlwcxqsdm,preflop,call,1000,durhoqgblabsvzijputlkq,preflop,raise,1000,utrksbdspevjzhlwcxqsdm,preflop,call,,,,,,,,,,,,,,,,,,,,,,,,,,river,2000,2000,1,,,"C9,D9","[{'name': 'Player1', 'uuid': 'durhoqgblabsvzijputlkq', 'stack': 990, 'state': 'participating'}, {'name': 'Player2', 'uuid': 'utrksbdspevjzhlwcxqsdm', 'stack': 995, 'state': 'participating'}]",1000,Player1,20,1,preflop,0.71,1
10,dajwpdjiqfxsbwgvupvepd,preflop,call,10,gxamvlxzadhvemihiaqatc,preflop,call,0,dajwpdjiqfxsbwgvupvepd,flop,call,0,gxamvlxzadhvemihiaqatc,flop,call,0,dajwpdjiqfxsbwgvupvepd,turn,call,0,gxamvlxzadhvemihiaqatc,turn,call,0,dajwpdjiqfxsbwgvupvepd,river,call,0,gxamvlxzadhvemihiaqatc,river,call,,,,,"D3,SK,DA,H7,S3",river,20,990,1,,,"C7,C4","[{'name': 'Player1', 'uuid': 'gxamvlxzadhvemihiaqatc', 'stack': 990, 'state': 'participating'}, {'name': 'Player2', 'uuid': 'dajwpdjiqfxsbwgvupvepd', 'stack': 995, 'state': 'participating'}]",1000,Player1,20,1,river,0.52,0
10,jcbxfdcnubsbfurgunvxnm,preflop,call,10,kltgjdpmezdwnmhxjqprnl,preflop,call,0,jcbxfdcnubsbfurgunvxnm,flop,call,0,kltgjdpmezdwnmhxjqprnl,flop,call,0,jcbxfdcnubsbfurgunvxnm,turn,call,0,kltgjdpmezdwnmhxjqprnl,turn,call,990,jcbxfdcnubsbfurgunvxnm,river,raise,990,kltgjdpmezdwnmhxjqprnl,river,call,,,,,"DA,C3,H4,S5,S3",river,2000,0,1,,,"S4,C9","[{'name': 'Player1', 'uuid': 'kltgjdpmezdwnmhxjqprnl', 'stack': 990, 'state': 'participating'}, {'name': 'Player2', 'uuid': 'jcbxfdcnubsbfurgunvxnm', 'stack': 995, 'state': 'participating'}]",1000,Player1,1010,1,river,0.64,0
10,ucrosdkrwdgnecgeltsrdk,preflop,call,10,pzyowuxxohtykuoducbgel,preflop,call,0,ucrosdkrwdgnecgeltsrdk,flop,call,0,pzyowuxxohtykuoducbgel,flop,call,0,ucrosdkrwdgnecgeltsrdk,turn,call,0,pzyowuxxohtykuoducbgel,turn,call,0,ucrosdkrwdgnecgeltsrdk,river,call,0,pzyowuxxohtykuoducbgel,river,call,,,,,"C3,D6,CK,C8,D5",river,20,1010,1,,,"S6,HA","[{'name': 'Player1', 'uuid': 'pzyowuxxohtykuoducbgel', 'stack': 990, 'state': 'participating'}, {'name': 'Player2', 'uuid': 'ucrosdkrwdgnecgeltsrdk', 'stack': 995, 'state': 'participating'}]",1000,Player1,20,1,river,0.6,1
10,mvrexddyruiapxnecfswel,preflop,call,10,xddvynqwfppiktaqlciqwt,preflop,call,990,mvrexddyruiapxnecfswel,flop,raise,990,xddvynqwfppiktaqlciqwt,flop,call,,,,,,,,,,,,,,,,,,,,,"C3,D3,C4",river,2000,0,1,,,"D9,S2","[{'name': 'Player1', 'uuid': 'xddvynqwfppiktaqlciqwt', 'stack': 990, 'state': 'participating'}, {'name': 'Player2', 'uuid': 'mvrexddyruiapxnecfswel', 'stack': 995, 'state': 'participating'}]",1000,Player1,1010,1,flop,0.33,0
10,cpusfpipnkqroyzzeyrtpx,preflop,call,10,uburnjudjhrcxeidkzpgwc,preflop,call,0,cpusfpipnkqroyzzeyrtpx,flop,call,0,uburnjudjhrcxeidkzpgwc,flop,call,0,cpusfpipnkqroyzzeyrtpx,turn,call,0,uburnjudjhrcxeidkzpgwc,turn,call,0,cpusfpipnkqroyzzeyrtpx,river,call,0,uburnjudjhrcxeidkzpgwc,river,call,,,,,"ST,C4,C2,DA,CA",river,20,990,1,,,"SJ,D3","[{'name': 'Player1', 'uuid': 'uburnjudjhrcxeidkzpgwc', 'stack': 990, 'state': 'participating'}, {'name': 'Player2', 'uuid': 'cpusfpipnkqroyzzeyrtpx', 'stack': 995, 'state': 'participating'}]",1000,Player1,20,1,river,0.22,0
10,gsyfnxzlsowmdfsgwfnfyy,preflop,call,10,lwkozdlquqpwelkyykgzwe,preflop,call,0,gsyfnxzlsowmdfsgwfnfyy,flop,call,0,lwkozdlquqpwelkyykgzwe,flop,call,0,gsyfnxzlsowmdfsgwfnfyy,turn,call,0,lwkozdlquqpwelkyykgzwe,turn,call,0,gsyfnxzlsowmdfsgwfnfyy,river,call,0,lwkozdlquqpwelkyykgzwe,river,call,,,,,"S5,DA,S3,DK,D3",river,20,1000,1,,,"H6,H8","[{'name': 'Player1', 'uuid': 'lwkozdlquqpwelkyykgzwe', 'stack': 990, 'state': 'participating'}, {'name': 'Player2', 'uuid': 'gsyfnxzlsowmdfsgwfnfyy', 'stack': 995, 'state': 'participating'}]",1000,Player1,20,1,river,0.12,1
10,tovkotxttpeotmbyaerrxv,preflop,call,10,zpwinrqcmicxrgiytmtpbx,preflop,call,0,tovkotxttpeotmbyaerrxv,flop,call,0,zpwinrqcmicxrgiytmtpbx,flop,call,0,tovkotxttpeotmbyaerrxv,turn,call,0,zpwinrqcmicxrgiytmtpbx,turn,call,990,tovkotxttpeotmbyaerrxv,river,raise,990,zpwinrqcmicxrgiytmtpbx,river,call,,,,,"HJ,S2,SJ,H7,D6",river,2000,0,1,,,"C3,SQ","[{'name': 'Player1', 'uuid': 'zpwinrqcmicxrgiytmtpbx', 'stack': 990, 'state': 'participating'}, {'name': 'Player2', 'uuid': 'tovkotxttpeotmbyaerrxv', 'stack': 995, 'state': 'participating'}]",1000,Player1,1010,1,river,0.26,0
10,cysumtfkcodfujkixkypwm,preflop,call,10,jmilodszeeykbffiokonce,preflop,call,0,cysumtfkcodfujkixkypwm,flop,call,0,jmilodszeeykbffiokonce,flop,call,0,cysumtfkcodfujkixkypwm,turn,call,0,jmilodszeeykbffiokonce,turn,call,990,cysumtfkcodfujkixkypwm,river,raise,990,jmilodszeeykbffiokonce,river,call,,,,,"D3,C8,S3,C2,H7",river,2000,0,1,,,"DA,S6","[{'name': 'Player1', 'uuid': 'jmilodszeeykbffiokonce', 'stack': 990, 'state': 'participating'}, {'name': 'Player2', 'uuid': 'cysumtfkcodfujkixkypwm', 'stack': 995, 'state': 'participating'}]",1000,Player1,1010,1,river,0.35,0
10,lrafqtqujjtpzcewwpwbdh,preflop,call,10,qrxaopmprvnvmmndcfyfcc,preflop,call,0,lrafqtqujjtpzcewwpwbdh,flop,call,0,qrxaopmprvnvmmndcfyfcc,flop,call,0,lrafqtqujjtpzcewwpwbdh,turn,call,0,qrxaopmprvnvmmndcfyfcc,turn,call,0,lrafqtqujjtpzcewwpwbdh,river,call,0,qrxaopmprvnvmmndcfyfcc,river,call,,,,,"C7,SJ,HJ,D2,D7",river,20,990,1,,,"HQ,C4","[{'name': 'Player1', 'uuid': 'qrxaopmprvnvmmndcfyfcc', 'stack': 990, 'state': 'participating'}, {'name': 'Player2', 'uuid': 'lrafqtqujjtpzcewwpwbdh', 'stack': 995, 'state': 'participating'}]",1000,Player1,20,1,river,0.5,0
10,zsohbfvhakivcuthdoufqq,preflop,call,10,hqjwzcwbsorqrvmmvroprf,preflop,call,0,zsohbfvhakivcuthdoufqq,flop,call,990,hqjwzcwbsorqrvmmvroprf,flop,raise,990,zsohbfvhakivcuthdoufqq,flop,call,,,,,,,,,,,,,,,,,"S5,HJ,H3",river,2000,2000,1,,,"D3,C5","[{'name': 'Player1', 'uuid': 'hqjwzcwbsorqrvmmvroprf', 'stack': 990, 'state': 'participating'}, {'name': 'Player2', 'uuid': 'zsohbfvhakivcuthdoufqq', 'stack': 995, 'state': 'participating'}]",1000,Player1,20,1,flop,0.85,1
10,rpxtezzznxfcfnwfjplcmf,preflop,call,10,yjhzlbrdgqoyqigtoqejgb,preflop,call,0,rpxtezzznxfcfnwfjplcmf,flop,call,0,yjhzlbrdgqoyqigtoqejgb,flop,call,0,rpxtezzznxfcfnwfjplcmf,turn,call,0,yjhzlbrdgqoyqigtoqejgb,turn,call,0,rpxtezzznxfcfnwfjplcmf,river,call,0,yjhzlbrdgqoyqigtoqejgb,river,call,,,,,"CA,S7,C7,H5,ST",river,20,1010,1,,,"HQ,S3","[{'name': 'Player1', 'uuid': 'yjhzlbrdgqoyqigtoqejgb', 'stack': 990, 'state': 'participating'}, {'name': 'Player2', 'uuid': 'rpxtezzznxfcfnwfjplcmf', 'stack': 995, 'state': 'participating'}]",1000,Player1,20,1,river,0.31,1
10,wrnibptifbxhxkvkjpfgmh,preflop,call,10,uiaayjekgxmvofvlqjrsyn,preflop,call,0,wrnibptifbxhxkvkjpfgmh,flop,call,0,uiaayjekgxmvofvlqjrsyn,flop,call,0,wrnibptifbxhxkvkjpfgmh,turn,call,0,uiaayjekgxmvofvlqjrsyn,turn,call,0,wrnibptifbxhxkvkjpfgmh,river,call,0,uiaayjekgxmvofvlqjrsyn,river,call,,,,,"HK,S2,H4,HQ,SA",river,20,1010,1,,,"S7,D4","[{'name': 'Player1', 'uuid': 'uiaayjekgxmvofvlqjrsyn', 'stack': 990, 'state': 'participating'}, {'name': 'Player2', 'uuid': 'wrnibptifbxhxkvkjpfgmh', 'stack': 995, 'state': 'participating'}]",1000,Player1,20,1,river,0.51,1
10,giocumhaiwgjnkwolermjg,preflop,call,10,aytgkkzxszbsdlnxgzsvce,preflop,call,990,giocumhaiwgjnkwolermjg,flop,raise,990,aytgkkzxszbsdlnxgzsvce,flop,call,,,,,,,,,,,,,,,,,,,,,"C8,CA,DJ",river,2000,0,1,,,"C6,CK","[{'name': 'Player1', 'uuid': 'aytgkkzxszbsdlnxgzsvce', 'stack': 990, 'state': 'participating'}, {'name': 'Player2', 'uuid': 'giocumhaiwgjnkwolermjg', 'stack': 995, 'state': 'participating'}]",1000,Player1,1010,1,flop,0.59,0
10,hwvdviverfozablamepnoy,preflop,call,10,uddbclhpxfpvnnjmlryuxm,preflop,call,990,hwvdviverfozablamepnoy,flop,raise,990,uddbclhpxfpvnnjmlryuxm,flop,call,,,,,,,,,,,,,,,,,,,,,"H2,C9,CQ",river,2000,0,1,,,"C8,SJ","[{'name': 'Player1', 'uuid': 'uddbclhpxfpvnnjmlryuxm', 'stack': 990, 'state': 'participating'}, {'name': 'Player2', 'uuid': 'hwvdviverfozablamepnoy', 'stack': 995, 'state': 'participating'}]",1000,Player1,1010,1,flop,0.51,0
10,xnstuenuqgcrsfrvssftxe,preflop,call,10,egvwurqdtwjiazcgdtbaog,preflop,call,990,xnstuenuqgcrsfrvssftxe,flop,raise,990,egvwurqdtwjiazcgdtbaog,flop,call,,,,,,,,,,,,,,,,,,,,,"ST,D3,HQ",river,2000,0,1,,,"D7,C9","[{'name': 'Player1', 'uuid': 'egvwurqdtwjiazcgdtbaog', 'stack': 990, 'state': 'participating'}, {'name': 'Player2', 'uuid': 'xnstuenuqgcrsfrvssftxe', 'stack': 995, 'state': 'participating'}]",1000,Player1,1010,1,flop,0.32,0
10,zmsqicejuuiyrrqanrewqm,preflop,call,10,stnxgakowmhsdojmghuqup,preflop,call,0,zmsqicejuuiyrrqanrewqm,flop,call,0,stnxgakowmhsdojmghuqup,flop,call,0,zmsqicejuuiyrrqanrewqm,turn,call,0,stnxgakowmhsdojmghuqup,turn,call,0,zmsqicejuuiyrrqanrewqm,river,call,0,stnxgakowmhsdojmghuqup,river,call,,,,,"S5,C4,CK,HQ,SQ",river,20,990,1,,,"D3,DJ","[{'name': 'Player1', 'uuid': 'stnxgakowmhsdojmghuqup', 'stack': 990, 'state': 'participating'}, {'name': 'Player2', 'uuid': 'zmsqicejuuiyrrqanrewqm', 'stack': 995, 'state': 'participating'}]",1000,Player1,20,1,river,0.36,0
10,dtyuauouukjcuctjkatntj,preflop,call,10,jtoxzayfuqbpkxlfvtwlla,preflop,call,0,dtyuauouukjcuctjkatntj,flop,call,0,jtoxzayfuqbpkxlfvtwlla,flop,call,0,dtyuauouukjcuctjkatntj,turn,call,0,jtoxzayfuqbpkxlfvtwlla,turn,call,0,dtyuauouukjcuctjkatntj,river,call,990,jtoxzayfuqbpkxlfvtwlla,river,raise,990,dtyuauouukjcuctjkatntj,river,call,"D8,C5,HA,ST,DQ",river,2000,2000,1,,,"CQ,H9","[{'name': 'Player1', 'uuid': 'jtoxzayfuqbpkxlfvtwlla', 'stack': 990, 'state': 'participating'}, {'name': 'Player2', 'uuid': 'dtyuauouukjcuctjkatntj', 'stack': 995, 'state': 'participating'}]",1000,Player1,20,1,river,0.82,1
10,cupstchndnlqcpmecjdvcf,preflop,call,10,mxslzpcsytrhurnzroxnwf,preflop,call,0,cupstchndnlqcpmecjdvcf,flop,call,0,mxslzpcsytrhurnzroxnwf,flop,call,0,cupstchndnlqcpmecjdvcf,turn,call,0,mxslzpcsytrhurnzroxnwf,turn,call,0,cupstchndnlqcpmecjdvcf,river,call,0,mxslzpcsytrhurnzroxnwf,river,call,,,,,"S2,CA,SJ,C2,H7",river,20,1010,1,,,"S7,S9","[{'name': 'Player1', 'uuid': 'mxslzpcsytrhurnzroxnwf', 'stack': 990, 'state': 'participating'}, {'name': 'Player2', 'uuid': 'cupstchndnlqcpmecjdvcf', 'stack': 995, 'state': 'participating'}]",1000,Player1,20,1,river,0.62,1
10,qbocorgycuatqsaupfphva,preflop,call,10,oxioiisoisibhmtdycihbr,preflop,call,0,qbocorgycuatqsaupfphva,flop,call,0,oxioiisoisibhmtdycihbr,flop,call,0,qbocorgycuatqsaupfphva,turn,call,0,oxioiisoisibhmtdycihbr,turn,call,0,qbocorgycuatqsaupfphva,river,call,0,oxioiisoisibhmtdycihbr,river,call,,,,,"HQ,H6,CA,S9,DT",river,20,1010,1,,,"C8,ST","[{'name': 'Player1', 'uuid': 'oxioiisoisibhmtdycihbr', 'stack': 990, 'state': 'participating'}, {'name': 'Player2', 'uuid': 'qbocorgycuatqsaupfphva', 'stack': 995, 'state': 'participating'}]",1000,Player1,20,1,river,0.59,1
10,htosduxxbkrjixjxmmfvqb,preflop,call,10,pujbelmmpkalcxwhwdomgf,preflop,call,0,htosduxxbkrjixjxmmfvqb,flop,call,0,pujbelmmpkalcxwhwdomgf,flop,call,0,htosduxxbkrjixjxmmfvqb,turn,call,0,pujbelmmpkalcxwhwdomgf,turn,call,0,htosduxxbkrjixjxmmfvqb,river,call,0,pujbelmmpkalcxwhwdomgf,river,call,,,,,"DA,D5,SA,C3,H7",river,20,1010,1,,,"HT,H4","[{'name': 'Player1', 'uuid': 'pujbelmmpkalcxwhwdomgf', 'stack': 990, 'state': 'participating'}, {'name': 'Player2', 'uuid': 'htosduxxbkrjixjxmmfvqb', 'stack': 995, 'state': 'participating'}]",1000,Player1,20,1,river,0.18,1
1000,ktsuwbnqlgbkwebpsmnshr,preflop,raise,1000,prvsrhffhafmdtanxfpkxc,preflop,call,,,,,,,,,,,,,,,,,,,,,,,,,,,,,,river,2000,0,1,,,"D2,SQ","[{'name': 'Player1', 'uuid': 'prvsrhffhafmdtanxfpkxc', 'stack': 990, 'state': 'participating'}, {'name': 'Player2', 'uuid': 'ktsuwbnqlgbkwebpsmnshr', 'stack': 995, 'state': 'participating'}]",1000,Player1,1010,1,preflop,0.53,0
10,msfuwggeddtugyypchpcya,preflop,call,10,whwxnnbcvmzpwqcmajjdfm,preflop,call,0,msfuwggeddtugyypchpcya,flop,call,990,whwxnnbcvmzpwqcmajjdfm,flop,raise,990,msfuwggeddtugyypchpcya,flop,call,,,,,,,,,,,,,,,,,"H3,C7,SJ",river,2000,2000,1,,,"HJ,H9","[{'name': 'Player1', 'uuid': 'whwxnnbcvmzpwqcmajjdfm', 'stack': 990, 'state': 'participating'}, {'name': 'Player2', 'uuid': 'msfuwggeddtugyypchpcya', 'stack': 995, 'state': 'participating'}]",1000,Player1,20,1,flop,0.84,1
10,vngxuhbmgjxhnsidgzzdxy,preflop,call,10,cnrafaqiskevbvngxlbzqz,preflop,call,0,vngxuhbmgjxhnsidgzzdxy,flop,call,0,cnrafaqiskevbvngxlbzqz,flop,call,0,vngxuhbmgjxhnsidgzzdxy,turn,call,0,cnrafaqiskevbvngxlbzqz,turn,call,0,vngxuhbmgjxhnsidgzzdxy,river,call,990,cnrafaqiskevbvngxlbzqz,river,raise,990,vngxuhbmgjxhnsidgzzdxy,river,call,"H2,C4,CK,D2,CA",river,2000,2000,1,,,"CJ,C5","[{'name': 'Player1', 'uuid': 'cnrafaqiskevbvngxlbzqz', 'stack': 990, 'state': 'participating'}, {'name': 'Player2', 'uuid': 'vngxuhbmgjxhnsidgzzdxy', 'stack': 995, 'state': 'participating'}]",1000,Player1,20,1,river,0.98,1
10,rfgiiyinhbywpkngzubcgg,preflop,call,10,homaeoamcxnelnasrttefe,preflop,call,0,rfgiiyinhbywpkngzubcgg,flop,call,0,homaeoamcxnelnasrttefe,flop,call,0,rfgiiyinhbywpkngzubcgg,turn,call,0,homaeoamcxnelnasrttefe,turn,call,0,rfgiiyinhbywpkngzubcgg,river,call,0,homaeoamcxnelnasrttefe,river,call,,,,,"DA,CQ,SA,H7,CK",river,20,1010,1,,,"H4,ST","[{'name': 'Player1', 'uuid': 'homaeoamcxnelnasrttefe', 'stack': 990, 'state': 'participating'}, {'name': 'Player2', 'uuid': 'rfgiiyinhbywpkngzubcgg', 'stack': 995, 'state': 'participating'}]",1000,Player1,20,1,river,0.37,1
10,oiifnqrqbihvtgrmbnnvkn,preflop,call,10,weyhhqregvurhvhttagiwv,preflop,call,0,oiifnqrqbihvtgrmbnnvkn,flop,call,0,weyhhqregvurhvhttagiwv,flop,call,0,oiifnqrqbihvtgrmbnnvkn,turn,call,990,weyhhqregvurhvhttagiwv,turn,raise,990,oiifnqrqbihvtgrmbnnvkn,turn,call,,,,,,,,,"D6,DK,C2,S5",river,2000,2000,1,,,"D2,H5","[{'name': 'Player1', 'uuid': 'weyhhqregvurhvhttagiwv', 'stack': 990, 'state': 'participating'}, {'name': 'Player2', 'uuid': 'oiifnqrqbihvtgrmbnnvkn', 'stack': 995, 'state': 'participating'}]",1000,Player1,20,1,turn,0.86,1
10,ecpyvexrbeqjpbbojgkzgr,preflop,call,10,sqieqkhqugdlyzqmuspepm,preflop,call,0,ecpyvexrbeqjpbbojgkzgr,flop,call,0,sqieqkhqugdlyzqmuspepm,flop,call,0,ecpyvexrbeqjpbbojgkzgr,turn,call,0,sqieqkhqugdlyzqmuspepm,turn,call,0,ecpyvexrbeqjpbbojgkzgr,river,call,0,sqieqkhqugdlyzqmuspepm,river,call,,,,,"H3,CT,DA,D7,C7",river,20,1010,1,,,"HQ,C5","[{'name': 'Player1', 'uuid': 'sqieqkhqugdlyzqmuspepm', 'stack': 990, 'state': 'participating'}, {'name': 'Player2', 'uuid': 'ecpyvexrbeqjpbbojgkzgr', 'stack': 995, 'state': 'participating'}]",1000,Player1,20,1,river,0.41,1
10,dzxprayczdmznmjwrkgmbn,preflop,call,10,kzahivobinbpzhoyjvacrq,preflop,call,0,dzxprayczdmznmjwrkgmbn,flop,call,990,kzahivobinbpzhoyjvacrq,flop,raise,990,dzxprayczdmznmjwrkgmbn,flop,call,,,,,,,,,,,,,,,,,"HK,S2,H9",river,2000,2000,1,,,"SK,CA","[{'name': 'Player1', 'uuid': 'kzahivobinbpzhoyjvacrq', 'stack': 990, 'state': 'participating'}, {'name': 'Player2', 'uuid': 'dzxprayczdmznmjwrkgmbn', 'stack': 995, 'state': 'participating'}]",1000,Player1,20,1,flop,0.86,1
10,pabgvgfvdfdjmqrrmuzynx,preflop,call,10,vllhtenoznonjhbockpypz,preflop,call,0,pabgvgfvdfdjmqrrmuzynx,flop,call,990,vllhtenoznonjhbockpypz,flop,raise,990,pabgvgfvdfdjmqrrmuzynx,flop,call,,,,,,,,,,,,,,,,,"D9,C9,DA",river,2000,2000,1,,,"H9,C8","[{'name': 'Player1', 'uuid': 'vllhtenoznonjhbockpypz', 'stack': 990, 'state': 'participating'}, {'name': 'Player2', 'uuid': 'pabgvgfvdfdjmqrrmuzynx', 'stack': 995, 'state': 'participating'}]",1000,Player1,20,1,flop,0.9,1
10,aydbtrkqdjawhdsajlzohu,preflop,call,10,cynmeslatdvacytrwmbkqm,preflop,call,0,aydbtrkqdjawhdsajlzohu,flop,call,0,cynmeslatdvacytrwmbkqm,flop,call,0,aydbtrkqdjawhdsajlzohu,turn,call,0,cynmeslatdvacytrwmbkqm,turn,call,0,aydbtrkqdjawhdsajlzohu,river,call,0,cynmeslatdvacytrwmbkqm,river,call,,,,,"H4,CT,HA,DJ,SQ",river,20,990,1,,,"D9,H7","[{'name': 'Player1', 'uuid': 'cynmeslatdvacytrwmbkqm', 'stack': 990, 'state': 'participating'}, {'name': 'Player2', 'uuid': 'aydbtrkqdjawhdsajlzohu', 'stack': 995, 'state': 'participating'}]",1000,Player1,20,1,river,0.31,0
10,ydjunoxziguowwegvguhsv,preflop,call,10,llqtaheovqkoxhhuyvdceg,preflop,call,990,ydjunoxziguowwegvguhsv,flop,raise,990,llqtaheovqkoxhhuyvdceg,flop,call,,,,,,,,,,,,,,,,,,,,,"CK,H5,D3",river,2000,0,1,,,"ST,S3","[{'name': 'Player1', 'uuid': 'llqtaheovqkoxhhuyvdceg', 'stack': 990, 'state': 'participating'}, {'name': 'Player2', 'uuid': 'ydjunoxziguowwegvguhsv', 'stack': 995, 'state': 'participating'}]",1000,Player1,1010,1,flop,0.57,0
10,hkukdbbfyjzdryntyrvzfz,preflop,call,10,qohvpnyuwjzyxlknzyvvdv,preflop,call,0,hkukdbbfyjzdryntyrvzfz,flop,call,0,qohvpnyuwjzyxlknzyvvdv,flop,call,0,hkukdbbfyjzdryntyrvzfz,turn,call,0,qohvpnyuwjzyxlknzyvvdv,turn,call,990,hkukdbbfyjzdryntyrvzfz,river,raise,990,qohvpnyuwjzyxlknzyvvdv,river,call,,,,,"D8,C8,CJ,S8,HA",river,2000,0,1,,,"DT,HK","[{'name': 'Player1', 'uuid': 'qohvpnyuwjzyxlknzyvvdv', 'stack': 990, 'state': 'participating'}, {'name': 'Player2', 'uuid': 'hkukdbbfyjzdryntyrvzfz', 'stack': 995, 'state': 'participating'}]",1000,Player1,1010,1,river,0.68,0
10,dhrswjloolvgxraapequyf,preflop,call,10,lisirurphqvjwtdpneblyk,preflop,call,0,dhrswjloolvgxraapequyf,flop,call,0,lisirurphqvjwtdpneblyk,flop,call,0,dhrswjloolvgxraapequyf,turn,call,0,lisirurphqvjwtdpneblyk,turn,call,0,dhrswjloolvgxraapequyf,river,call,0,lisirurphqvjwtdpneblyk,river,call,,,,,"D9,C5,S6,DK,CQ",river,20,990,1,,,"DJ,D5","[{'name': 'Player1', 'uuid': 'lisirurphqvjwtdpneblyk', 'stack': 990, 'state': 'participating'}, {'name': 'Player2', 'uuid': 'dhrswjloolvgxraapequyf', 'stack': 995, 'state': 'participating'}]",1000,Player1,20,1,river,0.51,0
10,dhufqbudnmosjqqveswaun,preflop,call,10,hzqnrdzsefympmthcvoisc,preflop,call,0,dhufqbudnmosjqqveswaun,flop,call,0,hzqnrdzsefympmthcvoisc,flop,call,0,dhufqbudnmosjqqveswaun,turn,call,0,hzqnrdzsefympmthcvoisc,turn,call,0,dhufqbudnmosjqqveswaun,river,call,0,hzqnrdzsefympmthcvoisc,river,call,,,,,"D5,HK,D6,C5,H8",river,20,990,1,,,"HQ,S2","[{'name': 'Player1', 'uuid': 'hzqnrdzsefympmthcvoisc', 'stack': 990, 'state': 'participating'}, {'name': 'Player2', 'uuid': 'dhufqbudnmosjqqveswaun', 'stack': 995, 'state': 'participating'}]",1000,Player1,20,1,river,0.28,0
1000,vvkfjjqjxemfmsugwszjbo,preflop,raise,1000,cilkcqrwrduuneovztrrcy,preflop,call,,,,,,,,,,,,,,,,,,,,,,,,,,,,,,river,2000,0,1,,,"HJ,D4","[{'name': 'Player1', 'uuid': 'cilkcqrwrduuneovztrrcy', 'stack': 990, 'state': 'participating'}, {'name': 'Player2', 'uuid': 'vvkfjjqjxemfmsugwszjbo', 'stack': 995, 'state': 'participating'}]",1000,Player1,1010,1,preflop,0.43,0
10,ikqadhjpzmvulyyvrlptdi,preflop,call,10,txyonlcgxoopbavvcvuuty,preflop,call,0,ikqadhjpzmvulyyvrlptdi,flop,call,990,txyonlcgxoopbavvcvuuty,flop,raise,990,ikqadhjpzmvulyyvrlptdi,flop,call,,,,,,,,,,,,,,,,,"DT,D5,C5",river,2000,2000,1,,,"H5,ST","[{'name': 'Player1', 'uuid': 'txyonlcgxoopbavvcvuuty', 'stack': 990, 'state': 'participating'}, {'name': 'Player2', 'uuid': 'ikqadhjpzmvulyyvrlptdi', 'stack': 995, 'state': 'participating'}]",1000,Player1,20,1,flop,0.99,1
10,gvpkswalaztvmdlvmhxxed,preflop,call,10,ntqcetehlaxvtigpwrxeif,preflop,call,0,gvpkswalaztvmdlvmhxxed,flop,call,990,ntqcetehlaxvtigpwrxeif,flop,raise,990,gvpkswalaztvmdlvmhxxed,flop,call,,,,,,,,,,,,,,,,,"C9,D7,H9",river,2000,2000,1,,,"C3,C7","[{'name': 'Player1', 'uuid': 'ntqcetehlaxvtigpwrxeif', 'stack': 990, 'state': 'participating'}, {'name': 'Player2', 'uuid': 'gvpkswalaztvmdlvmhxxed', 'stack': 995, 'state': 'participating'}]",1000,Player1,20,1,flop,0.71,1
10,kbobhdjzfmntqgggboemrt,preflop,call,10,jxmbnkwelkfcbohnhewaqy,preflop,call,0,kbobhdjzfmntqgggboemrt,flop,call,990,jxmbnkwelkfcbohnhewaqy,flop,raise,990,kbobhdjzfmntqgggboemrt,flop,call,,,,,,,,,,,,,,,,,"D7,D5,HA",river,2000,2000,1,,,"D9,C9","[{'name': 'Player1', 'uuid': 'jxmbnkwelkfcbohnhewaqy', 'stack': 990, 'state': 'participating'}, {'name': 'Player2', 'uuid': 'kbobhdjzfmntqgggboemrt', 'stack': 995, 'state': 'participating'}]",1000,Player1,20,1,flop,0.78,1
10,pyjyxwqmpktfpbxndxjwgu,preflop,call,10,uytohwnrepebceppnjetjt,preflop,call,0,pyjyxwqmpktfpbxndxjwgu,flop,call,990,uytohwnrepebceppnjetjt,flop,raise,990,pyjyxwqmpktfpbxndxjwgu,flop,call,,,,,,,,,,,,,,,,,"D6,HK,DQ",river,2000,2000,1,,,"DA,SK","[{'name': 'Player1', 'uuid': 'uytohwnrepebceppnjetjt', 'stack': 990, 'state': 'participating'}, {'name': 'Player2', 'uuid': 'pyjyxwqmpktfpbxndxjwgu', 'stack': 995, 'state': 'participating'}]",1000,Player1,20,1,flop,0.92,1
10,eoptooeralzkkeshvbbwzq,preflop,call,10,uxbuzrxweadkpoxqjarbwf,preflop,call,0,eoptooeralzkkeshvbbwzq,flop,call,990,uxbuzrxweadkpoxqjarbwf,flop,raise,990,eoptooeralzkkeshvbbwzq,flop,call,,,,,,,,,,,,,,,,,"H5,DJ,D4",river,2000,0,1,,,"C5,C9","[{'name': 'Player1', 'uuid': 'uxbuzrxweadkpoxqjarbwf', 'stack': 990, 'state': 'participating'}, {'name': 'Player2', 'uuid': 'eoptooeralzkkeshvbbwzq', 'stack': 995, 'state': 'participating'}]",1000,Player1,20,1,flop,0.71,0
10,jgetsgmqmsnkigewudqotj,preflop,call,10,ghwxevsyitvleaaxmfndfs,preflop,call,0,jgetsgmqmsnkigewudqotj,flop,call,0,ghwxevsyitvleaaxmfndfs,flop,call,0,jgetsgmqmsnkigewudqotj,turn,call,0,ghwxevsyitvleaaxmfndfs,turn,call,0,jgetsgmqmsnkigewudqotj,river,call,990,ghwxevsyitvleaaxmfndfs,river,raise,990,jgetsgmqmsnkigewudqotj,river,call,"CA,C8,CK,H2,H9",river,2000,2000,1,,,"S2,S9","[{'name': 'Player1', 'uuid': 'ghwxevsyitvleaaxmfndfs', 'stack': 990, 'state': 'participating'}, {'name': 'Player2', 'uuid': 'jgetsgmqmsnkigewudqotj', 'stack': 995, 'state': 'participating'}]",1000,Player1,20,1,river,0.87,1
10,gfcwvwnhjrnhrjizsxtffi,preflop,call,1000,muzgtioqzkxjqlpwjtxnny,preflop,raise,1000,gfcwvwnhjrnhrjizsxtffi,preflop,call,,,,,,,,,,,,,,,,,,,,,,,,,,river,2000,0,1,,,"ST,HT","[{'name': 'Player1', 'uuid': 'muzgtioqzkxjqlpwjtxnny', 'stack': 990, 'state': 'participating'}, {'name': 'Player2', 'uuid': 'gfcwvwnhjrnhrjizsxtffi', 'stack': 995, 'state': 'participating'}]",1000,Player1,20,1,preflop,0.76,0
10,yvyqvfjqkwesxnpcombgkl,preflop,call,10,ercugxjlwogwkrcassgspr,preflop,call,0,yvyqvfjqkwesxnpcombgkl,flop,call,0,ercugxjlwogwkrcassgspr,flop,call,0,yvyqvfjqkwesxnpcombgkl,turn,call,0,ercugxjlwogwkrcassgspr,turn,call,0,yvyqvfjqkwesxnpcombgkl,river,call,990,ercugxjlwogwkrcassgspr,river,raise,990,yvyqvfjqkwesxnpcombgkl,river,call,"S2,DA,CA,C7,D5",river,2000,2000,1,,,"S5,CJ","[{'name': 'Player1', 'uuid': 'ercugxjlwogwkrcassgspr', 'stack': 990, 'state': 'participating'}, {'name': 'Player2', 'uuid': 'yvyqvfjqkwesxnpcombgkl', 'stack': 995, 'state': 'participating'}]",1000,Player1,20,1,river,0.76,1
10,isznulxhwpcvejehrpqlak,preflop,call,10,jexvrwiegjzgsbyyibesbw,preflop,call,0,isznulxhwpcvejehrpqlak,flop,call,0,jexvrwiegjzgsbyyibesbw,flop,call,0,isznulxhwpcvejehrpqlak,turn,call,0,jexvrwiegjzgsbyyibesbw,turn,call,0,isznulxhwpcvejehrpqlak,river,call,0,jexvrwiegjzgsbyyibesbw,river,call,,,,,"HT,HA,H3,CQ,D3",river,20,990,1,,,"D2,H7","[{'name': 'Player1', 'uuid': 'jexvrwiegjzgsbyyibesbw', 'stack': 990, 'state': 'participating'}, {'name': 'Player2', 'uuid': 'isznulxhwpcvejehrpqlak', 'stack': 995, 'state': 'participating'}]",1000,Player1,20,1,river,0.05,0
10,tnczudxsiqgqmeaxsaruwr,preflop,call,10,kubctcotvcvdupxkrzsayu,preflop,call,990,tnczudxsiqgqmeaxsaruwr,flop,raise,990,kubctcotvcvdupxkrzsayu,flop,call,,,,,,,,,,,,,,,,,,,,,"H4,CJ,SQ",river,2000,2000,1,,,"DJ,D9","[{'name': 'Player1', 'uuid': 'kubctcotvcvdupxkrzsayu', 'stack': 990, 'state': 'participating'}, {'name': 'Player2', 'uuid': 'tnczudxsiqgqmeaxsaruwr', 'stack': 995, 'state': 'participating'}]",1000,Player1,1010,1,flop,0.68,1
10,yqclaunpgbbybdtbwkmups,preflop,call,1000,fsyyyocrvogocctapbzbdg,preflop,raise,1000,yqclaunpgbbybdtbwkmups,preflop,call,,,,,,,,,,,,,,,,,,,,,,,,,,river,2000,2000,1,,,"DQ,CA","[{'name': 'Player1', 'uuid': 'fsyyyocrvogocctapbzbdg', 'stack': 990, 'state': 'participating'}, {'name': 'Player2', 'uuid': 'yqclaunpgbbybdtbwkmups', 'stack': 995, 'state': 'participating'}]",1000,Player1,20,1,preflop,0.71,1
10,guhmtxvtvvttstaatrrdyq,preflop,call,10,ansnhktzevveeruqvdinbz,preflop,call,990,guhmtxvtvvttstaatrrdyq,flop,raise,990,ansnhktzevveeruqvdinbz,flop,call,,,,,,,,,,,,,,,,,,,,,"DT,S7,DQ",river,2000,0,1,,,"H3,C5","[{'name': 'Player1', 'uuid': 'ansnhktzevveeruqvdinbz', 'stack': 990, 'state': 'participating'}, {'name': 'Player2', 'uuid': 'guhmtxvtvvttstaatrrdyq', 'stack': 995, 'state': 'participating'}]",1000,Player1,1010,1,flop,0.13,0
10,tsbhcnvdefsbxyxzcnbcra,preflop,call,10,tbdbfjyofchndnybtvepvr,preflop,call,0,tsbhcnvdefsbxyxzcnbcra,flop,call,990,tbdbfjyofchndnybtvepvr,flop,raise,990,tsbhcnvdefsbxyxzcnbcra,flop,call,,,,,,,,,,,,,,,,,"SQ,H9,D8",river,2000,0,1,,,"S4,HQ","[{'name': 'Player1', 'uuid': 'tbdbfjyofchndnybtvepvr', 'stack': 990, 'state': 'participating'}, {'name': 'Player2', 'uuid': 'tsbhcnvdefsbxyxzcnbcra', 'stack': 995, 'state': 'participating'}]",1000,Player1,20,1,flop,0.81,0
10,lltaoeafzyfwzskjqrevxk,preflop,call,10,oylhluonfqyvlgwwliaknc,preflop,call,0,lltaoeafzyfwzskjqrevxk,flop,call,990,oylhluonfqyvlgwwliaknc,flop,raise,990,lltaoeafzyfwzskjqrevxk,flop,call,,,,,,,,,,,,,,,,,"SQ,C4,C2",river,2000,2000,1,,,"SJ,DQ","[{'name': 'Player1', 'uuid': 'oylhluonfqyvlgwwliaknc', 'stack': 990, 'state': 'participating'}, {'name': 'Player2', 'uuid': 'lltaoeafzyfwzskjqrevxk', 'stack': 995, 'state': 'participating'}]",1000,Player1,20,1,flop,0.81,1
10,mtcttbcpjvehfpxccyxxws,preflop,call,10,irqxvazqtpdjownpqkqmeu,preflop,call,0,mtcttbcpjvehfpxccyxxws,flop,call,990,irqxvazqtpdjownpqkqmeu,flop,raise,990,mtcttbcpjvehfpxccyxxws,flop,call,,,,,,,,,,,,,,,,,"C8,SJ,DQ",river,2000,2000,1,,,"D6,CQ","[{'name': 'Player1', 'uuid': 'irqxvazqtpdjownpqkqmeu', 'stack': 990, 'state': 'participating'}, {'name': 'Player2', 'uuid': 'mtcttbcpjvehfpxccyxxws', 'stack': 995, 'state': 'participating'}]",1000,Player1,20,1,flop,0.79,1
10,ewlraytlupindvyvslhipx,preflop,call,10,geflfxtgrqzdwrmfpdfwqq,preflop,call,0,ewlraytlupindvyvslhipx,flop,call,0,geflfxtgrqzdwrmfpdfwqq,flop,call,0,ewlraytlupindvyvslhipx,turn,call,990,geflfxtgrqzdwrmfpdfwqq,turn,raise,990,ewlraytlupindvyvslhipx,turn,call,,,,,,,,,"C5,SK,SJ,C8",river,2000,2000,1,,,"CJ,H7","[{'name': 'Player1', 'uuid': 'geflfxtgrqzdwrmfpdfwqq', 'stack': 990, 'state': 'participating'}, {'name': 'Player2', 'uuid': 'ewlraytlupindvyvslhipx', 'stack': 995, 'state': 'participating'}]",1000,Player1,20,1,turn,0.78,1
10,hddpkvyagigazfhtgpfopc,preflop,call,10,ohgumnvwapswyhqivispho,preflop,call,0,hddpkvyagigazfhtgpfopc,flop,call,990,ohgumnvwapswyhqivispho,flop,raise,990,hddpkvyagigazfhtgpfopc,flop,call,,,,,,,,,,,,,,,,,"S5,H2,DJ",river,2000,2000,1,,,"DT,CJ","[{'name': 'Player1', 'uuid': 'ohgumnvwapswyhqivispho', 'stack': 990, 'state': 'participating'}, {'name': 'Player2', 'uuid': 'hddpkvyagigazfhtgpfopc', 'stack': 995, 'state': 'participating'}]",1000,Player1,20,1,flop,0.79,1
1000,rduiakhsisyzzndrehnyxv,preflop,raise,1000,gkxcljcykemrkdhxmmsisv,preflop,call,,,,,,,,,,,,,,,,,,,,,,,,,,,,,,river,2000,0,1,,,"S8,HT","[{'name': 'Player1', 'uuid': 'gkxcljcykemrkdhxmmsisv', 'stack': 990, 'state': 'participating'}, {'name': 'Player2', 'uuid': 'rduiakhsisyzzndrehnyxv', 'stack': 995, 'state': 'participating'}]",1000,Player1,1010,1,preflop,0.56,0
10,wjaekrraaqmjguyolwewyn,preflop,call,10,cgcjyibkhibvttfglygiiy,preflop,call,0,wjaekrraaqmjguyolwewyn,flop,call,0,cgcjyibkhibvttfglygiiy,flop,call,0,wjaekrraaqmjguyolwewyn,turn,call,0,cgcjyibkhibvttfglygiiy,turn,call,990,wjaekrraaqmjguyolwewyn,river,raise,990,cgcjyibkhibvttfglygiiy,river,call,,,,,"S8,S4,CT,CK,D6",river,2000,0,1,,,"SJ,H6","[{'name': 'Player1', 'uuid': 'cgcjyibkhibvttfglygiiy', 'stack': 990, 'state': 'participating'}, {'name': 'Player2', 'uuid': 'wjaekrraaqmjguyolwewyn', 'stack': 995, 'state': 'participating'}]",1000,Player1,1010,1,river,0.52,0
10,okurflkkxajwxnrmyopkzl,preflop,call,10,igbikkwrfwtudnedjxdtto,preflop,call,990,okurflkkxajwxnrmyopkzl,flop,raise,990,igbikkwrfwtudnedjxdtto,flop,call,,,,,,,,,,,,,,,,,,,,,"CJ,C8,SQ",river,2000,0,1,,,"S5,H9","[{'name': 'Player1', 'uuid': 'igbikkwrfwtudnedjxdtto', 'stack': 990, 'state': 'participating'}, {'name': 'Player2', 'uuid': 'okurflkkxajwxnrmyopkzl', 'stack': 995, 'state': 'participating'}]",1000,Player1,1010,1,flop,0.36,0
10,yjvcpfefvlbizwwgqjagnf,preflop,call,10,rxzmdjseewqhovkwipgxlo,preflop,call,0,yjvcpfefvlbizwwgqjagnf,flop,call,0,rxzmdjseewqhovkwipgxlo,flop,call,0,yjvcpfefvlbizwwgqjagnf,turn,call,990,rxzmdjseewqhovkwipgxlo,turn,raise,990,yjvcpfefvlbizwwgqjagnf,turn,call,,,,,,,,,"C3,H9,C8,C6",river,2000,2000,1,,,"HT,S7","[{'name': 'Player1', 'uuid': 'rxzmdjseewqhovkwipgxlo', 'stack': 990, 'state': 'participating'}, {'name': 'Player2', 'uuid': 'yjvcpfefvlbizwwgqjagnf', 'stack': 995, 'state': 'participating'}]",1000,Player1,20,1,turn,0.82,1
10,teflkoovjzswmnyuhhhiml,preflop,call,10,dnlryxomtvwqmjswclkyym,preflop,call,0,teflkoovjzswmnyuhhhiml,flop,call,0,dnlryxomtvwqmjswclkyym,flop,call,0,teflkoovjzswmnyuhhhiml,turn,call,0,dnlryxomtvwqmjswclkyym,turn,call,0,teflkoovjzswmnyuhhhiml,river,call,990,dnlryxomtvwqmjswclkyym,river,raise,990,teflkoovjzswmnyuhhhiml,river,call,"D7,S7,D6,DJ,S8",river,2000,2000,1,,,"D5,H9","[{'name': 'Player1', 'uuid': 'dnlryxomtvwqmjswclkyym', 'stack': 990, 'state': 'participating'}, {'name': 'Player2', 'uuid': 'teflkoovjzswmnyuhhhiml', 'stack': 995, 'state': 'participating'}]",1000,Player1,20,1,river,0.97,1
10,xgwcokmnljtpvcpzdiiaby,preflop,call,10,xlhbejdtjywyrpzwivdpfs,preflop,call,0,xgwcokmnljtpvcpzdiiaby,flop,call,990,xlhbejdtjywyrpzwivdpfs,flop,raise,990,xgwcokmnljtpvcpzdiiaby,flop,call,,,,,,,,,,,,,,,,,"CA,ST,D3",river,2000,2000,1,,,"HA,D4","[{'name': 'Player1', 'uuid': 'xlhbejdtjywyrpzwivdpfs', 'stack': 990, 'state': 'participating'}, {'name': 'Player2', 'uuid': 'xgwcokmnljtpvcpzdiiaby', 'stack': 995, 'state': 'participating'}]",1000,Player1,20,1,flop,0.85,1
10,hsstkzytmcgqqrolzkexfe,preflop,call,10,ugnelfimwbewxxhgsprlog,preflop,call,0,hsstkzytmcgqqrolzkexfe,flop,call,0,ugnelfimwbewxxhgsprlog,flop,call,0,hsstkzytmcgqqrolzkexfe,turn,call,0,ugnelfimwbewxxhgsprlog,turn,call,0,hsstkzytmcgqqrolzkexfe,river,call,0,ugnelfimwbewxxhgsprlog,river,call,,,,,"DT,S6,DQ,H2,C6",river,20,990,1,,,"CA,S4","[{'name': 'Player1', 'uuid': 'ugnelfimwbewxxhgsprlog', 'stack': 990, 'state': 'participating'}, {'name': 'Player2', 'uuid': 'hsstkzytmcgqqrolzkexfe', 'stack': 995, 'state': 'participating'}]",1000,Player1,20,1,river,0.42,0
10,qqilelgaapftbkimgcscpj,preflop,call,10,ianuzxrqmtocbnutxjbdqa,preflop,call,0,qqilelgaapftbkimgcscpj,flop,call,0,ianuzxrqmtocbnutxjbdqa,flop,call,0,qqilelgaapftbkimgcscpj,turn,call,0,ianuzxrqmtocbnutxjbdqa,turn,call,990,qqilelgaapftbkimgcscpj,river,raise,990,ianuzxrqmtocbnutxjbdqa,river,call,,,,,"H9,CQ,C6,C7,D9",river,2000,0,1,,,"D4,SJ","[{'name': 'Player1', 'uuid': 'ianuzxrqmtocbnutxjbdqa', 'stack': 990, 'state': 'participating'}, {'name': 'Player2', 'uuid': 'qqilelgaapftbkimgcscpj', 'stack': 995, 'state': 'participating'}]",1000,Player1,1010,1,river,0.24,0
10,izjsjznhooralizcstuwbb,preflop,call,10,nsspizmmeamxkjgvneqwck,preflop,call,0,izjsjznhooralizcstuwbb,flop,call,0,nsspizmmeamxkjgvneqwck,flop,call,0,izjsjznhooralizcstuwbb,turn,call,0,nsspizmmeamxkjgvneqwck,turn,call,0,izjsjznhooralizcstuwbb,river,call,0,nsspizmmeamxkjgvneqwck,river,call,,,,,"D2,CT,HQ,C4,D4",river,20,990,1,,,"D6,HJ","[{'name': 'Player1', 'uuid': 'nsspizmmeamxkjgvneqwck', 'stack': 990, 'state': 'participating'}, {'name': 'Player2', 'uuid': 'izjsjznhooralizcstuwbb', 'stack': 995, 'state': 'participating'}]",1000,Player1,20,1,river,0.3,0
10,wjmgdcpnqwezrcywcrqugi,preflop,call,10,fsmftjiaypfdgpbobapwxd,preflop,call,0,wjmgdcpnqwezrcywcrqugi,flop,call,990,fsmftjiaypfdgpbobapwxd,flop,raise,990,wjmgdcpnqwezrcywcrqugi,flop,call,,,,,,,,,,,,,,,,,"D9,DK,C8",river,2000,2000,1,,,"D5,HK","[{'name': 'Player1', 'uuid': 'fsmftjiaypfdgpbobapwxd', 'stack': 990, 'state': 'participating'}, {'name': 'Player2', 'uuid': 'wjmgdcpnqwezrcywcrqugi', 'stack': 995, 'state': 'participating'}]",1000,Player1,20,1,flop,0.82,1
10,rqovgztarihsixqsjhxume,preflop,call,10,hrwmajsslaeluoyotvcitq,preflop,call,0,rqovgztarihsixqsjhxume,flop,call,0,hrwmajsslaeluoyotvcitq,flop,call,0,rqovgztarihsixqsjhxume,turn,call,0,hrwmajsslaeluoyotvcitq,turn,call,0,rqovgztarihsixqsjhxume,river,call,0,hrwmajsslaeluoyotvcitq,river,call,,,,,"DT,DJ,D3,H5,H3",river,20,990,1,,,"H9,C4","[{'name': 'Player1', 'uuid': 'hrwmajsslaeluoyotvcitq', 'stack': 990, 'state': 'participating'}, {'name': 'Player2', 'uuid': 'rqovgztarihsixqsjhxume', 'stack': 995, 'state': 'participating'}]",1000,Player1,20,1,river,0.13,0
10,thimwsqjaybiumwhxnajtb,preflop,call,10,hltiasunlsljlrhironnjg,preflop,call,0,thimwsqjaybiumwhxnajtb,flop,call,0,hltiasunlsljlrhironnjg,flop,call,0,thimwsqjaybiumwhxnajtb,turn,call,0,hltiasunlsljlrhironnjg,turn,call,0,thimwsqjaybiumwhxnajtb,river,call,0,hltiasunlsljlrhironnjg,river,call,,,,,"D9,CT,DA,HQ,ST",river,20,1010,1,,,"H2,SQ","[{'name': 'Player1', 'uuid': 'hltiasunlsljlrhironnjg', 'stack': 990, 'state': 'participating'}, {'name': 'Player2', 'uuid': 'thimwsqjaybiumwhxnajtb', 'stack': 995, 'state': 'participating'}]",1000,Player1,20,1,river,0.64,1
10,fcgrdjnwjfeeqeaeydcilz,preflop,call,10,wfoitdqxgcnktparboykgz,preflop,call,0,fcgrdjnwjfeeqeaeydcilz,flop,call,0,wfoitdqxgcnktparboykgz,flop,call,0,fcgrdjnwjfeeqeaeydcilz,turn,call,0,wfoitdqxgcnktparboykgz,turn,call,0,fcgrdjnwjfeeqeaeydcilz,river,call,0,wfoitdqxgcnktparboykgz,river,call,,,,,"D6,C3,CT,CK,D7",river,20,990,1,,,"S4,SQ","[{'name': 'Player1', 'uuid': 'wfoitdqxgcnktparboykgz', 'stack': 990, 'state': 'participating'}, {'name': 'Player2', 'uuid': 'fcgrdjnwjfeeqeaeydcilz', 'stack': 995, 'state': 'participating'}]",1000,Player1,20,1,river,0.19,0
10,inimtivznyxlcgzyzrfups,preflop,call,10,xcgtxbgdmgzidhdvuuseoz,preflop,call,990,inimtivznyxlcgzyzrfups,flop,raise,990,xcgtxbgdmgzidhdvuuseoz,flop,call,,,,,,,,,,,,,,,,,,,,,"D7,C7,SJ",river,2000,0,1,,,"C4,D3","[{'name': 'Player1', 'uuid': 'xcgtxbgdmgzidhdvuuseoz', 'stack': 990, 'state': 'participating'}, {'name': 'Player2', 'uuid': 'inimtivznyxlcgzyzrfups', 'stack': 995, 'state': 'participating'}]",1000,Player1,1010,1,flop,0.15,0
10,zinhvjkskahjzryjgdxjoy,preflop,call,10,smdcfhktjoiqhnbmqodomu,preflop,call,0,zinhvjkskahjzryjgdxjoy,flop,call,990,smdcfhktjoiqhnbmqodomu,flop,raise,990,zinhvjkskahjzryjgdxjoy,flop,call,,,,,,,,,,,,,,,,,"HA,D5,H9",river,2000,2000,1,,,"DA,C5","[{'name': 'Player1', 'uuid': 'smdcfhktjoiqhnbmqodomu', 'stack': 990, 'state': 'participating'}, {'name': 'Player2', 'uuid': 'zinhvjkskahjzryjgdxjoy', 'stack': 995, 'state': 'participating'}]",1000,Player1,20,1,flop,0.9,1
10,wpjprrnjnbarnxfteeicvq,preflop,call,10,mkgrngftamwufwombzbeah,preflop,call,0,wpjprrnjnbarnxfteeicvq,flop,call,990,mkgrngftamwufwombzbeah,flop,raise,990,wpjprrnjnbarnxfteeicvq,flop,call,,,,,,,,,,,,,,,,,"HA,H6,H7",river,2000,2000,1,,,"HQ,D6","[{'name': 'Player1', 'uuid': 'mkgrngftamwufwombzbeah', 'stack': 990, 'state': 'participating'}, {'name': 'Player2', 'uuid': 'wpjprrnjnbarnxfteeicvq', 'stack': 995, 'state': 'participating'}]",1000,Player1,20,1,flop,0.71,1
10,bcjyhcwcrldqvmujsikkff,preflop,call,10,rfjzdoejneyfmkuunlsylk,preflop,call,0,bcjyhcwcrldqvmujsikkff,flop,call,0,rfjzdoejneyfmkuunlsylk,flop,call,0,bcjyhcwcrldqvmujsikkff,turn,call,0,rfjzdoejneyfmkuunlsylk,turn,call,0,bcjyhcwcrldqvmujsikkff,river,call,0,rfjzdoejneyfmkuunlsylk,river,call,,,,,"H3,C4,C9,H8,S9",river,20,990,1,,,"C6,HT","[{'name': 'Player1', 'uuid': 'rfjzdoejneyfmkuunlsylk', 'stack': 990, 'state': 'participating'}, {'name': 'Player2', 'uuid': 'bcjyhcwcrldqvmujsikkff', 'stack': 995, 'state': 'participating'}]",1000,Player1,20,1,river,0.08,0
10,ljwjulmsphobpmakvpsgpw,preflop,call,10,qvlkqtsryeaotwjhuyweub,preflop,call,0,ljwjulmsphobpmakvpsgpw,flop,call,0,qvlkqtsryeaotwjhuyweub,flop,call,0,ljwjulmsphobpmakvpsgpw,turn,call,0,qvlkqtsryeaotwjhuyweub,turn,call,0,ljwjulmsphobpmakvpsgpw,river,call,990,qvlkqtsryeaotwjhuyweub,river,raise,990,ljwjulmsphobpmakvpsgpw,river,call,"C2,DQ,C9,CQ,CT",river,2000,2000,1,,,"CA,S8","[{'name': 'Player1', 'uuid': 'qvlkqtsryeaotwjhuyweub', 'stack': 990, 'state': 'participating'}, {'name': 'Player2', 'uuid': 'ljwjulmsphobpmakvpsgpw', 'stack': 995, 'state': 'participating'}]",1000,Player1,20,1,river,0.95,1
10,zbbllkxxepfsnpyiqlzlcq,preflop,call,10,znxlraukhlsmsikecbacjq,preflop,call,0,zbbllkxxepfsnpyiqlzlcq,flop,call,990,znxlraukhlsmsikecbacjq,flop,raise,990,zbbllkxxepfsnpyiqlzlcq,flop,call,,,,,,,,,,,,,,,,,"H5,CA,S8",river,2000,2000,1,,,"H3,DA","[{'name': 'Player1', 'uuid': 'znxlraukhlsmsikecbacjq', 'stack': 990, 'state': 'participating'}, {'name': 'Player2', 'uuid': 'zbbllkxxepfsnpyiqlzlcq', 'stack': 995, 'state': 'participating'}]",1000,Player1,20,1,flop,0.82,1
10,wxbytgvfhflgnlfqeqmkfm,preflop,call,10,qyqyxtphofobhzjiposgio,preflop,call,0,wxbytgvfhflgnlfqeqmkfm,flop,call,0,qyqyxtphofobhzjiposgio,flop,call,0,wxbytgvfhflgnlfqeqmkfm,turn,call,0,qyqyxtphofobhzjiposgio,turn,call,0,wxbytgvfhflgnlfqeqmkfm,river,call,0,qyqyxtphofobhzjiposgio,river,call,,,,,"HA,D6,H4,D5,CQ",river,20,990,1,,,"D9,C7","[{'name': 'Player1', 'uuid': 'qyqyxtphofobhzjiposgio', 'stack': 990, 'state': 'participating'}, {'name': 'Player2', 'uuid': 'wxbytgvfhflgnlfqeqmkfm', 'stack': 995, 'state': 'participating'}]",1000,Player1,20,1,river,0.04,0
10,heaypywjtpweqiaheeeerl,preflop,call,10,gvutkcjstbsitieebwrchq,preflop,call,0,heaypywjtpweqiaheeeerl,flop,call,0,gvutkcjstbsitieebwrchq,flop,call,0,heaypywjtpweqiaheeeerl,turn,call,0,gvutkcjstbsitieebwrchq,turn,call,0,heaypywjtpweqiaheeeerl,river,call,0,gvutkcjstbsitieebwrchq,river,call,,,,,"D9,S5,S4,C2,H6",river,20,1010,1,,,"D6,HK","[{'name': 'Player1', 'uuid': 'gvutkcjstbsitieebwrchq', 'stack': 990, 'state': 'participating'}, {'name': 'Player2', 'uuid': 'heaypywjtpweqiaheeeerl', 'stack': 995, 'state': 'participating'}]",1000,Player1,20,1,river,0.56,1
10,dnfgqrvweykvtazcbkffdo,preflop,call,10,cfcajwbnpsshwflwmghgvv,preflop,call,0,dnfgqrvweykvtazcbkffdo,flop,call,0,cfcajwbnpsshwflwmghgvv,flop,call,0,dnfgqrvweykvtazcbkffdo,turn,call,0,cfcajwbnpsshwflwmghgvv,turn,call,0,dnfgqrvweykvtazcbkffdo,river,call,0,cfcajwbnpsshwflwmghgvv,river,call,,,,,"H8,SJ,SK,CK,C9",river,20,1010,1,,,"CQ,H3","[{'name': 'Player1', 'uuid': 'cfcajwbnpsshwflwmghgvv', 'stack': 990, 'state': 'participating'}, {'name': 'Player2', 'uuid': 'dnfgqrvweykvtazcbkffdo', 'stack': 995, 'state': 'participating'}]",1000,Player1,20,1,river,0.36,1
10,zxvrdhdzjbrtjxmfvhjdhu,preflop,call,10,lgglfwfuygjnntyxykkpxj,preflop,call,990,zxvrdhdzjbrtjxmfvhjdhu,flop,raise,990,lgglfwfuygjnntyxykkpxj,flop,call,,,,,,,,,,,,,,,,,,,,,"D8,S3,S9",river,2000,2000,1,,,"H3,SK","[{'name': 'Player1', 'uuid': 'lgglfwfuygjnntyxykkpxj', 'stack': 990, 'state': 'participating'}, {'name': 'Player2', 'uuid': 'zxvrdhdzjbrtjxmfvhjdhu', 'stack': 995, 'state': 'participating'}]",1000,Player1,1010,1,flop,0.59,1
10,goxdxzefwgbejspssfkiyg,preflop,call,10,ehmxrfvncodrafxgtkxhxf,preflop,call,0,goxdxzefwgbejspssfkiyg,flop,call,0,ehmxrfvncodrafxgtkxhxf,flop,call,0,goxdxzefwgbejspssfkiyg,turn,call,0,ehmxrfvncodrafxgtkxhxf,turn,call,0,goxdxzefwgbejspssfkiyg,river,call,990,ehmxrfvncodrafxgtkxhxf,river,raise,990,goxdxzefwgbejspssfkiyg,river,call,"CQ,H6,DA,HA,D8",river,2000,2000,1,,,"H9,S8","[{'name': 'Player1', 'uuid': 'ehmxrfvncodrafxgtkxhxf', 'stack': 990, 'state': 'participating'}, {'name': 'Player2', 'uuid': 'goxdxzefwgbejspssfkiyg', 'stack': 995, 'state': 'participating'}]",1000,Player1,20,1,river,0.7,1
10,rizdsmhxopnsvzxvdarpnh,preflop,call,10,mbzpmmezjefpfhesftyiki,preflop,call,0,rizdsmhxopnsvzxvdarpnh,flop,call,0,mbzpmmezjefpfhesftyiki,flop,call,990,rizdsmhxopnsvzxvdarpnh,turn,raise,990,mbzpmmezjefpfhesftyiki,turn,call,,,,,,,,,,,,,"S9,ST,C8,D7",river,2000,2000,1,,,"D8,HA","[{'name': 'Player1', 'uuid': 'mbzpmmezjefpfhesftyiki', 'stack': 990, 'state': 'participating'}, {'name': 'Player2', 'uuid': 'rizdsmhxopnsvzxvdarpnh', 'stack': 995, 'state': 'participating'}]",1000,Player1,1010,1,turn,0.46,1
10,ucbkdztpicxbhjlcgbctxz,preflop,call,10,bmwyesjsugylfaaocwwisw,preflop,call,0,ucbkdztpicxbhjlcgbctxz,flop,call,0,bmwyesjsugylfaaocwwisw,flop,call,0,ucbkdztpicxbhjlcgbctxz,turn,call,0,bmwyesjsugylfaaocwwisw,turn,call,0,ucbkdztpicxbhjlcgbctxz,river,call,0,bmwyesjsugylfaaocwwisw,river,call,,,,,"CA,C3,H2,DA,C6",river,20,1010,1,,,"SQ,HK","[{'name': 'Player1', 'uuid': 'bmwyesjsugylfaaocwwisw', 'stack': 990, 'state': 'participating'}, {'name': 'Player2', 'uuid': 'ucbkdztpicxbhjlcgbctxz', 'stack': 995, 'state': 'participating'}]",1000,Player1,20,1,river,0.48,1
10,tliyzqwykohdgpwsbagqrm,preflop,call,10,poutwbmldhictcxmublnlr,preflop,call,990,tliyzqwykohdgpwsbagqrm,flop,raise,990,poutwbmldhictcxmublnlr,flop,call,,,,,,,,,,,,,,,,,,,,,"C6,ST,H5",river,2000,0,1,,,"HJ,D2","[{'name': 'Player1', 'uuid': 'poutwbmldhictcxmublnlr', 'stack': 990, 'state': 'participating'}, {'name': 'Player2', 'uuid': 'tliyzqwykohdgpwsbagqrm', 'stack': 995, 'state': 'participating'}]",1000,Player1,1010,1,flop,0.23,0
10,fzxlxrnbqlhejysamchnio,preflop,call,10,zbqnzxduftezcgrbxxyxux,preflop,call,0,fzxlxrnbqlhejysamchnio,flop,call,0,zbqnzxduftezcgrbxxyxux,flop,call,0,fzxlxrnbqlhejysamchnio,turn,call,990,zbqnzxduftezcgrbxxyxux,turn,raise,990,fzxlxrnbqlhejysamchnio,turn,call,,,,,,,,,"CJ,HT,D7,C8",river,2000,2000,1,,,"S9,C3","[{'name': 'Player1', 'uuid': 'zbqnzxduftezcgrbxxyxux', 'stack': 990, 'state': 'participating'}, {'name': 'Player2', 'uuid': 'fzxlxrnbqlhejysamchnio', 'stack': 995, 'state': 'participating'}]",1000,Player1,20,1,turn,0.87,1
10,paponqmrtrlygyaupnmmli,preflop,call,1000,wvitffkfnrpvjotwgghlpx,preflop,raise,1000,paponqmrtrlygyaupnmmli,preflop,call,,,,,,,,,,,,,,,,,,,,,,,,,,river,2000,2000,1,,,"SA,CA","[{'name': 'Player1', 'uuid': 'wvitffkfnrpvjotwgghlpx', 'stack': 990, 'state': 'participating'}, {'name': 'Player2', 'uuid': 'paponqmrtrlygyaupnmmli', 'stack': 995, 'state': 'participating'}]",1000,Player1,20,1,preflop,0.83,1
10,dmtgswdnnhciprmplvzajn,preflop,call,10,nqzelnhyttunxxebciceqx,preflop,call,0,dmtgswdnnhciprmplvzajn,flop,call,0,nqzelnhyttunxxebciceqx,flop,call,0,dmtgswdnnhciprmplvzajn,turn,call,990,nqzelnhyttunxxebciceqx,turn,raise,990,dmtgswdnnhciprmplvzajn,turn,call,,,,,,,,,"CA,DA,C7,C5",river,2000,2000,1,,,"C2,C9","[{'name': 'Player1', 'uuid': 'nqzelnhyttunxxebciceqx', 'stack': 990, 'state': 'participating'}, {'name': 'Player2', 'uuid': 'dmtgswdnnhciprmplvzajn', 'stack': 995, 'state': 'participating'}]",1000,Player1,20,1,turn,0.9,1
10,mhwqtsdpznfbsmzxzvipcb,preflop,call,10,xgramtmywayhpatnnqdufa,preflop,call,990,mhwqtsdpznfbsmzxzvipcb,flop,raise,990,xgramtmywayhpatnnqdufa,flop,call,,,,,,,,,,,,,,,,,,,,,"DK,CA,ST",river,2000,0,1,,,"D9,D5","[{'name': 'Player1', 'uuid': 'xgramtmywayhpatnnqdufa', 'stack': 990, 'state': 'participating'}, {'name': 'Player2', 'uuid': 'mhwqtsdpznfbsmzxzvipcb', 'stack': 995, 'state': 'participating'}]",1000,Player1,1010,1,flop,0.32,0
10,ddrlrdncxtjfldmjbqoysr,preflop,call,10,wupbsswfqpoyoujwlrzvcc,preflop,call,0,ddrlrdncxtjfldmjbqoysr,flop,call,0,wupbsswfqpoyoujwlrzvcc,flop,call,0,ddrlrdncxtjfldmjbqoysr,turn,call,0,wupbsswfqpoyoujwlrzvcc,turn,call,0,ddrlrdncxtjfldmjbqoysr,river,call,990,wupbsswfqpoyoujwlrzvcc,river,raise,990,ddrlrdncxtjfldmjbqoysr,river,call,"SA,D8,H7,S8,H4",river,2000,2000,1,,,"S5,S6","[{'name': 'Player1', 'uuid': 'wupbsswfqpoyoujwlrzvcc', 'stack': 990, 'state': 'participating'}, {'name': 'Player2', 'uuid': 'ddrlrdncxtjfldmjbqoysr', 'stack': 995, 'state': 'participating'}]",1000,Player1,20,1,river,0.97,1
10,zjazfkymbkezkoppbhaugs,preflop,call,10,ihzfwqxhjvavtqlfblqwmm,preflop,call,990,zjazfkymbkezkoppbhaugs,flop,raise,990,ihzfwqxhjvavtqlfblqwmm,flop,call,,,,,,,,,,,,,,,,,,,,,"CT,DA,CQ",river,2000,0,1,,,"C2,D4","[{'name': 'Player1', 'uuid': 'ihzfwqxhjvavtqlfblqwmm', 'stack': 990, 'state': 'participating'}, {'name': 'Player2', 'uuid': 'zjazfkymbkezkoppbhaugs', 'stack': 995, 'state': 'participating'}]",1000,Player1,1010,1,flop,0.15,0
10,makjirpctetemipgkkglgo,preflop,call,10,jlnzngdmoiqgjjqjhxkgzn,preflop,call,0,makjirpctetemipgkkglgo,flop,call,0,jlnzngdmoiqgjjqjhxkgzn,flop,call,0,makjirpctetemipgkkglgo,turn,call,0,jlnzngdmoiqgjjqjhxkgzn,turn,call,0,makjirpctetemipgkkglgo,river,call,0,jlnzngdmoiqgjjqjhxkgzn,river,call,,,,,"D5,HJ,SQ,HT,D7",river,20,1010,1,,,"DA,C7","[{'name': 'Player1', 'uuid': 'jlnzngdmoiqgjjqjhxkgzn', 'stack': 990, 'state': 'participating'}, {'name': 'Player2', 'uuid': 'makjirpctetemipgkkglgo', 'stack': 995, 'state': 'participating'}]",1000,Player1,20,1,river,0.52,1
10,pocadbavybybotyfpvydmd,preflop,call,10,abaugfvvrgoqrihkjzdpkp,preflop,call,0,pocadbavybybotyfpvydmd,flop,call,990,abaugfvvrgoqrihkjzdpkp,flop,raise,990,pocadbavybybotyfpvydmd,flop,call,,,,,,,,,,,,,,,,,"CA,HT,CT",river,2000,2000,1,,,"HA,H3","[{'name': 'Player1', 'uuid': 'abaugfvvrgoqrihkjzdpkp', 'stack': 990, 'state': 'participating'}, {'name': 'Player2', 'uuid': 'pocadbavybybotyfpvydmd', 'stack': 995, 'state': 'participating'}]",1000,Player1,20,1,flop,0.81,1
10,qocobqmdtbyinyduycptxy,preflop,call,10,bdwmhzukeslnbdhmncleno,preflop,call,0,qocobqmdtbyinyduycptxy,flop,call,990,bdwmhzukeslnbdhmncleno,flop,raise,990,qocobqmdtbyinyduycptxy,flop,call,,,,,,,,,,,,,,,,,"SQ,H3,DK",river,2000,2000,1,,,"SJ,CQ","[{'name': 'Player1', 'uuid': 'bdwmhzukeslnbdhmncleno', 'stack': 990, 'state': 'participating'}, {'name': 'Player2', 'uuid': 'qocobqmdtbyinyduycptxy', 'stack': 995, 'state': 'participating'}]",1000,Player1,20,1,flop,0.83,1
10,trrfhqsghxphkjbnxjeiwz,preflop,call,10,duzkdzwegbkhmxokvpzcwl,preflop,call,0,trrfhqsghxphkjbnxjeiwz,flop,call,0,duzkdzwegbkhmxokvpzcwl,flop,call,990,trrfhqsghxphkjbnxjeiwz,turn,raise,990,duzkdzwegbkhmxokvpzcwl,turn,call,,,,,,,,,,,,,"C4,HT,HK,SA",river,2000,0,1,,,"C6,D8","[{'name': 'Player1', 'uuid': 'duzkdzwegbkhmxokvpzcwl', 'stack': 990, 'state': 'participating'}, {'name': 'Player2', 'uuid': 'trrfhqsghxphkjbnxjeiwz', 'stack': 995, 'state': 'participating'}]",1000,Player1,1010,1,turn,0.22,0
10,ycburjvlsmhoelpctsdoxz,preflop,call,10,ucohomzhbmpbarmxeavvgz,preflop,call,0,ycburjvlsmhoelpctsdoxz,flop,call,0,ucohomzhbmpbarmxeavvgz,flop,call,0,ycburjvlsmhoelpctsdoxz,turn,call,0,ucohomzhbmpbarmxeavvgz,turn,call,0,ycburjvlsmhoelpctsdoxz,river,call,0,ucohomzhbmpbarmxeavvgz,river,call,,,,,"D2,DQ,H3,S3,HK",river,20,1010,1,,,"C7,ST","[{'name': 'Player1', 'uuid': 'ucohomzhbmpbarmxeavvgz', 'stack': 990, 'state': 'participating'}, {'name': 'Player2', 'uuid': 'ycburjvlsmhoelpctsdoxz', 'stack': 995, 'state': 'participating'}]",1000,Player1,20,1,river,0.3,1
10,llarekevzjlhipcqoyajax,preflop,call,1000,uzwkwskjgwcvouoondzana,preflop,raise,1000,llarekevzjlhipcqoyajax,preflop,call,,,,,,,,,,,,,,,,,,,,,,,,,,river,2000,0,1,,,"HT,DT","[{'name': 'Player1', 'uuid': 'uzwkwskjgwcvouoondzana', 'stack': 990, 'state': 'participating'}, {'name': 'Player2', 'uuid': 'llarekevzjlhipcqoyajax', 'stack': 995, 'state': 'participating'}]",1000,Player1,20,1,preflop,0.73,0
10,ggikdoejlxhgdovrmajuwg,preflop,call,10,dptufzevamqkzohzwcopzn,preflop,call,0,ggikdoejlxhgdovrmajuwg,flop,call,0,dptufzevamqkzohzwcopzn,flop,call,990,ggikdoejlxhgdovrmajuwg,turn,raise,990,dptufzevamqkzohzwcopzn,turn,call,,,,,,,,,,,,,"HJ,HQ,H2,C4",river,2000,0,1,,,"H3,C8","[{'name': 'Player1', 'uuid': 'dptufzevamqkzohzwcopzn', 'stack': 990, 'state': 'participating'}, {'name': 'Player2', 'uuid': 'ggikdoejlxhgdovrmajuwg', 'stack': 995, 'state': 'participating'}]",1000,Player1,1010,1,turn,0.25,0
10,umbcspujugffmiuhrfqbyn,preflop,call,10,zkqphopyqykwhyjmzgnnxh,preflop,call,990,umbcspujugffmiuhrfqbyn,flop,raise,990,zkqphopyqykwhyjmzgnnxh,flop,call,,,,,,,,,,,,,,,,,,,,,"S2,S3,CK",river,2000,0,1,,,"C2,C6","[{'name': 'Player1', 'uuid': 'zkqphopyqykwhyjmzgnnxh', 'stack': 990, 'state': 'participating'}, {'name': 'Player2', 'uuid': 'umbcspujugffmiuhrfqbyn', 'stack': 995, 'state': 'participating'}]",1000,Player1,1010,1,flop,0.52,0
10,mkppeydtsbakvnwiqevxvn,preflop,call,10,gbmtcinzncaihomfqkgtqp,preflop,call,0,mkppeydtsbakvnwiqevxvn,flop,call,990,gbmtcinzncaihomfqkgtqp,flop,raise,990,mkppeydtsbakvnwiqevxvn,flop,call,,,,,,,,,,,,,,,,,"H4,CT,DJ",river,2000,2000,1,,,"H8,SJ","[{'name': 'Player1', 'uuid': 'gbmtcinzncaihomfqkgtqp', 'stack': 990, 'state': 'participating'}, {'name': 'Player2', 'uuid': 'mkppeydtsbakvnwiqevxvn', 'stack': 995, 'state': 'participating'}]",1000,Player1,20,1,flop,0.79,1
10,lfmpkobtaduzlwaqweivoz,preflop,call,1000,kiilhhjerxlwdxuupwhrag,preflop,raise,1000,lfmpkobtaduzlwaqweivoz,preflop,call,,,,,,,,,,,,,,,,,,,,,,,,,,river,2000,2000,1,,,"CQ,HQ","[{'name': 'Player1', 'uuid': 'kiilhhjerxlwdxuupwhrag', 'stack': 990, 'state': 'participating'}, {'name': 'Player2', 'uuid': 'lfmpkobtaduzlwaqweivoz', 'stack': 995, 'state': 'participating'}]",1000,Player1,20,1,preflop,0.8,1
10,eykgwbpblumvtmcegicbxv,preflop,call,10,qgheiazujdilgimqppyaks,preflop,call,0,eykgwbpblumvtmcegicbxv,flop,call,0,qgheiazujdilgimqppyaks,flop,call,0,eykgwbpblumvtmcegicbxv,turn,call,0,qgheiazujdilgimqppyaks,turn,call,990,eykgwbpblumvtmcegicbxv,river,raise,990,qgheiazujdilgimqppyaks,river,call,,,,,"CA,C9,S7,S4,H9",river,2000,0,1,,,"D2,ST","[{'name': 'Player1', 'uuid': 'qgheiazujdilgimqppyaks', 'stack': 990, 'state': 'participating'}, {'name': 'Player2', 'uuid': 'eykgwbpblumvtmcegicbxv', 'stack': 995, 'state': 'participating'}]",1000,Player1,1010,1,river,0.12,0
10,tjouqgjkqvmidzjvvyjvqb,preflop,call,10,urjwwowtvdnmssibhbyuhe,preflop,call,0,tjouqgjkqvmidzjvvyjvqb,flop,call,0,urjwwowtvdnmssibhbyuhe,flop,call,0,tjouqgjkqvmidzjvvyjvqb,turn,call,0,urjwwowtvdnmssibhbyuhe,turn,call,0,tjouqgjkqvmidzjvvyjvqb,river,call,0,urjwwowtvdnmssibhbyuhe,river,call,,,,,"H8,D3,C5,D9,H7",river,20,990,1,,,"SA,HK","[{'name': 'Player1', 'uuid': 'urjwwowtvdnmssibhbyuhe', 'stack': 990, 'state': 'participating'}, {'name': 'Player2', 'uuid': 'tjouqgjkqvmidzjvvyjvqb', 'stack': 995, 'state': 'participating'}]",1000,Player1,20,1,river,0.33,0
10,gqkfnwrrizzznvefzflqvj,preflop,call,10,vxmuzxonxtirgekxyloqcl,preflop,call,0,gqkfnwrrizzznvefzflqvj,flop,call,0,vxmuzxonxtirgekxyloqcl,flop,call,0,gqkfnwrrizzznvefzflqvj,turn,call,0,vxmuzxonxtirgekxyloqcl,turn,call,990,gqkfnwrrizzznvefzflqvj,river,raise,990,vxmuzxonxtirgekxyloqcl,river,call,,,,,"ST,C6,CJ,DK,SA",river,2000,0,1,,,"C9,C2","[{'name': 'Player1', 'uuid': 'vxmuzxonxtirgekxyloqcl', 'stack': 990, 'state': 'participating'}, {'name': 'Player2', 'uuid': 'gqkfnwrrizzznvefzflqvj', 'stack': 995, 'state': 'participating'}]",1000,Player1,1010,1,river,0.26,0
10,szsamwcoslcehfismivuxq,preflop,call,10,ujkfglogjldcyrwujpicdj,preflop,call,990,szsamwcoslcehfismivuxq,flop,raise,990,ujkfglogjldcyrwujpicdj,flop,call,,,,,,,,,,,,,,,,,,,,,"C7,H6,D9",river,2000,0,1,,,"S4,ST","[{'name': 'Player1', 'uuid': 'ujkfglogjldcyrwujpicdj', 'stack': 990, 'state': 'participating'}, {'name': 'Player2', 'uuid': 'szsamwcoslcehfismivuxq', 'stack': 995, 'state': 'participating'}]",1000,Player1,1010,1,flop,0.33,0
10,hyshlorxibitqkndcetmkr,preflop,call,10,bxqrrumpyeuvaxplsbfxqh,preflop,call,990,hyshlorxibitqkndcetmkr,flop,raise,990,bxqrrumpyeuvaxplsbfxqh,flop,call,,,,,,,,,,,,,,,,,,,,,"C2,C7,SJ",river,2000,0,1,,,"D3,CK","[{'name': 'Player1', 'uuid': 'bxqrrumpyeuvaxplsbfxqh', 'stack': 990, 'state': 'participating'}, {'name': 'Player2', 'uuid': 'hyshlorxibitqkndcetmkr', 'stack': 995, 'state': 'participating'}]",1000,Player1,1010,1,flop,0.42,0
10,xyvepthkwjgizvqhhnslqz,preflop,call,10,kzmxbihouqgedwiwuhxltu,preflop,call,0,xyvepthkwjgizvqhhnslqz,flop,call,990,kzmxbihouqgedwiwuhxltu,flop,raise,990,xyvepthkwjgizvqhhnslqz,flop,call,,,,,,,,,,,,,,,,,"D8,C2,HJ",river,2000,2000,1,,,"CT,C8","[{'name': 'Player1', 'uuid': 'kzmxbihouqgedwiwuhxltu', 'stack': 990, 'state': 'participating'}, {'name': 'Player2', 'uuid': 'xyvepthkwjgizvqhhnslqz', 'stack': 995, 'state': 'participating'}]",1000,Player1,20,1,flop,0.75,1
10,jzxfmbzxclsmmmkfioogww,preflop,call,10,jtmmpaggtntuthibiamuzi,preflop,call,0,jzxfmbzxclsmmmkfioogww,flop,call,0,jtmmpaggtntuthibiamuzi,flop,call,0,jzxfmbzxclsmmmkfioogww,turn,call,0,jtmmpaggtntuthibiamuzi,turn,call,0,jzxfmbzxclsmmmkfioogww,river,call,0,jtmmpaggtntuthibiamuzi,river,call,,,,,"H8,C3,H9,D6,C6",river,20,1010,1,,,"C5,S5","[{'name': 'Player1', 'uuid': 'jtmmpaggtntuthibiamuzi', 'stack': 990, 'state': 'participating'}, {'name': 'Player2', 'uuid': 'jzxfmbzxclsmmmkfioogww', 'stack': 995, 'state': 'participating'}]",1000,Player1,20,1,river,0.58,1
10,coraxobvenllvzycmvfjup,preflop,call,10,ffclpjqtwlqrxtrkutpdvc,preflop,call,990,coraxobvenllvzycmvfjup,flop,raise,990,ffclpjqtwlqrxtrkutpdvc,flop,call,,,,,,,,,,,,,,,,,,,,,"H2,SQ,DK",river,2000,0,1,,,"CA,D3","[{'name': 'Player1', 'uuid': 'ffclpjqtwlqrxtrkutpdvc', 'stack': 990, 'state': 'participating'}, {'name': 'Player2', 'uuid': 'coraxobvenllvzycmvfjup', 'stack': 995, 'state': 'participating'}]",1000,Player1,1010,1,flop,0.52,0
10,gbzawigpggvsrkeqmzjpeh,preflop,call,10,cboonfxpwzfezuqixcyvap,preflop,call,990,gbzawigpggvsrkeqmzjpeh,flop,raise,990,cboonfxpwzfezuqixcyvap,flop,call,,,,,,,,,,,,,,,,,,,,,"S4,DJ,DT",river,2000,0,1,,,"D5,H8","[{'name': 'Player1', 'uuid': 'cboonfxpwzfezuqixcyvap', 'stack': 990, 'state': 'participating'}, {'name': 'Player2', 'uuid': 'gbzawigpggvsrkeqmzjpeh', 'stack': 995, 'state': 'participating'}]",1000,Player1,1010,1,flop,0.28,0
10,nqzzlfhfiuvqtlotmouxsf,preflop,call,10,cvfooublszlukuubfeyuie,preflop,call,0,nqzzlfhfiuvqtlotmouxsf,flop,call,0,cvfooublszlukuubfeyuie,flop,call,0,nqzzlfhfiuvqtlotmouxsf,turn,call,0,cvfooublszlukuubfeyuie,turn,call,0,nqzzlfhfiuvqtlotmouxsf,river,call,0,cvfooublszlukuubfeyuie,river,call,,,,,"S3,S5,SQ,CK,H6",river,20,990,1,,,"DJ,S9","[{'name': 'Player1', 'uuid': 'cvfooublszlukuubfeyuie', 'stack': 990, 'state': 'participating'}, {'name': 'Player2', 'uuid': 'nqzzlfhfiuvqtlotmouxsf', 'stack': 995, 'state': 'participating'}]",1000,Player1,20,1,river,0.22,0
10,beydnenzcvmgbmarkthsyf,preflop,call,10,dwuacxlvdipnppeapmeckb,preflop,call,0,beydnenzcvmgbmarkthsyf,flop,call,0,dwuacxlvdipnppeapmeckb,flop,call,990,beydnenzcvmgbmarkthsyf,turn,raise,990,dwuacxlvdipnppeapmeckb,turn,call,,,,,,,,,,,,,"H9,DT,HA,CK",river,2000,0,1,,,"S3,H7","[{'name': 'Player1', 'uuid': 'dwuacxlvdipnppeapmeckb', 'stack': 990, 'state': 'participating'}, {'name': 'Player2', 'uuid': 'beydnenzcvmgbmarkthsyf', 'stack': 995, 'state': 'participating'}]",1000,Player1,1010,1,turn,0.2,0
10,mnrqqcgkghyzvaonstkftv,preflop,call,10,lggkpppuofoyrmaakqeaqk,preflop,call,0,mnrqqcgkghyzvaonstkftv,flop,call,0,lggkpppuofoyrmaakqeaqk,flop,call,0,mnrqqcgkghyzvaonstkftv,turn,call,0,lggkpppuofoyrmaakqeaqk,turn,call,0,mnrqqcgkghyzvaonstkftv,river,call,0,lggkpppuofoyrmaakqeaqk,river,call,,,,,"H3,S3,H8,C5,H9",river,20,990,1,,,"C4,DA","[{'name': 'Player1', 'uuid': 'lggkpppuofoyrmaakqeaqk', 'stack': 990, 'state': 'participating'}, {'name': 'Player2', 'uuid': 'mnrqqcgkghyzvaonstkftv', 'stack': 995, 'state': 'participating'}]",1000,Player1,20,1,river,0.36,0
10,jltuwjqktprdubzmolqutl,preflop,call,10,hpbzcbcxsgwjiclphcjcoc,preflop,call,990,jltuwjqktprdubzmolqutl,flop,raise,990,hpbzcbcxsgwjiclphcjcoc,flop,call,,,,,,,,,,,,,,,,,,,,,"D5,C2,C4",river,2000,0,1,,,"CA,HQ","[{'name': 'Player1', 'uuid': 'hpbzcbcxsgwjiclphcjcoc', 'stack': 990, 'state': 'participating'}, {'name': 'Player2', 'uuid': 'jltuwjqktprdubzmolqutl', 'stack': 995, 'state': 'participating'}]",1000,Player1,1010,1,flop,0.39,0
10,mzphcmaflrkwwpuygieskn,preflop,call,10,tdtxwzcxpowsgzdsnlxpxu,preflop,call,0,mzphcmaflrkwwpuygieskn,flop,call,990,tdtxwzcxpowsgzdsnlxpxu,flop,raise,-1,mzphcmaflrkwwpuygieskn,flop,raise,,,,,,,,,,,,,,,,,"HA,S9,DT",flop,1010,1010,1,,,"DA,HQ","[{'name': 'Player1', 'uuid': 'tdtxwzcxpowsgzdsnlxpxu', 'stack': 990, 'state': 'participating'}, {'name': 'Player2', 'uuid': 'mzphcmaflrkwwpuygieskn', 'stack': 995, 'state': 'participating'}]",1000,Player1,20,1,flop,0.89,1
10,eklyqasjisyxlcnqxokqlg,preflop,call,10,micwdeftvctswyxmtujsjl,preflop,call,0,eklyqasjisyxlcnqxokqlg,flop,call,0,micwdeftvctswyxmtujsjl,flop,call,0,eklyqasjisyxlcnqxokqlg,turn,call,0,micwdeftvctswyxmtujsjl,turn,call,0,eklyqasjisyxlcnqxokqlg,river,call,0,micwdeftvctswyxmtujsjl,river,call,,,,,"CK,DJ,S7,S6,S3",river,20,1010,1,,,"HQ,H6","[{'name': 'Player1', 'uuid': 'micwdeftvctswyxmtujsjl', 'stack': 990, 'state': 'participating'}, {'name': 'Player2', 'uuid': 'eklyqasjisyxlcnqxokqlg', 'stack': 995, 'state': 'participating'}]",1000,Player1,20,1,river,0.63,1
10,nbunqjpabjvqaaxexftuqp,preflop,call,10,batavvtshwinkblrbfdeoi,preflop,call,990,nbunqjpabjvqaaxexftuqp,flop,raise,990,batavvtshwinkblrbfdeoi,flop,call,,,,,,,,,,,,,,,,,,,,,"S6,H6,S2",river,2000,0,1,,,"D7,SJ","[{'name': 'Player1', 'uuid': 'batavvtshwinkblrbfdeoi', 'stack': 990, 'state': 'participating'}, {'name': 'Player2', 'uuid': 'nbunqjpabjvqaaxexftuqp', 'stack': 995, 'state': 'participating'}]",1000,Player1,1010,1,flop,0.39,0
10,gwqatvihufekpzsymtknxq,preflop,call,10,ubxjljqsvblkczyxklwcqr,preflop,call,0,gwqatvihufekpzsymtknxq,flop,call,990,ubxjljqsvblkczyxklwcqr,flop,raise,990,gwqatvihufekpzsymtknxq,flop,call,,,,,,,,,,,,,,,,,"DQ,HK,C7",river,2000,0,1,,,"HA,SQ","[{'name': 'Player1', 'uuid': 'ubxjljqsvblkczyxklwcqr', 'stack': 990, 'state': 'participating'}, {'name': 'Player2', 'uuid': 'gwqatvihufekpzsymtknxq', 'stack': 995, 'state': 'participating'}]",1000,Player1,20,1,flop,0.82,0
10,njxmvxhykcktdswrvcyesm,preflop,call,10,jlredyeiioalqsknvtstgl,preflop,call,0,njxmvxhykcktdswrvcyesm,flop,call,0,jlredyeiioalqsknvtstgl,flop,call,0,njxmvxhykcktdswrvcyesm,turn,call,0,jlredyeiioalqsknvtstgl,turn,call,0,njxmvxhykcktdswrvcyesm,river,call,0,jlredyeiioalqsknvtstgl,river,call,,,,,"C2,DT,ST,HA,HQ",river,20,990,1,,,"C4,D6","[{'name': 'Player1', 'uuid': 'jlredyeiioalqsknvtstgl', 'stack': 990, 'state': 'participating'}, {'name': 'Player2', 'uuid': 'njxmvxhykcktdswrvcyesm', 'stack': 995, 'state': 'participating'}]",1000,Player1,20,1,river,0.06,0
10,trbyzqfuwhyqqfyielqocr,preflop,call,10,fubfcvfqicoefvhohtmxvi,preflop,call,0,trbyzqfuwhyqqfyielqocr,flop,call,990,fubfcvfqicoefvhohtmxvi,flop,raise,-1,trbyzqfuwhyqqfyielqocr,flop,raise,,,,,,,,,,,,,,,,,"H5,SA,S9",flop,1010,1010,1,,,"C4,DA","[{'name': 'Player1', 'uuid': 'fubfcvfqicoefvhohtmxvi', 'stack': 990, 'state': 'participating'}, {'name': 'Player2', 'uuid': 'trbyzqfuwhyqqfyielqocr', 'stack': 995, 'state': 'participating'}]",1000,Player1,20,1,flop,0.93,1
10,yqlyuszhnsgrbpfjejebdk,preflop,call,10,mzyygenlmfixmtczlzifdf,preflop,call,0,yqlyuszhnsgrbpfjejebdk,flop,call,0,mzyygenlmfixmtczlzifdf,flop,call,0,yqlyuszhnsgrbpfjejebdk,turn,call,0,mzyygenlmfixmtczlzifdf,turn,call,0,yqlyuszhnsgrbpfjejebdk,river,call,0,mzyygenlmfixmtczlzifdf,river,call,,,,,"H7,C4,H6,DJ,C9",river,20,990,1,,,"HQ,D3","[{'name': 'Player1', 'uuid': 'mzyygenlmfixmtczlzifdf', 'stack': 990, 'state': 'participating'}, {'name': 'Player2', 'uuid': 'yqlyuszhnsgrbpfjejebdk', 'stack': 995, 'state': 'participating'}]",1000,Player1,20,1,river,0.18,0
10,fbrczqbkncgmnvkbhmisxp,preflop,call,10,nhcuxcboizqrtgfjykzlwd,preflop,call,0,fbrczqbkncgmnvkbhmisxp,flop,call,0,nhcuxcboizqrtgfjykzlwd,flop,call,0,fbrczqbkncgmnvkbhmisxp,turn,call,0,nhcuxcboizqrtgfjykzlwd,turn,call,0,fbrczqbkncgmnvkbhmisxp,river,call,0,nhcuxcboizqrtgfjykzlwd,river,call,,,,,"SJ,H9,HK,HJ,SK",river,20,990,1,,,"C2,D4","[{'name': 'Player1', 'uuid': 'nhcuxcboizqrtgfjykzlwd', 'stack': 990, 'state': 'participating'}, {'name': 'Player2', 'uuid': 'fbrczqbkncgmnvkbhmisxp', 'stack': 995, 'state': 'participating'}]",1000,Player1,20,1,river,0.02,0
10,rjozvyipcyvhjqqccjwnja,preflop,call,10,ykfgtskmwpvirnjkpkmepx,preflop,call,0,rjozvyipcyvhjqqccjwnja,flop,call,0,ykfgtskmwpvirnjkpkmepx,flop,call,0,rjozvyipcyvhjqqccjwnja,turn,call,0,ykfgtskmwpvirnjkpkmepx,turn,call,0,rjozvyipcyvhjqqccjwnja,river,call,0,ykfgtskmwpvirnjkpkmepx,river,call,,,,,"SQ,H4,S4,C2,D6",river,20,990,1,,,"DA,H3","[{'name': 'Player1', 'uuid': 'ykfgtskmwpvirnjkpkmepx', 'stack': 990, 'state': 'participating'}, {'name': 'Player2', 'uuid': 'rjozvyipcyvhjqqccjwnja', 'stack': 995, 'state': 'participating'}]",1000,Player1,20,1,river,0.37,0
10,jywdzbjyhgtkwcgsaxgugq,preflop,call,1000,azbvrciwfmihgsllpkfuar,preflop,raise,1000,jywdzbjyhgtkwcgsaxgugq,preflop,call,,,,,,,,,,,,,,,,,,,,,,,,,,river,2000,0,1,,,"HA,DT","[{'name': 'Player1', 'uuid': 'azbvrciwfmihgsllpkfuar', 'stack': 990, 'state': 'participating'}, {'name': 'Player2', 'uuid': 'jywdzbjyhgtkwcgsaxgugq', 'stack': 995, 'state': 'participating'}]",1000,Player1,20,1,preflop,0.7,0
10,pcujjqjhlpbjxycuntndme,preflop,call,10,vckpbaxurjvocofgywjnrz,preflop,call,0,pcujjqjhlpbjxycuntndme,flop,call,0,vckpbaxurjvocofgywjnrz,flop,call,0,pcujjqjhlpbjxycuntndme,turn,call,0,vckpbaxurjvocofgywjnrz,turn,call,990,pcujjqjhlpbjxycuntndme,river,raise,990,vckpbaxurjvocofgywjnrz,river,call,,,,,"C4,D9,HQ,H9,DJ",river,2000,0,1,,,"H5,ST","[{'name': 'Player1', 'uuid': 'vckpbaxurjvocofgywjnrz', 'stack': 990, 'state': 'participating'}, {'name': 'Player2', 'uuid': 'pcujjqjhlpbjxycuntndme', 'stack': 995, 'state': 'participating'}]",1000,Player1,1010,1,river,0.21,0
10,lytfrtdzznydkrjedbrqwj,preflop,call,10,mjndgekohuuazqxnjsmgwu,preflop,call,990,lytfrtdzznydkrjedbrqwj,flop,raise,990,mjndgekohuuazqxnjsmgwu,flop,call,,,,,,,,,,,,,,,,,,,,,"C5,SK,C3",river,2000,0,1,,,"CA,SQ","[{'name': 'Player1', 'uuid': 'mjndgekohuuazqxnjsmgwu', 'stack': 990, 'state': 'participating'}, {'name': 'Player2', 'uuid': 'lytfrtdzznydkrjedbrqwj', 'stack': 995, 'state': 'participating'}]",1000,Player1,1010,1,flop,0.51,0
10,almgapiflorxupxwolaldj,preflop,call,10,gqaehizfkejllqnewfltoz,preflop,call,990,almgapiflorxupxwolaldj,flop,raise,-1,gqaehizfkejllqnewfltoz,flop,raise,,,,,,,,,,,,,,,,,,,,,"H9,C7,HA",flop,1010,990,1,,,"SA,H5","[{'name': 'Player1', 'uuid': 'gqaehizfkejllqnewfltoz', 'stack': 990, 'state': 'participating'}, {'name': 'Player2', 'uuid': 'almgapiflorxupxwolaldj', 'stack': 995, 'state': 'participating'}]",1000,Player1,1010,1,flop,0.79,0
10,kzvmtayvyfyutppddsahdf,preflop,call,10,hwfgoquojyagawcfkuysli,preflop,call,990,kzvmtayvyfyutppddsahdf,flop,raise,990,hwfgoquojyagawcfkuysli,flop,call,,,,,,,,,,,,,,,,,,,,,"CA,S4,HT",river,2000,0,1,,,"D2,S8","[{'name': 'Player1', 'uuid': 'hwfgoquojyagawcfkuysli', 'stack': 990, 'state': 'participating'}, {'name': 'Player2', 'uuid': 'kzvmtayvyfyutppddsahdf', 'stack': 995, 'state': 'participating'}]",1000,Player1,1010,1,flop,0.18,0
10,lifuozpqqujgzfpqebsgnx,preflop,call,10,kantewwhldhttlchslgwer,preflop,call,0,lifuozpqqujgzfpqebsgnx,flop,call,0,kantewwhldhttlchslgwer,flop,call,0,lifuozpqqujgzfpqebsgnx,turn,call,0,kantewwhldhttlchslgwer,turn,call,0,lifuozpqqujgzfpqebsgnx,river,call,990,kantewwhldhttlchslgwer,river,raise,990,lifuozpqqujgzfpqebsgnx,river,call,"HK,HT,C3,H8,H5",river,2000,2000,1,,,"D3,H9","[{'name': 'Player1', 'uuid': 'kantewwhldhttlchslgwer', 'stack': 990, 'state': 'participating'}, {'name': 'Player2', 'uuid': 'lifuozpqqujgzfpqebsgnx', 'stack': 995, 'state': 'participating'}]",1000,Player1,20,1,river,0.78,1
10,llwmgmnibtdggcktzuzwti,preflop,call,10,gnvzqtzajkhniqrddykgch,preflop,call,0,llwmgmnibtdggcktzuzwti,flop,call,0,gnvzqtzajkhniqrddykgch,flop,call,0,llwmgmnibtdggcktzuzwti,turn,call,0,gnvzqtzajkhniqrddykgch,turn,call,0,llwmgmnibtdggcktzuzwti,river,call,0,gnvzqtzajkhniqrddykgch,river,call,,,,,"HJ,S9,C9,DT,DJ",river,20,990,1,,,"CA,D3","[{'name': 'Player1', 'uuid': 'gnvzqtzajkhniqrddykgch', 'stack': 990, 'state': 'participating'}, {'name': 'Player2', 'uuid': 'llwmgmnibtdggcktzuzwti', 'stack': 995, 'state': 'participating'}]",1000,Player1,20,1,river,0.49,0
10,kuebsgttcsbdtzhvvrmxbr,preflop,call,10,jtakzycjrhjdggzfevlazz,preflop,call,0,kuebsgttcsbdtzhvvrmxbr,flop,call,0,jtakzycjrhjdggzfevlazz,flop,call,0,kuebsgttcsbdtzhvvrmxbr,turn,call,0,jtakzycjrhjdggzfevlazz,turn,call,0,kuebsgttcsbdtzhvvrmxbr,river,call,0,jtakzycjrhjdggzfevlazz,river,call,,,,,"C2,DJ,SA,ST,SQ",river,20,990,1,,,"C5,C4","[{'name': 'Player1', 'uuid': 'jtakzycjrhjdggzfevlazz', 'stack': 990, 'state': 'participating'}, {'name': 'Player2', 'uuid': 'kuebsgttcsbdtzhvvrmxbr', 'stack': 995, 'state': 'participating'}]",1000,Player1,20,1,river,0.03,0
10,nhopdalewsgzfkyslzartp,preflop,call,10,zczgoswicuobgwyhwmjetv,preflop,call,0,nhopdalewsgzfkyslzartp,flop,call,0,zczgoswicuobgwyhwmjetv,flop,call,0,nhopdalewsgzfkyslzartp,turn,call,0,zczgoswicuobgwyhwmjetv,turn,call,990,nhopdalewsgzfkyslzartp,river,raise,990,zczgoswicuobgwyhwmjetv,river,call,,,,,"CJ,DJ,SK,SJ,C2",river,2000,0,1,,,"S5,H9","[{'name': 'Player1', 'uuid': 'zczgoswicuobgwyhwmjetv', 'stack': 990, 'state': 'participating'}, {'name': 'Player2', 'uuid': 'nhopdalewsgzfkyslzartp', 'stack': 995, 'state': 'participating'}]",1000,Player1,1010,1,river,0.19,0
10,xwvkoeeaycbuhjqihtkghp,preflop,call,10,mepcazgmxdurcoupubobkj,preflop,call,0,xwvkoeeaycbuhjqihtkghp,flop,call,0,mepcazgmxdurcoupubobkj,flop,call,0,xwvkoeeaycbuhjqihtkghp,turn,call,0,mepcazgmxdurcoupubobkj,turn,call,0,xwvkoeeaycbuhjqihtkghp,river,call,0,mepcazgmxdurcoupubobkj,river,call,,,,,"H4,D7,H5,D2,C4",river,20,990,1,,,"H9,H3","[{'name': 'Player1', 'uuid': 'mepcazgmxdurcoupubobkj', 'stack': 990, 'state': 'participating'}, {'name': 'Player2', 'uuid': 'xwvkoeeaycbuhjqihtkghp', 'stack': 995, 'state': 'participating'}]",1000,Player1,20,1,river,0.01,0
10,cqsgwfquterhzcnabymahv,preflop,call,10,hqstcxofrozdfyqkzgxvmo,preflop,call,990,cqsgwfquterhzcnabymahv,flop,raise,990,hqstcxofrozdfyqkzgxvmo,flop,call,,,,,,,,,,,,,,,,,,,,,"D6,HJ,H6",river,2000,0,1,,,"D8,SA","[{'name': 'Player1', 'uuid': 'hqstcxofrozdfyqkzgxvmo', 'stack': 990, 'state': 'participating'}, {'name': 'Player2', 'uuid': 'cqsgwfquterhzcnabymahv', 'stack': 995, 'state': 'participating'}]",1000,Player1,1010,1,flop,0.56,0
10,ifyvpwgbvcbeuiowuxfmtb,preflop,call,10,iupfjyyeusdfkxfmbqmqss,preflop,call,0,ifyvpwgbvcbeuiowuxfmtb,flop,call,0,iupfjyyeusdfkxfmbqmqss,flop,call,0,ifyvpwgbvcbeuiowuxfmtb,turn,call,0,iupfjyyeusdfkxfmbqmqss,turn,call,990,ifyvpwgbvcbeuiowuxfmtb,river,raise,990,iupfjyyeusdfkxfmbqmqss,river,call,,,,,"H2,DT,S4,C9,HQ",river,2000,0,1,,,"D5,CK","[{'name': 'Player1', 'uuid': 'iupfjyyeusdfkxfmbqmqss', 'stack': 990, 'state': 'participating'}, {'name': 'Player2', 'uuid': 'ifyvpwgbvcbeuiowuxfmtb', 'stack': 995, 'state': 'participating'}]",1000,Player1,1010,1,river,0.26,0
10,adamwyrrrkdlurrfvxrzdh,preflop,call,10,gutmmnfcheplsbpwupjxts,preflop,call,990,adamwyrrrkdlurrfvxrzdh,flop,raise,990,gutmmnfcheplsbpwupjxts,flop,call,,,,,,,,,,,,,,,,,,,,,"C2,CT,S4",river,2000,0,1,,,"D5,HA","[{'name': 'Player1', 'uuid': 'gutmmnfcheplsbpwupjxts', 'stack': 990, 'state': 'participating'}, {'name': 'Player2', 'uuid': 'adamwyrrrkdlurrfvxrzdh', 'stack': 995, 'state': 'participating'}]",1000,Player1,1010,1,flop,0.65,0
10,xyhsdhnrgntvmwnnvvljbn,preflop,call,10,njxdpfvopeofendisbqasl,preflop,call,0,xyhsdhnrgntvmwnnvvljbn,flop,call,0,njxdpfvopeofendisbqasl,flop,call,0,xyhsdhnrgntvmwnnvvljbn,turn,call,0,njxdpfvopeofendisbqasl,turn,call,0,xyhsdhnrgntvmwnnvvljbn,river,call,990,njxdpfvopeofendisbqasl,river,raise,990,xyhsdhnrgntvmwnnvvljbn,river,call,"C5,C7,CQ,H6,SA",river,2000,2000,1,,,"DA,D9","[{'name': 'Player1', 'uuid': 'njxdpfvopeofendisbqasl', 'stack': 990, 'state': 'participating'}, {'name': 'Player2', 'uuid': 'xyhsdhnrgntvmwnnvvljbn', 'stack': 995, 'state': 'participating'}]",1000,Player1,20,1,river,0.79,1
10,mkyvnssbrxeqbddrtwsdrt,preflop,call,10,qpegxzjbvwapddtcdqiqil,preflop,call,0,mkyvnssbrxeqbddrtwsdrt,flop,call,0,qpegxzjbvwapddtcdqiqil,flop,call,0,mkyvnssbrxeqbddrtwsdrt,turn,call,0,qpegxzjbvwapddtcdqiqil,turn,call,0,mkyvnssbrxeqbddrtwsdrt,river,call,0,qpegxzjbvwapddtcdqiqil,river,call,,,,,"HJ,HQ,DT,H3,S5",river,20,1010,1,,,"C9,H6","[{'name': 'Player1', 'uuid': 'qpegxzjbvwapddtcdqiqil', 'stack': 990, 'state': 'participating'}, {'name': 'Player2', 'uuid': 'mkyvnssbrxeqbddrtwsdrt', 'stack': 995, 'state': 'participating'}]",1000,Player1,20,1,river,0.13,1
10,wnqoaybqwbelusszbojary,preflop,call,10,nokvvnzoqxjhqkwqgtbuom,preflop,call,0,wnqoaybqwbelusszbojary,flop,call,990,nokvvnzoqxjhqkwqgtbuom,flop,raise,990,wnqoaybqwbelusszbojary,flop,call,,,,,,,,,,,,,,,,,"S7,S2,H8",river,2000,0,1,,,"SQ,S8","[{'name': 'Player1', 'uuid': 'nokvvnzoqxjhqkwqgtbuom', 'stack': 990, 'state': 'participating'}, {'name': 'Player2', 'uuid': 'wnqoaybqwbelusszbojary', 'stack': 995, 'state': 'participating'}]",1000,Player1,20,1,flop,0.78,0
10,zvqrqycsftxwtllwdkjzrn,preflop,call,10,prrrycybeofgapmvjtikec,preflop,call,0,zvqrqycsftxwtllwdkjzrn,flop,call,0,prrrycybeofgapmvjtikec,flop,call,0,zvqrqycsftxwtllwdkjzrn,turn,call,0,prrrycybeofgapmvjtikec,turn,call,0,zvqrqycsftxwtllwdkjzrn,river,call,0,prrrycybeofgapmvjtikec,river,call,,,,,"D5,SJ,H5,H9,H7",river,20,1010,1,,,"S3,HA","[{'name': 'Player1', 'uuid': 'prrrycybeofgapmvjtikec', 'stack': 990, 'state': 'participating'}, {'name': 'Player2', 'uuid': 'zvqrqycsftxwtllwdkjzrn', 'stack': 995, 'state': 'participating'}]",1000,Player1,20,1,river,0.45,1
10,xalynnsokvktuuxmebdpor,preflop,call,10,vkcyijwgyiuyffwgdkmitb,preflop,call,990,xalynnsokvktuuxmebdpor,flop,raise,990,vkcyijwgyiuyffwgdkmitb,flop,call,,,,,,,,,,,,,,,,,,,,,"D6,S9,D7",river,2000,2000,1,,,"CJ,C8","[{'name': 'Player1', 'uuid': 'vkcyijwgyiuyffwgdkmitb', 'stack': 990, 'state': 'participating'}, {'name': 'Player2', 'uuid': 'xalynnsokvktuuxmebdpor', 'stack': 995, 'state': 'participating'}]",1000,Player1,1010,1,flop,0.43,1
10,qzolfheurbvxibgxffnhvt,preflop,call,10,ypdxcadhigamnvoqkewqbm,preflop,call,0,qzolfheurbvxibgxffnhvt,flop,call,0,ypdxcadhigamnvoqkewqbm,flop,call,0,qzolfheurbvxibgxffnhvt,turn,call,990,ypdxcadhigamnvoqkewqbm,turn,raise,990,qzolfheurbvxibgxffnhvt,turn,call,,,,,,,,,"D8,SK,S9,CA",river,2000,2000,1,,,"DA,H3","[{'name': 'Player1', 'uuid': 'ypdxcadhigamnvoqkewqbm', 'stack': 990, 'state': 'participating'}, {'name': 'Player2', 'uuid': 'qzolfheurbvxibgxffnhvt', 'stack': 995, 'state': 'participating'}]",1000,Player1,20,1,turn,0.86,1
10,jxpnaljhavhznairkhrvep,preflop,call,10,ztcuuuhbahnbmebzrprwti,preflop,call,990,jxpnaljhavhznairkhrvep,flop,raise,-1,ztcuuuhbahnbmebzrprwti,flop,raise,,,,,,,,,,,,,,,,,,,,,"SQ,HK,H5",flop,1010,990,1,,,"C8,DQ","[{'name': 'Player1', 'uuid': 'ztcuuuhbahnbmebzrprwti', 'stack': 990, 'state': 'participating'}, {'name': 'Player2', 'uuid': 'jxpnaljhavhznairkhrvep', 'stack': 995, 'state': 'participating'}]",1000,Player1,1010,1,flop,0.76,0
10,hlbvtqhregecfugnvrmyjn,preflop,call,10,ucdlnynxmymclobxcgkzsf,preflop,call,0,hlbvtqhregecfugnvrmyjn,flop,call,0,ucdlnynxmymclobxcgkzsf,flop,call,0,hlbvtqhregecfugnvrmyjn,turn,call,0,ucdlnynxmymclobxcgkzsf,turn,call,0,hlbvtqhregecfugnvrmyjn,river,call,990,ucdlnynxmymclobxcgkzsf,river,raise,990,hlbvtqhregecfugnvrmyjn,river,call,"S7,D4,S4,SJ,CA",river,2000,2000,1,,,"HT,CJ","[{'name': 'Player1', 'uuid': 'ucdlnynxmymclobxcgkzsf', 'stack': 990, 'state': 'participating'}, {'name': 'Player2', 'uuid': 'hlbvtqhregecfugnvrmyjn', 'stack': 995, 'state': 'participating'}]",1000,Player1,20,1,river,0.76,1
10,ioszempqyajstoumqampqs,preflop,call,10,sktekgxmzyblihaipdrpju,preflop,call,0,ioszempqyajstoumqampqs,flop,call,0,sktekgxmzyblihaipdrpju,flop,call,0,ioszempqyajstoumqampqs,turn,call,0,sktekgxmzyblihaipdrpju,turn,call,990,ioszempqyajstoumqampqs,river,raise,990,sktekgxmzyblihaipdrpju,river,call,,,,,"D3,C6,S2,H8,SJ",river,2000,0,1,,,"H9,D6","[{'name': 'Player1', 'uuid': 'sktekgxmzyblihaipdrpju', 'stack': 990, 'state': 'participating'}, {'name': 'Player2', 'uuid': 'ioszempqyajstoumqampqs', 'stack': 995, 'state': 'participating'}]",1000,Player1,1010,1,river,0.67,0
10,heagklpxrmugqxwdaugkgl,preflop,call,10,avxdpsckyxbbnxefaklluu,preflop,call,990,heagklpxrmugqxwdaugkgl,flop,raise,990,avxdpsckyxbbnxefaklluu,flop,call,,,,,,,,,,,,,,,,,,,,,"H4,SK,C2",river,2000,0,1,,,"DQ,CJ","[{'name': 'Player1', 'uuid': 'avxdpsckyxbbnxefaklluu', 'stack': 990, 'state': 'participating'}, {'name': 'Player2', 'uuid': 'heagklpxrmugqxwdaugkgl', 'stack': 995, 'state': 'participating'}]",1000,Player1,1010,1,flop,0.46,0
10,vwvgcvcqpaacfalqgrbpfl,preflop,call,10,gbblxqjdhvcwzctxazzawp,preflop,call,0,vwvgcvcqpaacfalqgrbpfl,flop,call,0,gbblxqjdhvcwzctxazzawp,flop,call,0,vwvgcvcqpaacfalqgrbpfl,turn,call,0,gbblxqjdhvcwzctxazzawp,turn,call,0,vwvgcvcqpaacfalqgrbpfl,river,call,0,gbblxqjdhvcwzctxazzawp,river,call,,,,,"H8,S3,D3,DK,S9",river,20,990,1,,,"C4,ST","[{'name': 'Player1', 'uuid': 'gbblxqjdhvcwzctxazzawp', 'stack': 990, 'state': 'participating'}, {'name': 'Player2', 'uuid': 'vwvgcvcqpaacfalqgrbpfl', 'stack': 995, 'state': 'participating'}]",1000,Player1,20,1,river,0.1,0
10,cmhhvrqkbgvrtnlsmyylkx,preflop,call,10,euuqfdltcjrnmpgllmsvus,preflop,call,0,cmhhvrqkbgvrtnlsmyylkx,flop,call,0,euuqfdltcjrnmpgllmsvus,flop,call,0,cmhhvrqkbgvrtnlsmyylkx,turn,call,0,euuqfdltcjrnmpgllmsvus,turn,call,0,cmhhvrqkbgvrtnlsmyylkx,river,call,0,euuqfdltcjrnmpgllmsvus,river,call,,,,,"H8,DK,SA,H3,CQ",river,20,1010,1,,,"H2,DT","[{'name': 'Player1', 'uuid': 'euuqfdltcjrnmpgllmsvus', 'stack': 990, 'state': 'participating'}, {'name': 'Player2', 'uuid': 'cmhhvrqkbgvrtnlsmyylkx', 'stack': 995, 'state': 'participating'}]",1000,Player1,20,1,river,0.24,1
10,umqmmizggplmugkwlsurpz,preflop,call,10,pdnfcdqydhspkjcikncitj,preflop,call,0,umqmmizggplmugkwlsurpz,flop,call,0,pdnfcdqydhspkjcikncitj,flop,call,0,umqmmizggplmugkwlsurpz,turn,call,0,pdnfcdqydhspkjcikncitj,turn,call,0,umqmmizggplmugkwlsurpz,river,call,0,pdnfcdqydhspkjcikncitj,river,call,,,,,"D7,C2,DJ,CQ,H7",river,20,1000,1,,,"H6,H9","[{'name': 'Player1', 'uuid': 'pdnfcdqydhspkjcikncitj', 'stack': 990, 'state': 'participating'}, {'name': 'Player2', 'uuid': 'umqmmizggplmugkwlsurpz', 'stack': 995, 'state': 'participating'}]",1000,Player1,20,1,river,0.24,1
10,owhhjwhbtipwrkmorwvswd,preflop,call,10,vbraymuusakcjzpeiqkfxu,preflop,call,0,owhhjwhbtipwrkmorwvswd,flop,call,990,vbraymuusakcjzpeiqkfxu,flop,raise,990,owhhjwhbtipwrkmorwvswd,flop,call,,,,,,,,,,,,,,,,,"C4,D8,CJ",river,2000,0,1,,,"SJ,SK","[{'name': 'Player1', 'uuid': 'vbraymuusakcjzpeiqkfxu', 'stack': 990, 'state': 'participating'}, {'name': 'Player2', 'uuid': 'owhhjwhbtipwrkmorwvswd', 'stack': 995, 'state': 'participating'}]",1000,Player1,20,1,flop,0.84,0
10,haorxsifsycjbrxrclwyki,preflop,call,10,nsypvvlgghostbpnflwcki,preflop,call,0,haorxsifsycjbrxrclwyki,flop,call,0,nsypvvlgghostbpnflwcki,flop,call,0,haorxsifsycjbrxrclwyki,turn,call,0,nsypvvlgghostbpnflwcki,turn,call,0,haorxsifsycjbrxrclwyki,river,call,0,nsypvvlgghostbpnflwcki,river,call,,,,,"S7,HK,HT,S4,DT",river,20,1010,1,,,"C7,S5","[{'name': 'Player1', 'uuid': 'nsypvvlgghostbpnflwcki', 'stack': 990, 'state': 'participating'}, {'name': 'Player2', 'uuid': 'haorxsifsycjbrxrclwyki', 'stack': 995, 'state': 'participating'}]",1000,Player1,20,1,river,0.62,1
10,wpeiqlfwicnaofnhusqfpg,preflop,call,10,vatvozclwespbmwvaysfed,preflop,call,0,wpeiqlfwicnaofnhusqfpg,flop,call,990,vatvozclwespbmwvaysfed,flop,raise,990,wpeiqlfwicnaofnhusqfpg,flop,call,,,,,,,,,,,,,,,,,"C4,CJ,S8",river,2000,2000,1,,,"DJ,D5","[{'name': 'Player1', 'uuid': 'vatvozclwespbmwvaysfed', 'stack': 990, 'state': 'participating'}, {'name': 'Player2', 'uuid': 'wpeiqlfwicnaofnhusqfpg', 'stack': 995, 'state': 'participating'}]",1000,Player1,20,1,flop,0.73,1
10,maayjjbrsxqfqwyfbctrsb,preflop,call,10,oszckwapvtxefvongqhdmd,preflop,call,0,maayjjbrsxqfqwyfbctrsb,flop,call,0,oszckwapvtxefvongqhdmd,flop,call,0,maayjjbrsxqfqwyfbctrsb,turn,call,0,oszckwapvtxefvongqhdmd,turn,call,0,maayjjbrsxqfqwyfbctrsb,river,call,0,oszckwapvtxefvongqhdmd,river,call,,,,,"H3,HJ,C5,SA,DT",river,20,990,1,,,"S9,D6","[{'name': 'Player1', 'uuid': 'oszckwapvtxefvongqhdmd', 'stack': 990, 'state': 'participating'}, {'name': 'Player2', 'uuid': 'maayjjbrsxqfqwyfbctrsb', 'stack': 995, 'state': 'participating'}]",1000,Player1,20,1,river,0.21,0
10,mooxkddghbmryvaftyabvz,preflop,call,10,vzjzdbnrcmvizncqqyqcyt,preflop,call,0,mooxkddghbmryvaftyabvz,flop,call,0,vzjzdbnrcmvizncqqyqcyt,flop,call,0,mooxkddghbmryvaftyabvz,turn,call,0,vzjzdbnrcmvizncqqyqcyt,turn,call,0,mooxkddghbmryvaftyabvz,river,call,0,vzjzdbnrcmvizncqqyqcyt,river,call,,,,,"H5,S4,H2,S9,C4",river,20,1010,1,,,"DA,D5","[{'name': 'Player1', 'uuid': 'vzjzdbnrcmvizncqqyqcyt', 'stack': 990, 'state': 'participating'}, {'name': 'Player2', 'uuid': 'mooxkddghbmryvaftyabvz', 'stack': 995, 'state': 'participating'}]",1000,Player1,20,1,river,0.63,1
10,gkujhgmcephnqotwblbgad,preflop,call,10,hnpmtkirxenexejsqsaagh,preflop,call,0,gkujhgmcephnqotwblbgad,flop,call,0,hnpmtkirxenexejsqsaagh,flop,call,0,gkujhgmcephnqotwblbgad,turn,call,0,hnpmtkirxenexejsqsaagh,turn,call,990,gkujhgmcephnqotwblbgad,river,raise,990,hnpmtkirxenexejsqsaagh,river,call,,,,,"HK,C6,SA,H5,H4",river,2000,0,1,,,"DT,D3","[{'name': 'Player1', 'uuid': 'hnpmtkirxenexejsqsaagh', 'stack': 990, 'state': 'participating'}, {'name': 'Player2', 'uuid': 'gkujhgmcephnqotwblbgad', 'stack': 995, 'state': 'participating'}]",1000,Player1,1010,1,river,0.12,0
1000,yneamwwyignbsxrcdjuafn,preflop,raise,1000,unndqhuurayxdikycpjlqr,preflop,call,,,,,,,,,,,,,,,,,,,,,,,,,,,,,,river,2000,2000,1,,,"HT,D7","[{'name': 'Player1', 'uuid': 'unndqhuurayxdikycpjlqr', 'stack': 990, 'state': 'participating'}, {'name': 'Player2', 'uuid': 'yneamwwyignbsxrcdjuafn', 'stack': 995, 'state': 'participating'}]",1000,Player1,1010,1,preflop,0.45,1
10,wnnxsbthcvxnzhxcfxcjit,preflop,call,10,iuqbwjdjqojnginmhsyajd,preflop,call,0,wnnxsbthcvxnzhxcfxcjit,flop,call,0,iuqbwjdjqojnginmhsyajd,flop,call,0,wnnxsbthcvxnzhxcfxcjit,turn,call,0,iuqbwjdjqojnginmhsyajd,turn,call,0,wnnxsbthcvxnzhxcfxcjit,river,call,0,iuqbwjdjqojnginmhsyajd,river,call,,,,,"HK,SK,ST,S4,C3",river,20,990,1,,,"H7,S8","[{'name': 'Player1', 'uuid': 'iuqbwjdjqojnginmhsyajd', 'stack': 990, 'state': 'participating'}, {'name': 'Player2', 'uuid': 'wnnxsbthcvxnzhxcfxcjit', 'stack': 995, 'state': 'participating'}]",1000,Player1,20,1,river,0.11,0
10,pfpjlaszphxgmalyxeozgu,preflop,call,10,mrtphdhcytteyemxifvhrz,preflop,call,0,pfpjlaszphxgmalyxeozgu,flop,call,0,mrtphdhcytteyemxifvhrz,flop,call,0,pfpjlaszphxgmalyxeozgu,turn,call,0,mrtphdhcytteyemxifvhrz,turn,call,0,pfpjlaszphxgmalyxeozgu,river,call,0,mrtphdhcytteyemxifvhrz,river,call,,,,,"DA,H3,C9,HK,S7",river,20,990,1,,,"HJ,D6","[{'name': 'Player1', 'uuid': 'mrtphdhcytteyemxifvhrz', 'stack': 990, 'state': 'participating'}, {'name': 'Player2', 'uuid': 'pfpjlaszphxgmalyxeozgu', 'stack': 995, 'state': 'participating'}]",1000,Player1,20,1,river,0.29,0
10,szmfkylayqdezystfqemno,preflop,call,10,wmyvefhcciujvggzqrhyaz,preflop,call,0,szmfkylayqdezystfqemno,flop,call,990,wmyvefhcciujvggzqrhyaz,flop,raise,990,szmfkylayqdezystfqemno,flop,call,,,,,,,,,,,,,,,,,"S9,DJ,CK",river,2000,2000,1,,,"DT,C9","[{'name': 'Player1', 'uuid': 'wmyvefhcciujvggzqrhyaz', 'stack': 990, 'state': 'participating'}, {'name': 'Player2', 'uuid': 'szmfkylayqdezystfqemno', 'stack': 995, 'state': 'participating'}]",1000,Player1,20,1,flop,0.73,1
10,bltrweyhilqikrpkuaevne,preflop,call,10,okculfriyzoswsnackbjxq,preflop,call,0,bltrweyhilqikrpkuaevne,flop,call,0,okculfriyzoswsnackbjxq,flop,call,0,bltrweyhilqikrpkuaevne,turn,call,990,okculfriyzoswsnackbjxq,turn,raise,990,bltrweyhilqikrpkuaevne,turn,call,,,,,,,,,"S5,S7,C3,SK",river,2000,2000,1,,,"D2,HK","[{'name': 'Player1', 'uuid': 'okculfriyzoswsnackbjxq', 'stack': 990, 'state': 'participating'}, {'name': 'Player2', 'uuid': 'bltrweyhilqikrpkuaevne', 'stack': 995, 'state': 'participating'}]",1000,Player1,20,1,turn,0.77,1
1000,dgljtbpussiqajvicyzbpq,preflop,raise,1000,woninbxmcdrwgmxkrwijvw,preflop,call,,,,,,,,,,,,,,,,,,,,,,,,,,,,,,river,2000,0,1,,,"D7,ST","[{'name': 'Player1', 'uuid': 'woninbxmcdrwgmxkrwijvw', 'stack': 990, 'state': 'participating'}, {'name': 'Player2', 'uuid': 'dgljtbpussiqajvicyzbpq', 'stack': 995, 'state': 'participating'}]",1000,Player1,1010,1,preflop,0.47,0
10,cbyzdzrsieboftsuyopfoq,preflop,call,10,vumczqklqcgpgecepjtxqg,preflop,call,990,cbyzdzrsieboftsuyopfoq,flop,raise,990,vumczqklqcgpgecepjtxqg,flop,call,,,,,,,,,,,,,,,,,,,,,"H8,C3,S6",river,2000,0,1,,,"C4,D3","[{'name': 'Player1', 'uuid': 'vumczqklqcgpgecepjtxqg', 'stack': 990, 'state': 'participating'}, {'name': 'Player2', 'uuid': 'cbyzdzrsieboftsuyopfoq', 'stack': 995, 'state': 'participating'}]",1000,Player1,1010,1,flop,0.53,0
10,ulkdwzaabdzddjbhdpapkj,preflop,call,10,htksuxnpgjjvelbbyjjmrt,preflop,call,0,ulkdwzaabdzddjbhdpapkj,flop,call,0,htksuxnpgjjvelbbyjjmrt,flop,call,0,ulkdwzaabdzddjbhdpapkj,turn,call,0,htksuxnpgjjvelbbyjjmrt,turn,call,0,ulkdwzaabdzddjbhdpapkj,river,call,0,htksuxnpgjjvelbbyjjmrt,river,call,,,,,"H8,DJ,D8,SQ,C9",river,20,990,1,,,"DK,D6","[{'name': 'Player1', 'uuid': 'htksuxnpgjjvelbbyjjmrt', 'stack': 990, 'state': 'participating'}, {'name': 'Player2', 'uuid': 'ulkdwzaabdzddjbhdpapkj', 'stack': 995, 'state': 'participating'}]",1000,Player1,20,1,river,0.17,0
10,iofusiejjvaliotigiyhxk,preflop,call,10,ydcxcnecxrukkhdxheuidu,preflop,call,0,iofusiejjvaliotigiyhxk,flop,call,0,ydcxcnecxrukkhdxheuidu,flop,call,0,iofusiejjvaliotigiyhxk,turn,call,0,ydcxcnecxrukkhdxheuidu,turn,call,990,iofusiejjvaliotigiyhxk,river,raise,990,ydcxcnecxrukkhdxheuidu,river,call,,,,,"SA,DK,C4,H2,DJ",river,2000,0,1,,,"D2,H9","[{'name': 'Player1', 'uuid': 'ydcxcnecxrukkhdxheuidu', 'stack': 990, 'state': 'participating'}, {'name': 'Player2', 'uuid': 'iofusiejjvaliotigiyhxk', 'stack': 995, 'state': 'participating'}]",1000,Player1,1010,1,river,0.48,0
10,maitsykdfotckigwcrqasj,preflop,call,1000,mqmjkzbwvppgrnhugklxia,preflop,raise,1000,maitsykdfotckigwcrqasj,preflop,call,,,,,,,,,,,,,,,,,,,,,,,,,,river,2000,2000,1,,,"HQ,DQ","[{'name': 'Player1', 'uuid': 'mqmjkzbwvppgrnhugklxia', 'stack': 990, 'state': 'participating'}, {'name': 'Player2', 'uuid': 'maitsykdfotckigwcrqasj', 'stack': 995, 'state': 'participating'}]",1000,Player1,20,1,preflop,0.86,1
10,ahlwjjeaevspcpnfcwmgtr,preflop,call,10,zdyhyjasghdtmxnucyusyv,preflop,call,0,ahlwjjeaevspcpnfcwmgtr,flop,call,0,zdyhyjasghdtmxnucyusyv,flop,call,0,ahlwjjeaevspcpnfcwmgtr,turn,call,0,zdyhyjasghdtmxnucyusyv,turn,call,0,ahlwjjeaevspcpnfcwmgtr,river,call,0,zdyhyjasghdtmxnucyusyv,river,call,,,,,"DA,HA,H5,D3,H4",river,20,990,1,,,"C9,S6","[{'name': 'Player1', 'uuid': 'zdyhyjasghdtmxnucyusyv', 'stack': 990, 'state': 'participating'}, {'name': 'Player2', 'uuid': 'ahlwjjeaevspcpnfcwmgtr', 'stack': 995, 'state': 'participating'}]",1000,Player1,20,1,river,0.08,0
10,ufuflcnvbgskjsddwznaqt,preflop,call,10,naccfgrernzpthmluogylx,preflop,call,0,ufuflcnvbgskjsddwznaqt,flop,call,0,naccfgrernzpthmluogylx,flop,call,0,ufuflcnvbgskjsddwznaqt,turn,call,990,naccfgrernzpthmluogylx,turn,raise,990,ufuflcnvbgskjsddwznaqt,turn,call,,,,,,,,,"DK,CA,C5,H7",river,2000,2000,1,,,"D7,HJ","[{'name': 'Player1', 'uuid': 'naccfgrernzpthmluogylx', 'stack': 990, 'state': 'participating'}, {'name': 'Player2', 'uuid': 'ufuflcnvbgskjsddwznaqt', 'stack': 995, 'state': 'participating'}]",1000,Player1,20,1,turn,0.72,1
10,qbhcbmoyifaciruskveeyj,preflop,call,10,feqndvyrryycqsprrnjesb,preflop,call,990,qbhcbmoyifaciruskveeyj,flop,raise,990,feqndvyrryycqsprrnjesb,flop,call,,,,,,,,,,,,,,,,,,,,,"C8,DK,ST",river,2000,0,1,,,"H3,C9","[{'name': 'Player1', 'uuid': 'feqndvyrryycqsprrnjesb', 'stack': 990, 'state': 'participating'}, {'name': 'Player2', 'uuid': 'qbhcbmoyifaciruskveeyj', 'stack': 995, 'state': 'participating'}]",1000,Player1,1010,1,flop,0.31,0
10,vjekhyqtousqxbgdxhtnrr,preflop,call,10,yqjjhiatxiblhuvwapfeaa,preflop,call,0,vjekhyqtousqxbgdxhtnrr,flop,call,0,yqjjhiatxiblhuvwapfeaa,flop,call,0,vjekhyqtousqxbgdxhtnrr,turn,call,990,yqjjhiatxiblhuvwapfeaa,turn,raise,990,vjekhyqtousqxbgdxhtnrr,turn,call,,,,,,,,,"ST,SJ,HJ,SA",river,2000,0,1,,,"HA,HQ","[{'name': 'Player1', 'uuid': 'yqjjhiatxiblhuvwapfeaa', 'stack': 990, 'state': 'participating'}, {'name': 'Player2', 'uuid': 'vjekhyqtousqxbgdxhtnrr', 'stack': 995, 'state': 'participating'}]",1000,Player1,20,1,turn,0.75,0
10,footbllxzirjbttyfzjbkw,preflop,call,10,kcimogqndkwfxjjiyelflc,preflop,call,0,footbllxzirjbttyfzjbkw,flop,call,0,kcimogqndkwfxjjiyelflc,flop,call,0,footbllxzirjbttyfzjbkw,turn,call,0,kcimogqndkwfxjjiyelflc,turn,call,0,footbllxzirjbttyfzjbkw,river,call,0,kcimogqndkwfxjjiyelflc,river,call,,,,,"HQ,D7,D6,HJ,SA",river,20,990,1,,,"C3,D2","[{'name': 'Player1', 'uuid': 'kcimogqndkwfxjjiyelflc', 'stack': 990, 'state': 'participating'}, {'name': 'Player2', 'uuid': 'footbllxzirjbttyfzjbkw', 'stack': 995, 'state': 'participating'}]",1000,Player1,20,1,river,0.0,0
10,diaglpasgkwieutmlppwlf,preflop,call,10,dksochmfhquaquyfuoqfip,preflop,call,990,diaglpasgkwieutmlppwlf,flop,raise,990,dksochmfhquaquyfuoqfip,flop,call,,,,,,,,,,,,,,,,,,,,,"SJ,HA,C5",river,2000,0,1,,,"C4,C2","[{'name': 'Player1', 'uuid': 'dksochmfhquaquyfuoqfip', 'stack': 990, 'state': 'participating'}, {'name': 'Player2', 'uuid': 'diaglpasgkwieutmlppwlf', 'stack': 995, 'state': 'participating'}]",1000,Player1,1010,1,flop,0.2,0
10,ezxyhhnahvzyczuhvxpbkn,preflop,call,10,kopikkowwdocdldzbcobtc,preflop,call,0,ezxyhhnahvzyczuhvxpbkn,flop,call,990,kopikkowwdocdldzbcobtc,flop,raise,990,ezxyhhnahvzyczuhvxpbkn,flop,call,,,,,,,,,,,,,,,,,"DT,HA,CK",river,2000,2000,1,,,"CA,H6","[{'name': 'Player1', 'uuid': 'kopikkowwdocdldzbcobtc', 'stack': 990, 'state': 'participating'}, {'name': 'Player2', 'uuid': 'ezxyhhnahvzyczuhvxpbkn', 'stack': 995, 'state': 'participating'}]",1000,Player1,20,1,flop,0.83,1
10,ksobpymwfjzmzfuqqsvwes,preflop,call,10,qijqfdumwspkzqnjhlagqe,preflop,call,0,ksobpymwfjzmzfuqqsvwes,flop,call,0,qijqfdumwspkzqnjhlagqe,flop,call,0,ksobpymwfjzmzfuqqsvwes,turn,call,0,qijqfdumwspkzqnjhlagqe,turn,call,0,ksobpymwfjzmzfuqqsvwes,river,call,0,qijqfdumwspkzqnjhlagqe,river,call,,,,,"D8,H3,SA,D9,CT",river,20,1010,1,,,"D3,C4","[{'name': 'Player1', 'uuid': 'qijqfdumwspkzqnjhlagqe', 'stack': 990, 'state': 'participating'}, {'name': 'Player2', 'uuid': 'ksobpymwfjzmzfuqqsvwes', 'stack': 995, 'state': 'participating'}]",1000,Player1,20,1,river,0.43,1
10,fnmmsqfugwxmobrrlnaubb,preflop,call,10,gaofppbfbqwicsheovwiwi,preflop,call,0,fnmmsqfugwxmobrrlnaubb,flop,call,0,gaofppbfbqwicsheovwiwi,flop,call,990,fnmmsqfugwxmobrrlnaubb,turn,raise,990,gaofppbfbqwicsheovwiwi,turn,call,,,,,,,,,,,,,"CT,S5,H9,D3",river,2000,0,1,,,"C8,SA","[{'name': 'Player1', 'uuid': 'gaofppbfbqwicsheovwiwi', 'stack': 990, 'state': 'participating'}, {'name': 'Player2', 'uuid': 'fnmmsqfugwxmobrrlnaubb', 'stack': 995, 'state': 'participating'}]",1000,Player1,1010,1,turn,0.5,0
10,tsypgchbdcerowdarkqgha,preflop,call,10,ondzwdxjbzsgryfqzteoua,preflop,call,0,tsypgchbdcerowdarkqgha,flop,call,0,ondzwdxjbzsgryfqzteoua,flop,call,0,tsypgchbdcerowdarkqgha,turn,call,990,ondzwdxjbzsgryfqzteoua,turn,raise,990,tsypgchbdcerowdarkqgha,turn,call,,,,,,,,,"SJ,H6,HT,H8",river,2000,2000,1,,,"D8,HK","[{'name': 'Player1', 'uuid': 'ondzwdxjbzsgryfqzteoua', 'stack': 990, 'state': 'participating'}, {'name': 'Player2', 'uuid': 'tsypgchbdcerowdarkqgha', 'stack': 995, 'state': 'participating'}]",1000,Player1,20,1,turn,0.75,1
10,yyfihyadvzegjvcpksbfhh,preflop,call,10,hpmemakoujupcuwtntjoeq,preflop,call,0,yyfihyadvzegjvcpksbfhh,flop,call,0,hpmemakoujupcuwtntjoeq,flop,call,0,yyfihyadvzegjvcpksbfhh,turn,call,0,hpmemakoujupcuwtntjoeq,turn,call,990,yyfihyadvzegjvcpksbfhh,river,raise,990,hpmemakoujupcuwtntjoeq,river,call,,,,,"H3,HT,SQ,H5,CK",river,2000,0,1,,,"C2,S2","[{'name': 'Player1', 'uuid': 'hpmemakoujupcuwtntjoeq', 'stack': 990, 'state': 'participating'}, {'name': 'Player2', 'uuid': 'yyfihyadvzegjvcpksbfhh', 'stack': 995, 'state': 'participating'}]",1000,Player1,1010,1,river,0.37,0
10,jekwflighjbaywaowrlpqu,preflop,call,10,nsmdtydbdccdidygrpaxun,preflop,call,0,jekwflighjbaywaowrlpqu,flop,call,990,nsmdtydbdccdidygrpaxun,flop,raise,990,jekwflighjbaywaowrlpqu,flop,call,,,,,,,,,,,,,,,,,"H4,CT,D3",river,2000,2000,1,,,"ST,H7","[{'name': 'Player1', 'uuid': 'nsmdtydbdccdidygrpaxun', 'stack': 990, 'state': 'participating'}, {'name': 'Player2', 'uuid': 'jekwflighjbaywaowrlpqu', 'stack': 995, 'state': 'participating'}]",1000,Player1,20,1,flop,0.76,1
10,xoiudaytxfgbdnijqyfxgw,preflop,call,10,mpafoaqnqfdygrjdqfkrbh,preflop,call,0,xoiudaytxfgbdnijqyfxgw,flop,call,0,mpafoaqnqfdygrjdqfkrbh,flop,call,0,xoiudaytxfgbdnijqyfxgw,turn,call,990,mpafoaqnqfdygrjdqfkrbh,turn,raise,990,xoiudaytxfgbdnijqyfxgw,turn,call,,,,,,,,,"H9,D3,H3,SA",river,2000,2000,1,,,"HA,D7","[{'name': 'Player1', 'uuid': 'mpafoaqnqfdygrjdqfkrbh', 'stack': 990, 'state': 'participating'}, {'name': 'Player2', 'uuid': 'xoiudaytxfgbdnijqyfxgw', 'stack': 995, 'state': 'participating'}]",1000,Player1,20,1,turn,0.87,1
10,uqglkllqfdredmixykbfrn,preflop,call,10,dvaamfangpjivjucftewst,preflop,call,0,uqglkllqfdredmixykbfrn,flop,call,0,dvaamfangpjivjucftewst,flop,call,0,uqglkllqfdredmixykbfrn,turn,call,0,dvaamfangpjivjucftewst,turn,call,0,uqglkllqfdredmixykbfrn,river,call,0,dvaamfangpjivjucftewst,river,call,,,,,"C8,C9,S6,C5,SK",river,20,990,1,,,"H6,CA","[{'name': 'Player1', 'uuid': 'dvaamfangpjivjucftewst', 'stack': 990, 'state': 'participating'}, {'name': 'Player2', 'uuid': 'uqglkllqfdredmixykbfrn', 'stack': 995, 'state': 'participating'}]",1000,Player1,20,1,river,0.47,0
10,pnphmrmokpbzqftnyxxnct,preflop,call,10,woxzksrntrglbsbpesselg,preflop,call,990,pnphmrmokpbzqftnyxxnct,flop,raise,990,woxzksrntrglbsbpesselg,flop,call,,,,,,,,,,,,,,,,,,,,,"C9,D4,SQ",river,2000,0,1,,,"S6,H8","[{'name': 'Player1', 'uuid': 'woxzksrntrglbsbpesselg', 'stack': 990, 'state': 'participating'}, {'name': 'Player2', 'uuid': 'pnphmrmokpbzqftnyxxnct', 'stack': 995, 'state': 'participating'}]",1000,Player1,1010,1,flop,0.27,0
10,qqctkuzpbvlgnhfdtyvrha,preflop,call,10,gsncaifthetspbwqtxyqoj,preflop,call,0,qqctkuzpbvlgnhfdtyvrha,flop,call,0,gsncaifthetspbwqtxyqoj,flop,call,0,qqctkuzpbvlgnhfdtyvrha,turn,call,0,gsncaifthetspbwqtxyqoj,turn,call,0,qqctkuzpbvlgnhfdtyvrha,river,call,0,gsncaifthetspbwqtxyqoj,river,call,,,,,"S7,DQ,C2,H9,CQ",river,20,990,1,,,"D3,D2","[{'name': 'Player1', 'uuid': 'gsncaifthetspbwqtxyqoj', 'stack': 990, 'state': 'participating'}, {'name': 'Player2', 'uuid': 'qqctkuzpbvlgnhfdtyvrha', 'stack': 995, 'state': 'participating'}]",1000,Player1,20,1,river,0.59,0
10,bggglheywikyrxfavxhkeq,preflop,call,10,qrvkhbolucoazeclwesgrt,preflop,call,0,bggglheywikyrxfavxhkeq,flop,call,0,qrvkhbolucoazeclwesgrt,flop,call,0,bggglheywikyrxfavxhkeq,turn,call,0,qrvkhbolucoazeclwesgrt,turn,call,0,bggglheywikyrxfavxhkeq,river,call,0,qrvkhbolucoazeclwesgrt,river,call,,,,,"D2,HA,D6,C6,S3",river,20,990,1,,,"H4,H9","[{'name': 'Player1', 'uuid': 'qrvkhbolucoazeclwesgrt', 'stack': 990, 'state': 'participating'}, {'name': 'Player2', 'uuid': 'bggglheywikyrxfavxhkeq', 'stack': 995, 'state': 'participating'}]",1000,Player1,20,1,river,0.06,0
10,cdmhccfnpafljdiuntortf,preflop,call,10,hgziaofbkieslwhsscrati,preflop,call,0,cdmhccfnpafljdiuntortf,flop,call,990,hgziaofbkieslwhsscrati,flop,raise,990,cdmhccfnpafljdiuntortf,flop,call,,,,,,,,,,,,,,,,,"H6,HQ,DQ",river,2000,0,1,,,"S6,CJ","[{'name': 'Player1', 'uuid': 'hgziaofbkieslwhsscrati', 'stack': 990, 'state': 'participating'}, {'name': 'Player2', 'uuid': 'cdmhccfnpafljdiuntortf', 'stack': 995, 'state': 'participating'}]",1000,Player1,20,1,flop,0.73,0
10,hmuecspugjtefbzjtuasjl,preflop,call,10,epheaxfgvxtqbncpjzqmmz,preflop,call,990,hmuecspugjtefbzjtuasjl,flop,raise,990,epheaxfgvxtqbncpjzqmmz,flop,call,,,,,,,,,,,,,,,,,,,,,"C4,CQ,S3",river,2000,0,1,,,"D7,H9","[{'name': 'Player1', 'uuid': 'epheaxfgvxtqbncpjzqmmz', 'stack': 990, 'state': 'participating'}, {'name': 'Player2', 'uuid': 'hmuecspugjtefbzjtuasjl', 'stack': 995, 'state': 'participating'}]",1000,Player1,1010,1,flop,0.31,0
10,bsyzyqljffcubbdevurors,preflop,call,10,uvkasyeeipdosjzdqmecjc,preflop,call,0,bsyzyqljffcubbdevurors,flop,call,0,uvkasyeeipdosjzdqmecjc,flop,call,0,bsyzyqljffcubbdevurors,turn,call,0,uvkasyeeipdosjzdqmecjc,turn,call,0,bsyzyqljffcubbdevurors,river,call,0,uvkasyeeipdosjzdqmecjc,river,call,,,,,"HT,H2,HJ,S2,S7",river,20,990,1,,,"C4,CK","[{'name': 'Player1', 'uuid': 'uvkasyeeipdosjzdqmecjc', 'stack': 990, 'state': 'participating'}, {'name': 'Player2', 'uuid': 'bsyzyqljffcubbdevurors', 'stack': 995, 'state': 'participating'}]",1000,Player1,20,1,river,0.31,0
10,zbsfptvfvxtqacxgwwoaed,preflop,call,10,wepxsthcijbkqdgkirhnga,preflop,call,0,zbsfptvfvxtqacxgwwoaed,flop,call,0,wepxsthcijbkqdgkirhnga,flop,call,990,zbsfptvfvxtqacxgwwoaed,turn,raise,990,wepxsthcijbkqdgkirhnga,turn,call,,,,,,,,,,,,,"HJ,CJ,DK,HA",river,2000,0,1,,,"C7,C5","[{'name': 'Player1', 'uuid': 'wepxsthcijbkqdgkirhnga', 'stack': 990, 'state': 'participating'}, {'name': 'Player2', 'uuid': 'zbsfptvfvxtqacxgwwoaed', 'stack': 995, 'state': 'participating'}]",1000,Player1,1010,1,turn,0.2,0
10,vyrwnxtxgprrhjfriuonyi,preflop,call,10,uvcapicfismexizptqfndm,preflop,call,0,vyrwnxtxgprrhjfriuonyi,flop,call,0,uvcapicfismexizptqfndm,flop,call,0,vyrwnxtxgprrhjfriuonyi,turn,call,0,uvcapicfismexizptqfndm,turn,call,0,vyrwnxtxgprrhjfriuonyi,river,call,0,uvcapicfismexizptqfndm,river,call,,,,,"CQ,SJ,S6,S9,H9",river,20,1010,1,,,"H8,SA","[{'name': 'Player1', 'uuid': 'uvcapicfismexizptqfndm', 'stack': 990, 'state': 'participating'}, {'name': 'Player2', 'uuid': 'vyrwnxtxgprrhjfriuonyi', 'stack': 995, 'state': 'participating'}]",1000,Player1,20,1,river,0.44,1
10,rkfocjwwsdixdolglqaatv,preflop,call,10,qmybjuwxyilklcvjkkbvuq,preflop,call,0,rkfocjwwsdixdolglqaatv,flop,call,990,qmybjuwxyilklcvjkkbvuq,flop,raise,990,rkfocjwwsdixdolglqaatv,flop,call,,,,,,,,,,,,,,,,,"D9,H3,SA",river,2000,2000,1,,,"C9,S3","[{'name': 'Player1', 'uuid': 'qmybjuwxyilklcvjkkbvuq', 'stack': 990, 'state': 'participating'}, {'name': 'Player2', 'uuid': 'rkfocjwwsdixdolglqaatv', 'stack': 995, 'state': 'participating'}]",1000,Player1,20,1,flop,0.89,1
10,fbfbmvxdaialbcinrpnvvr,preflop,call,10,czvegwtqkgkixfkzcaiqvh,preflop,call,0,fbfbmvxdaialbcinrpnvvr,flop,call,0,czvegwtqkgkixfkzcaiqvh,flop,call,0,fbfbmvxdaialbcinrpnvvr,turn,call,0,czvegwtqkgkixfkzcaiqvh,turn,call,0,fbfbmvxdaialbcinrpnvvr,river,call,0,czvegwtqkgkixfkzcaiqvh,river,call,,,,,"D6,S6,H7,DJ,DT",river,20,1010,1,,,"SA,HQ","[{'name': 'Player1', 'uuid': 'czvegwtqkgkixfkzcaiqvh', 'stack': 990, 'state': 'participating'}, {'name': 'Player2', 'uuid': 'fbfbmvxdaialbcinrpnvvr', 'stack': 995, 'state': 'participating'}]",1000,Player1,20,1,river,0.4,1
10,pspkueiceqgoidvluwcghg,preflop,call,10,tgcpodxcowaacwxvjfklkd,preflop,call,0,pspkueiceqgoidvluwcghg,flop,call,0,tgcpodxcowaacwxvjfklkd,flop,call,0,pspkueiceqgoidvluwcghg,turn,call,0,tgcpodxcowaacwxvjfklkd,turn,call,0,pspkueiceqgoidvluwcghg,river,call,0,tgcpodxcowaacwxvjfklkd,river,call,,,,,"SQ,HK,D6,H9,CJ",river,20,1010,1,,,"C5,C9","[{'name': 'Player1', 'uuid': 'tgcpodxcowaacwxvjfklkd', 'stack': 990, 'state': 'participating'}, {'name': 'Player2', 'uuid': 'pspkueiceqgoidvluwcghg', 'stack': 995, 'state': 'participating'}]",1000,Player1,20,1,river,0.52,1
10,baapfaxyadwksixzlblzqc,preflop,call,10,jxgmkvpknktgwpzjoevwha,preflop,call,0,baapfaxyadwksixzlblzqc,flop,call,0,jxgmkvpknktgwpzjoevwha,flop,call,990,baapfaxyadwksixzlblzqc,turn,raise,990,jxgmkvpknktgwpzjoevwha,turn,call,,,,,,,,,,,,,"DT,C7,C6,DQ",river,2000,0,1,,,"H2,S5","[{'name': 'Player1', 'uuid': 'jxgmkvpknktgwpzjoevwha', 'stack': 990, 'state': 'participating'}, {'name': 'Player2', 'uuid': 'baapfaxyadwksixzlblzqc', 'stack': 995, 'state': 'participating'}]",1000,Player1,1010,1,turn,0.09,0
10,yenkkuqzbmoirvotvttkbs,preflop,call,10,keqznwdhjqojowlfyifleq,preflop,call,0,yenkkuqzbmoirvotvttkbs,flop,call,990,keqznwdhjqojowlfyifleq,flop,raise,990,yenkkuqzbmoirvotvttkbs,flop,call,,,,,,,,,,,,,,,,,"C6,CT,H7",river,2000,2000,1,,,"H4,ST","[{'name': 'Player1', 'uuid': 'keqznwdhjqojowlfyifleq', 'stack': 990, 'state': 'participating'}, {'name': 'Player2', 'uuid': 'yenkkuqzbmoirvotvttkbs', 'stack': 995, 'state': 'participating'}]",1000,Player1,20,1,flop,0.71,1
10,bqnnogemyjckeuoqnvckob,preflop,call,10,qmbkaqlhhhkzqseaivqkke,preflop,call,0,bqnnogemyjckeuoqnvckob,flop,call,0,qmbkaqlhhhkzqseaivqkke,flop,call,0,bqnnogemyjckeuoqnvckob,turn,call,0,qmbkaqlhhhkzqseaivqkke,turn,call,0,bqnnogemyjckeuoqnvckob,river,call,0,qmbkaqlhhhkzqseaivqkke,river,call,,,,,"HT,S8,HQ,S3,H2",river,20,1010,1,,,"SJ,C2","[{'name': 'Player1', 'uuid': 'qmbkaqlhhhkzqseaivqkke', 'stack': 990, 'state': 'participating'}, {'name': 'Player2', 'uuid': 'bqnnogemyjckeuoqnvckob', 'stack': 995, 'state': 'participating'}]",1000,Player1,20,1,river,0.37,1
10,exymslyyczgfvmgtmgevew,preflop,call,10,ykkkllvuogczqixwjmijlo,preflop,call,0,exymslyyczgfvmgtmgevew,flop,call,990,ykkkllvuogczqixwjmijlo,flop,raise,-1,exymslyyczgfvmgtmgevew,flop,raise,,,,,,,,,,,,,,,,,"DT,C7,DQ",flop,1010,1010,1,,,"D7,C8","[{'name': 'Player1', 'uuid': 'ykkkllvuogczqixwjmijlo', 'stack': 990, 'state': 'participating'}, {'name': 'Player2', 'uuid': 'exymslyyczgfvmgtmgevew', 'stack': 995, 'state': 'participating'}]",1000,Player1,20,1,flop,0.71,1
10,mlruvtqeubizaqzruygdiy,preflop,call,10,ufmutszzstnmwfthfdsoyq,preflop,call,0,mlruvtqeubizaqzruygdiy,flop,call,0,ufmutszzstnmwfthfdsoyq,flop,call,0,mlruvtqeubizaqzruygdiy,turn,call,0,ufmutszzstnmwfthfdsoyq,turn,call,990,mlruvtqeubizaqzruygdiy,river,raise,990,ufmutszzstnmwfthfdsoyq,river,call,,,,,"H7,H9,H6,S8,D3",river,2000,0,1,,,"C7,H4","[{'name': 'Player1', 'uuid': 'ufmutszzstnmwfthfdsoyq', 'stack': 990, 'state': 'participating'}, {'name': 'Player2', 'uuid': 'mlruvtqeubizaqzruygdiy', 'stack': 995, 'state': 'participating'}]",1000,Player1,1010,1,river,0.4,0
10,hhwpxjuueeqhtakctjoecy,preflop,call,10,frqfffsxmkwqjnzojtvjiv,preflop,call,0,hhwpxjuueeqhtakctjoecy,flop,call,0,frqfffsxmkwqjnzojtvjiv,flop,call,0,hhwpxjuueeqhtakctjoecy,turn,call,0,frqfffsxmkwqjnzojtvjiv,turn,call,0,hhwpxjuueeqhtakctjoecy,river,call,0,frqfffsxmkwqjnzojtvjiv,river,call,,,,,"S6,C3,S3,S2,S7",river,20,1010,1,,,"HT,D7","[{'name': 'Player1', 'uuid': 'frqfffsxmkwqjnzojtvjiv', 'stack': 990, 'state': 'participating'}, {'name': 'Player2', 'uuid': 'hhwpxjuueeqhtakctjoecy', 'stack': 995, 'state': 'participating'}]",1000,Player1,20,1,river,0.53,1
10,wkxqiwrybmshvdxmqgaxuv,preflop,call,10,haxqbsnydrmvkdmsfntjmq,preflop,call,0,wkxqiwrybmshvdxmqgaxuv,flop,call,0,haxqbsnydrmvkdmsfntjmq,flop,call,0,wkxqiwrybmshvdxmqgaxuv,turn,call,0,haxqbsnydrmvkdmsfntjmq,turn,call,990,wkxqiwrybmshvdxmqgaxuv,river,raise,990,haxqbsnydrmvkdmsfntjmq,river,call,,,,,"C7,H4,D9,DJ,CK",river,2000,0,1,,,"H8,C4","[{'name': 'Player1', 'uuid': 'haxqbsnydrmvkdmsfntjmq', 'stack': 990, 'state': 'participating'}, {'name': 'Player2', 'uuid': 'wkxqiwrybmshvdxmqgaxuv', 'stack': 995, 'state': 'participating'}]",1000,Player1,1010,1,river,0.43,0
10,cynpdbsjpsrlbacxkigkuj,preflop,call,1000,dfitmsevzipjkojarlhwcb,preflop,raise,1000,cynpdbsjpsrlbacxkigkuj,preflop,call,,,,,,,,,,,,,,,,,,,,,,,,,,river,2000,2000,1,,,"SQ,HQ","[{'name': 'Player1', 'uuid': 'dfitmsevzipjkojarlhwcb', 'stack': 990, 'state': 'participating'}, {'name': 'Player2', 'uuid': 'cynpdbsjpsrlbacxkigkuj', 'stack': 995, 'state': 'participating'}]",1000,Player1,20,1,preflop,0.82,1
10,nitgjtahcyhxmedmegmxdz,preflop,call,10,ayjkgwvwztykaemzezqnwc,preflop,call,990,nitgjtahcyhxmedmegmxdz,flop,raise,990,ayjkgwvwztykaemzezqnwc,flop,call,,,,,,,,,,,,,,,,,,,,,"HK,CJ,D3",river,2000,2000,1,,,"D5,D7","[{'name': 'Player1', 'uuid': 'ayjkgwvwztykaemzezqnwc', 'stack': 990, 'state': 'participating'}, {'name': 'Player2', 'uuid': 'nitgjtahcyhxmedmegmxdz', 'stack': 995, 'state': 'participating'}]",1000,Player1,1010,1,flop,0.26,1
10,zifjdpofredizbywnhmwyg,preflop,call,10,kfyodyvdcqdkjrbevjdiau,preflop,call,0,zifjdpofredizbywnhmwyg,flop,call,0,kfyodyvdcqdkjrbevjdiau,flop,call,0,zifjdpofredizbywnhmwyg,turn,call,0,kfyodyvdcqdkjrbevjdiau,turn,call,0,zifjdpofredizbywnhmwyg,river,call,0,kfyodyvdcqdkjrbevjdiau,river,call,,,,,"D6,D4,HK,H2,CA",river,20,990,1,,,"S5,D7","[{'name': 'Player1', 'uuid': 'kfyodyvdcqdkjrbevjdiau', 'stack': 990, 'state': 'participating'}, {'name': 'Player2', 'uuid': 'zifjdpofredizbywnhmwyg', 'stack': 995, 'state': 'participating'}]",1000,Player1,20,1,river,0.03,0
10,raopilaoviktvbmqqowgjz,preflop,call,10,ahqkrgukwtlziqrrjbvgyl,preflop,call,0,raopilaoviktvbmqqowgjz,flop,call,0,ahqkrgukwtlziqrrjbvgyl,flop,call,0,raopilaoviktvbmqqowgjz,turn,call,0,ahqkrgukwtlziqrrjbvgyl,turn,call,0,raopilaoviktvbmqqowgjz,river,call,0,ahqkrgukwtlziqrrjbvgyl,river,call,,,,,"S6,HJ,DQ,CT,H8",river,20,1010,1,,,"H2,HK","[{'name': 'Player1', 'uuid': 'ahqkrgukwtlziqrrjbvgyl', 'stack': 990, 'state': 'participating'}, {'name': 'Player2', 'uuid': 'raopilaoviktvbmqqowgjz', 'stack': 995, 'state': 'participating'}]",1000,Player1,20,1,river,0.2,1
10,qhdpvrjfyyafaibuskiaai,preflop,call,10,eumsctmvdxvpcrjpueqymq,preflop,call,0,qhdpvrjfyyafaibuskiaai,flop,call,990,eumsctmvdxvpcrjpueqymq,flop,raise,990,qhdpvrjfyyafaibuskiaai,flop,call,,,,,,,,,,,,,,,,,"H5,CJ,S7",river,2000,2000,1,,,"C6,S5","[{'name': 'Player1', 'uuid': 'eumsctmvdxvpcrjpueqymq', 'stack': 990, 'state': 'participating'}, {'name': 'Player2', 'uuid': 'qhdpvrjfyyafaibuskiaai', 'stack': 995, 'state': 'participating'}]",1000,Player1,20,1,flop,0.7,1
10,xjqqivjgqgnsenayjiwecw,preflop,call,10,nbquifnumolddetkaqwjdk,preflop,call,0,xjqqivjgqgnsenayjiwecw,flop,call,990,nbquifnumolddetkaqwjdk,flop,raise,990,xjqqivjgqgnsenayjiwecw,flop,call,,,,,,,,,,,,,,,,,"H6,S2,D8",river,2000,0,1,,,"HJ,S8","[{'name': 'Player1', 'uuid': 'nbquifnumolddetkaqwjdk', 'stack': 990, 'state': 'participating'}, {'name': 'Player2', 'uuid': 'xjqqivjgqgnsenayjiwecw', 'stack': 995, 'state': 'participating'}]",1000,Player1,20,1,flop,0.75,0
10,vnwetrgxalajftwwamhyiw,preflop,call,10,mcvaydugelmooqysqgcoav,preflop,call,0,vnwetrgxalajftwwamhyiw,flop,call,0,mcvaydugelmooqysqgcoav,flop,call,0,vnwetrgxalajftwwamhyiw,turn,call,0,mcvaydugelmooqysqgcoav,turn,call,0,vnwetrgxalajftwwamhyiw,river,call,0,mcvaydugelmooqysqgcoav,river,call,,,,,"C3,H5,D3,SJ,CA",river,20,1010,1,,,"H6,C6","[{'name': 'Player1', 'uuid': 'mcvaydugelmooqysqgcoav', 'stack': 990, 'state': 'participating'}, {'name': 'Player2', 'uuid': 'vnwetrgxalajftwwamhyiw', 'stack': 995, 'state': 'participating'}]",1000,Player1,20,1,river,0.67,1
10,cowzuhiyblpwcmgqtrmday,preflop,call,10,mhebzxscoturyqfeuckttc,preflop,call,0,cowzuhiyblpwcmgqtrmday,flop,call,990,mhebzxscoturyqfeuckttc,flop,raise,990,cowzuhiyblpwcmgqtrmday,flop,call,,,,,,,,,,,,,,,,,"SQ,DJ,HJ",river,2000,2000,1,,,"H7,SJ","[{'name': 'Player1', 'uuid': 'mhebzxscoturyqfeuckttc', 'stack': 990, 'state': 'participating'}, {'name': 'Player2', 'uuid': 'cowzuhiyblpwcmgqtrmday', 'stack': 995, 'state': 'participating'}]",1000,Player1,20,1,flop,0.92,1
10,wfspzgofrbsedummxaenpy,preflop,call,10,ssumtbssyoqvicjaqbjaan,preflop,call,0,wfspzgofrbsedummxaenpy,flop,call,0,ssumtbssyoqvicjaqbjaan,flop,call,0,wfspzgofrbsedummxaenpy,turn,call,990,ssumtbssyoqvicjaqbjaan,turn,raise,990,wfspzgofrbsedummxaenpy,turn,call,,,,,,,,,"HA,H3,SJ,C2",river,2000,2000,1,,,"DJ,C4","[{'name': 'Player1', 'uuid': 'ssumtbssyoqvicjaqbjaan', 'stack': 990, 'state': 'participating'}, {'name': 'Player2', 'uuid': 'wfspzgofrbsedummxaenpy', 'stack': 995, 'state': 'participating'}]",1000,Player1,20,1,turn,0.71,1
10,xemdndrefscgpmxftsbcxg,preflop,call,10,mdbvjqlcdveywesrzeawqu,preflop,call,0,xemdndrefscgpmxftsbcxg,flop,call,0,mdbvjqlcdveywesrzeawqu,flop,call,0,xemdndrefscgpmxftsbcxg,turn,call,0,mdbvjqlcdveywesrzeawqu,turn,call,0,xemdndrefscgpmxftsbcxg,river,call,0,mdbvjqlcdveywesrzeawqu,river,call,,,,,"S9,S7,HT,CT,D2",river,20,1010,1,,,"S5,H6","[{'name': 'Player1', 'uuid': 'mdbvjqlcdveywesrzeawqu', 'stack': 990, 'state': 'participating'}, {'name': 'Player2', 'uuid': 'xemdndrefscgpmxftsbcxg', 'stack': 995, 'state': 'participating'}]",1000,Player1,20,1,river,0.06,1
1000,dbonkbnthfcuipneiqzvku,preflop,raise,1000,fkfxdmjyjnqfcicnoicugp,preflop,call,,,,,,,,,,,,,,,,,,,,,,,,,,,,,,river,2000,0,1,,,"SQ,HT","[{'name': 'Player1', 'uuid': 'fkfxdmjyjnqfcicnoicugp', 'stack': 990, 'state': 'participating'}, {'name': 'Player2', 'uuid': 'dbonkbnthfcuipneiqzvku', 'stack': 995, 'state': 'participating'}]",1000,Player1,1010,1,preflop,0.58,0
10,axdevvmkfwtaauedadmjkq,preflop,call,10,biwgoxcuwtjdlnrxxtesac,preflop,call,990,axdevvmkfwtaauedadmjkq,flop,raise,990,biwgoxcuwtjdlnrxxtesac,flop,call,,,,,,,,,,,,,,,,,,,,,"C8,C3,HA",river,2000,0,1,,,"S7,H5","[{'name': 'Player1', 'uuid': 'biwgoxcuwtjdlnrxxtesac', 'stack': 990, 'state': 'participating'}, {'name': 'Player2', 'uuid': 'axdevvmkfwtaauedadmjkq', 'stack': 995, 'state': 'participating'}]",1000,Player1,1010,1,flop,0.29,0
10,uiqiogexduwvdhoylqicdx,preflop,call,10,iekiaariimyjymaoavttzp,preflop,call,0,uiqiogexduwvdhoylqicdx,flop,call,0,iekiaariimyjymaoavttzp,flop,call,0,uiqiogexduwvdhoylqicdx,turn,call,0,iekiaariimyjymaoavttzp,turn,call,0,uiqiogexduwvdhoylqicdx,river,call,0,iekiaariimyjymaoavttzp,river,call,,,,,"S5,S2,HK,H4,D6",river,20,990,1,,,"SA,SJ","[{'name': 'Player1', 'uuid': 'iekiaariimyjymaoavttzp', 'stack': 990, 'state': 'participating'}, {'name': 'Player2', 'uuid': 'uiqiogexduwvdhoylqicdx', 'stack': 995, 'state': 'participating'}]",1000,Player1,20,1,river,0.31,0
10,giipfaiocezcsvbszkkqpl,preflop,call,10,dwslbzhkroijatjckxuwvn,preflop,call,0,giipfaiocezcsvbszkkqpl,flop,call,0,dwslbzhkroijatjckxuwvn,flop,call,0,giipfaiocezcsvbszkkqpl,turn,call,990,dwslbzhkroijatjckxuwvn,turn,raise,990,giipfaiocezcsvbszkkqpl,turn,call,,,,,,,,,"H2,C3,S9,S4",river,2000,2000,1,,,"C4,HQ","[{'name': 'Player1', 'uuid': 'dwslbzhkroijatjckxuwvn', 'stack': 990, 'state': 'participating'}, {'name': 'Player2', 'uuid': 'giipfaiocezcsvbszkkqpl', 'stack': 995, 'state': 'participating'}]",1000,Player1,20,1,turn,0.72,1
10,hzyekzwnwdracewubjofcs,preflop,call,10,mprkdncdugkyluruvcqkhk,preflop,call,990,hzyekzwnwdracewubjofcs,flop,raise,990,mprkdncdugkyluruvcqkhk,flop,call,,,,,,,,,,,,,,,,,,,,,"S2,ST,DK",river,2000,0,1,,,"H6,D4","[{'name': 'Player1', 'uuid': 'mprkdncdugkyluruvcqkhk', 'stack': 990, 'state': 'participating'}, {'name': 'Player2', 'uuid': 'hzyekzwnwdracewubjofcs', 'stack': 995, 'state': 'participating'}]",1000,Player1,1010,1,flop,0.2,0
10,omzfkkjrruwtfugvejjreq,preflop,call,10,xpbsygrmkaorhbufjqpwgh,preflop,call,0,omzfkkjrruwtfugvejjreq,flop,call,0,xpbsygrmkaorhbufjqpwgh,flop,call,0,omzfkkjrruwtfugvejjreq,turn,call,0,xpbsygrmkaorhbufjqpwgh,turn,call,0,omzfkkjrruwtfugvejjreq,river,call,990,xpbsygrmkaorhbufjqpwgh,river,raise,990,omzfkkjrruwtfugvejjreq,river,call,"SJ,H9,H7,S4,D2",river,2000,2000,1,,,"H4,S2","[{'name': 'Player1', 'uuid': 'xpbsygrmkaorhbufjqpwgh', 'stack': 990, 'state': 'participating'}, {'name': 'Player2', 'uuid': 'omzfkkjrruwtfugvejjreq', 'stack': 995, 'state': 'participating'}]",1000,Player1,20,1,river,0.92,1
10,nuiuyxmblrskjbuwkioujf,preflop,call,1000,kuwsansutoegbvhfpgewmw,preflop,raise,1000,nuiuyxmblrskjbuwkioujf,preflop,call,,,,,,,,,,,,,,,,,,,,,,,,,,river,2000,2000,1,,,"HK,CK","[{'name': 'Player1', 'uuid': 'kuwsansutoegbvhfpgewmw', 'stack': 990, 'state': 'participating'}, {'name': 'Player2', 'uuid': 'nuiuyxmblrskjbuwkioujf', 'stack': 995, 'state': 'participating'}]",1000,Player1,20,1,preflop,0.79,1
10,mcmvtumrtpgympcyfxacxw,preflop,call,10,lscmkszdzwarslcslknfcf,preflop,call,0,mcmvtumrtpgympcyfxacxw,flop,call,0,lscmkszdzwarslcslknfcf,flop,call,0,mcmvtumrtpgympcyfxacxw,turn,call,0,lscmkszdzwarslcslknfcf,turn,call,990,mcmvtumrtpgympcyfxacxw,river,raise,990,lscmkszdzwarslcslknfcf,river,call,,,,,"C7,HJ,DT,S9,D9",river,2000,0,1,,,"S6,D7","[{'name': 'Player1', 'uuid': 'lscmkszdzwarslcslknfcf', 'stack': 990, 'state': 'participating'}, {'name': 'Player2', 'uuid': 'mcmvtumrtpgympcyfxacxw', 'stack': 995, 'state': 'participating'}]",1000,Player1,1010,1,river,0.5,0
10,nwvgwzaosujzplidkxnndt,preflop,call,10,gaahtkdiephendgwuivudn,preflop,call,0,nwvgwzaosujzplidkxnndt,flop,call,990,gaahtkdiephendgwuivudn,flop,raise,990,nwvgwzaosujzplidkxnndt,flop,call,,,,,,,,,,,,,,,,,"H2,DA,D2",river,2000,2000,1,,,"CQ,S2","[{'name': 'Player1', 'uuid': 'gaahtkdiephendgwuivudn', 'stack': 990, 'state': 'participating'}, {'name': 'Player2', 'uuid': 'nwvgwzaosujzplidkxnndt', 'stack': 995, 'state': 'participating'}]",1000,Player1,20,1,flop,0.93,1
10,ylrktjpukiulunpgavdsgd,preflop,call,10,egmsljtdjnkqvdqgdajccb,preflop,call,0,ylrktjpukiulunpgavdsgd,flop,call,0,egmsljtdjnkqvdqgdajccb,flop,call,0,ylrktjpukiulunpgavdsgd,turn,call,0,egmsljtdjnkqvdqgdajccb,turn,call,0,ylrktjpukiulunpgavdsgd,river,call,0,egmsljtdjnkqvdqgdajccb,river,call,,,,,"DK,H9,D3,C6,D2",river,20,1010,1,,,"DT,S3","[{'name': 'Player1', 'uuid': 'egmsljtdjnkqvdqgdajccb', 'stack': 990, 'state': 'participating'}, {'name': 'Player2', 'uuid': 'ylrktjpukiulunpgavdsgd', 'stack': 995, 'state': 'participating'}]",1000,Player1,20,1,river,0.49,1
10,gndujldhetywmethocbgmw,preflop,call,10,hssdxutptyhyenfhsklmiu,preflop,call,0,gndujldhetywmethocbgmw,flop,call,0,hssdxutptyhyenfhsklmiu,flop,call,0,gndujldhetywmethocbgmw,turn,call,0,hssdxutptyhyenfhsklmiu,turn,call,990,gndujldhetywmethocbgmw,river,raise,-1,hssdxutptyhyenfhsklmiu,river,raise,,,,,"S4,C4,CJ,D3,D8",river,1010,990,1,,,"H8,S6","[{'name': 'Player1', 'uuid': 'hssdxutptyhyenfhsklmiu', 'stack': 990, 'state': 'participating'}, {'name': 'Player2', 'uuid': 'gndujldhetywmethocbgmw', 'stack': 995, 'state': 'participating'}]",1000,Player1,1010,1,river,0.73,0
10,mfebxzrygqzdvscjxwqkel,preflop,call,10,ygurfqjbhhfpzgxmzfvbqv,preflop,call,0,mfebxzrygqzdvscjxwqkel,flop,call,0,ygurfqjbhhfpzgxmzfvbqv,flop,call,0,mfebxzrygqzdvscjxwqkel,turn,call,0,ygurfqjbhhfpzgxmzfvbqv,turn,call,0,mfebxzrygqzdvscjxwqkel,river,call,990,ygurfqjbhhfpzgxmzfvbqv,river,raise,990,mfebxzrygqzdvscjxwqkel,river,call,"C2,CQ,C8,DQ,D9",river,2000,2000,1,,,"D8,D5","[{'name': 'Player1', 'uuid': 'ygurfqjbhhfpzgxmzfvbqv', 'stack': 990, 'state': 'participating'}, {'name': 'Player2', 'uuid': 'mfebxzrygqzdvscjxwqkel', 'stack': 995, 'state': 'participating'}]",1000,Player1,20,1,river,0.74,1
10,tzunxlolngidfperrgfyfi,preflop,call,10,dmckqpogbqvxthviwsvmyb,preflop,call,0,tzunxlolngidfperrgfyfi,flop,call,0,dmckqpogbqvxthviwsvmyb,flop,call,0,tzunxlolngidfperrgfyfi,turn,call,0,dmckqpogbqvxthviwsvmyb,turn,call,0,tzunxlolngidfperrgfyfi,river,call,990,dmckqpogbqvxthviwsvmyb,river,raise,990,tzunxlolngidfperrgfyfi,river,call,"S5,D2,SK,CQ,S2",river,2000,2000,1,,,"ST,S6","[{'name': 'Player1', 'uuid': 'dmckqpogbqvxthviwsvmyb', 'stack': 990, 'state': 'participating'}, {'name': 'Player2', 'uuid': 'tzunxlolngidfperrgfyfi', 'stack': 995, 'state': 'participating'}]",1000,Player1,20,1,river,0.97,1
10,muoosjvgkqogsrnumiczwz,preflop,call,10,pozmzhofobwilwpvmrgmot,preflop,call,0,muoosjvgkqogsrnumiczwz,flop,call,0,pozmzhofobwilwpvmrgmot,flop,call,0,muoosjvgkqogsrnumiczwz,turn,call,0,pozmzhofobwilwpvmrgmot,turn,call,0,muoosjvgkqogsrnumiczwz,river,call,0,pozmzhofobwilwpvmrgmot,river,call,,,,,"SQ,H4,C6,S4,ST",river,20,1010,1,,,"H3,S6","[{'name': 'Player1', 'uuid': 'pozmzhofobwilwpvmrgmot', 'stack': 990, 'state': 'participating'}, {'name': 'Player2', 'uuid': 'muoosjvgkqogsrnumiczwz', 'stack': 995, 'state': 'participating'}]",1000,Player1,20,1,river,0.61,1
10,znmvprnqjunqthsxbodltn,preflop,call,10,qpnvjlspjuskooqgywhgbi,preflop,call,0,znmvprnqjunqthsxbodltn,flop,call,0,qpnvjlspjuskooqgywhgbi,flop,call,0,znmvprnqjunqthsxbodltn,turn,call,0,qpnvjlspjuskooqgywhgbi,turn,call,990,znmvprnqjunqthsxbodltn,river,raise,990,qpnvjlspjuskooqgywhgbi,river,call,,,,,"H8,S7,D6,H9,CK",river,2000,0,1,,,"H5,D2","[{'name': 'Player1', 'uuid': 'qpnvjlspjuskooqgywhgbi', 'stack': 990, 'state': 'participating'}, {'name': 'Player2', 'uuid': 'znmvprnqjunqthsxbodltn', 'stack': 995, 'state': 'participating'}]",1000,Player1,1010,1,river,0.68,0
10,myykxkhciibmqaikdlsyyv,preflop,call,10,brcziwmucnrzvektkubtcs,preflop,call,0,myykxkhciibmqaikdlsyyv,flop,call,0,brcziwmucnrzvektkubtcs,flop,call,0,myykxkhciibmqaikdlsyyv,turn,call,0,brcziwmucnrzvektkubtcs,turn,call,990,myykxkhciibmqaikdlsyyv,river,raise,-1,brcziwmucnrzvektkubtcs,river,raise,,,,,"HA,D3,SK,S5,C4",river,1010,990,1,,,"D4,H5","[{'name': 'Player1', 'uuid': 'brcziwmucnrzvektkubtcs', 'stack': 990, 'state': 'participating'}, {'name': 'Player2', 'uuid': 'myykxkhciibmqaikdlsyyv', 'stack': 995, 'state': 'participating'}]",1000,Player1,1010,1,river,0.85,0
1000,kscbcsxgipdkcrzwbucfbp,preflop,raise,1000,fcfcqpcoixguprfpgmrimk,preflop,call,,,,,,,,,,,,,,,,,,,,,,,,,,,,,,river,2000,0,1,,,"DT,C6","[{'name': 'Player1', 'uuid': 'fcfcqpcoixguprfpgmrimk', 'stack': 990, 'state': 'participating'}, {'name': 'Player2', 'uuid': 'kscbcsxgipdkcrzwbucfbp', 'stack': 995, 'state': 'participating'}]",1000,Player1,1010,1,preflop,0.55,0
10,iyzfchnjjpbhpzpupfcntr,preflop,call,10,xfcfarlenpqpetpilujudo,preflop,call,0,iyzfchnjjpbhpzpupfcntr,flop,call,0,xfcfarlenpqpetpilujudo,flop,call,0,iyzfchnjjpbhpzpupfcntr,turn,call,0,xfcfarlenpqpetpilujudo,turn,call,0,iyzfchnjjpbhpzpupfcntr,river,call,0,xfcfarlenpqpetpilujudo,river,call,,,,,"S6,C8,DK,CJ,SK",river,20,1010,1,,,"HT,CA","[{'name': 'Player1', 'uuid': 'xfcfarlenpqpetpilujudo', 'stack': 990, 'state': 'participating'}, {'name': 'Player2', 'uuid': 'iyzfchnjjpbhpzpupfcntr', 'stack': 995, 'state': 'participating'}]",1000,Player1,20,1,river,0.44,1
1000,ongcpvtltwgequhbuaeywx,preflop,raise,1000,qmatsqvpkmsyibtqncqtqo,preflop,call,,,,,,,,,,,,,,,,,,,,,,,,,,,,,,river,2000,2000,1,,,"H6,SQ","[{'name': 'Player1', 'uuid': 'qmatsqvpkmsyibtqncqtqo', 'stack': 990, 'state': 'participating'}, {'name': 'Player2', 'uuid': 'ongcpvtltwgequhbuaeywx', 'stack': 995, 'state': 'participating'}]",1000,Player1,1010,1,preflop,0.56,1
10,vtzhqevoppzdbyqfldgyre,preflop,call,10,tokatvwnecqbagbunmyiwl,preflop,call,0,vtzhqevoppzdbyqfldgyre,flop,call,990,tokatvwnecqbagbunmyiwl,flop,raise,990,vtzhqevoppzdbyqfldgyre,flop,call,,,,,,,,,,,,,,,,,"C3,D2,D5",river,2000,2000,1,,,"C2,H5","[{'name': 'Player1', 'uuid': 'tokatvwnecqbagbunmyiwl', 'stack': 990, 'state': 'participating'}, {'name': 'Player2', 'uuid': 'vtzhqevoppzdbyqfldgyre', 'stack': 995, 'state': 'participating'}]",1000,Player1,20,1,flop,0.8,1
10,snsknxngvqmbprzngzavvg,preflop,call,10,kveurqcvhvulefqdwnxdvf,preflop,call,0,snsknxngvqmbprzngzavvg,flop,call,0,kveurqcvhvulefqdwnxdvf,flop,call,990,snsknxngvqmbprzngzavvg,turn,raise,990,kveurqcvhvulefqdwnxdvf,turn,call,,,,,,,,,,,,,"D8,H4,S4,HJ",river,2000,0,1,,,"DQ,C5","[{'name': 'Player1', 'uuid': 'kveurqcvhvulefqdwnxdvf', 'stack': 990, 'state': 'participating'}, {'name': 'Player2', 'uuid': 'snsknxngvqmbprzngzavvg', 'stack': 995, 'state': 'participating'}]",1000,Player1,1010,1,turn,0.43,0
10,qnayzewfbiefjejslamivs,preflop,call,10,ipjelgbcuzvodtlgfnkuuy,preflop,call,0,qnayzewfbiefjejslamivs,flop,call,0,ipjelgbcuzvodtlgfnkuuy,flop,call,0,qnayzewfbiefjejslamivs,turn,call,990,ipjelgbcuzvodtlgfnkuuy,turn,raise,990,qnayzewfbiefjejslamivs,turn,call,,,,,,,,,"HQ,H4,S7,S4",river,2000,2000,1,,,"D5,C4","[{'name': 'Player1', 'uuid': 'ipjelgbcuzvodtlgfnkuuy', 'stack': 990, 'state': 'participating'}, {'name': 'Player2', 'uuid': 'qnayzewfbiefjejslamivs', 'stack': 995, 'state': 'participating'}]",1000,Player1,20,1,turn,0.96,1
10,cuelhetkkuvdmpbgdcydvy,preflop,call,1000,ekgwarrobrixwfqpuzczqt,preflop,raise,1000,cuelhetkkuvdmpbgdcydvy,preflop,call,,,,,,,,,,,,,,,,,,,,,,,,,,river,2000,0,1,,,"H8,S8","[{'name': 'Player1', 'uuid': 'ekgwarrobrixwfqpuzczqt', 'stack': 990, 'state': 'participating'}, {'name': 'Player2', 'uuid': 'cuelhetkkuvdmpbgdcydvy', 'stack': 995, 'state': 'participating'}]",1000,Player1,20,1,preflop,0.77,0
10,breljshmwxdunfeeyulnxt,preflop,call,1000,lsvetrcngkrczlvsjvehao,preflop,raise,1000,breljshmwxdunfeeyulnxt,preflop,call,,,,,,,,,,,,,,,,,,,,,,,,,,river,2000,2000,1,,,"DT,ST","[{'name': 'Player1', 'uuid': 'lsvetrcngkrczlvsjvehao', 'stack': 990, 'state': 'participating'}, {'name': 'Player2', 'uuid': 'breljshmwxdunfeeyulnxt', 'stack': 995, 'state': 'participating'}]",1000,Player1,20,1,preflop,0.72,1
10,znchiejlckjdoboyceyavt,preflop,call,10,xjgwfsbzjquqxiejksxntf,preflop,call,0,znchiejlckjdoboyceyavt,flop,call,990,xjgwfsbzjquqxiejksxntf,flop,raise,990,znchiejlckjdoboyceyavt,flop,call,,,,,,,,,,,,,,,,,"DT,D6,H9",river,2000,2000,1,,,"SA,C9","[{'name': 'Player1', 'uuid': 'xjgwfsbzjquqxiejksxntf', 'stack': 990, 'state': 'participating'}, {'name': 'Player2', 'uuid': 'znchiejlckjdoboyceyavt', 'stack': 995, 'state': 'participating'}]",1000,Player1,20,1,flop,0.78,1
10,yjzvwhjnpfzigszqoyfuwf,preflop,call,10,dnatawcyydyhidhnwmgetm,preflop,call,0,yjzvwhjnpfzigszqoyfuwf,flop,call,0,dnatawcyydyhidhnwmgetm,flop,call,0,yjzvwhjnpfzigszqoyfuwf,turn,call,0,dnatawcyydyhidhnwmgetm,turn,call,990,yjzvwhjnpfzigszqoyfuwf,river,raise,990,dnatawcyydyhidhnwmgetm,river,call,,,,,"D9,H8,HJ,CA,CT",river,2000,0,1,,,"DK,C4","[{'name': 'Player1', 'uuid': 'dnatawcyydyhidhnwmgetm', 'stack': 990, 'state': 'participating'}, {'name': 'Player2', 'uuid': 'yjzvwhjnpfzigszqoyfuwf', 'stack': 995, 'state': 'participating'}]",1000,Player1,1010,1,river,0.17,0
10,uzbgboajafufublqyjudsu,preflop,call,10,kdqilsxthsoqhmqsfjqbqp,preflop,call,0,uzbgboajafufublqyjudsu,flop,call,990,kdqilsxthsoqhmqsfjqbqp,flop,raise,990,uzbgboajafufublqyjudsu,flop,call,,,,,,,,,,,,,,,,,"CJ,H2,CK",river,2000,2000,1,,,"SK,D6","[{'name': 'Player1', 'uuid': 'kdqilsxthsoqhmqsfjqbqp', 'stack': 990, 'state': 'participating'}, {'name': 'Player2', 'uuid': 'uzbgboajafufublqyjudsu', 'stack': 995, 'state': 'participating'}]",1000,Player1,20,1,flop,0.83,1
10,hbgsrwjfhucwsmbyjgjkpn,preflop,call,10,xmvmdgvvfkrxgurymmwmjk,preflop,call,0,hbgsrwjfhucwsmbyjgjkpn,flop,call,0,xmvmdgvvfkrxgurymmwmjk,flop,call,0,hbgsrwjfhucwsmbyjgjkpn,turn,call,0,xmvmdgvvfkrxgurymmwmjk,turn,call,0,hbgsrwjfhucwsmbyjgjkpn,river,call,990,xmvmdgvvfkrxgurymmwmjk,river,raise,-1,hbgsrwjfhucwsmbyjgjkpn,river,raise,"C5,SQ,SJ,D6,CQ",river,1010,1010,1,,,"H6,C2","[{'name': 'Player1', 'uuid': 'xmvmdgvvfkrxgurymmwmjk', 'stack': 990, 'state': 'participating'}, {'name': 'Player2', 'uuid': 'hbgsrwjfhucwsmbyjgjkpn', 'stack': 995, 'state': 'participating'}]",1000,Player1,20,1,river,0.75,1
10,pckhqkwhiszkdzebmuevmi,preflop,call,10,jahnknhgopohfzyxyruxuu,preflop,call,0,pckhqkwhiszkdzebmuevmi,flop,call,0,jahnknhgopohfzyxyruxuu,flop,call,0,pckhqkwhiszkdzebmuevmi,turn,call,0,jahnknhgopohfzyxyruxuu,turn,call,0,pckhqkwhiszkdzebmuevmi,river,call,0,jahnknhgopohfzyxyruxuu,river,call,,,,,"S8,SJ,C2,D7,DA",river,20,1010,1,,,"D2,SQ","[{'name': 'Player1', 'uuid': 'jahnknhgopohfzyxyruxuu', 'stack': 990, 'state': 'participating'}, {'name': 'Player2', 'uuid': 'pckhqkwhiszkdzebmuevmi', 'stack': 995, 'state': 'participating'}]",1000,Player1,20,1,river,0.55,1
10,tvbjijzjeppdmiaxggennh,preflop,call,10,mppnjxaowsdexyfzxesbzo,preflop,call,0,tvbjijzjeppdmiaxggennh,flop,call,0,mppnjxaowsdexyfzxesbzo,flop,call,0,tvbjijzjeppdmiaxggennh,turn,call,0,mppnjxaowsdexyfzxesbzo,turn,call,0,tvbjijzjeppdmiaxggennh,river,call,0,mppnjxaowsdexyfzxesbzo,river,call,,,,,"H3,H4,C4,S9,C6",river,20,1010,1,,,"S3,CQ","[{'name': 'Player1', 'uuid': 'mppnjxaowsdexyfzxesbzo', 'stack': 990, 'state': 'participating'}, {'name': 'Player2', 'uuid': 'tvbjijzjeppdmiaxggennh', 'stack': 995, 'state': 'participating'}]",1000,Player1,20,1,river,0.63,1
10,fivfbpmfwgielshmakylnd,preflop,call,10,ulfxrraxrzdybwxagpvrwv,preflop,call,0,fivfbpmfwgielshmakylnd,flop,call,990,ulfxrraxrzdybwxagpvrwv,flop,raise,990,fivfbpmfwgielshmakylnd,flop,call,,,,,,,,,,,,,,,,,"S8,DJ,C9",river,2000,0,1,,,"D9,SJ","[{'name': 'Player1', 'uuid': 'ulfxrraxrzdybwxagpvrwv', 'stack': 990, 'state': 'participating'}, {'name': 'Player2', 'uuid': 'fivfbpmfwgielshmakylnd', 'stack': 995, 'state': 'participating'}]",1000,Player1,20,1,flop,0.84,0
10,uavjxzlibhdbclgrixovlx,preflop,call,10,rcrkuixitwejcsoxupcxur,preflop,call,990,uavjxzlibhdbclgrixovlx,flop,raise,990,rcrkuixitwejcsoxupcxur,flop,call,,,,,,,,,,,,,,,,,,,,,"H9,CJ,SJ",river,2000,0,1,,,"CT,C3","[{'name': 'Player1', 'uuid': 'rcrkuixitwejcsoxupcxur', 'stack': 990, 'state': 'participating'}, {'name': 'Player2', 'uuid': 'uavjxzlibhdbclgrixovlx', 'stack': 995, 'state': 'participating'}]",1000,Player1,1010,1,flop,0.37,0
10,jtgkzmpsaczcmgpubexnkv,preflop,call,1000,qpnkmzckfnyctnqjkopqhh,preflop,raise,1000,jtgkzmpsaczcmgpubexnkv,preflop,call,,,,,,,,,,,,,,,,,,,,,,,,,,river,2000,2000,1,,,"DJ,HA","[{'name': 'Player1', 'uuid': 'qpnkmzckfnyctnqjkopqhh', 'stack': 990, 'state': 'participating'}, {'name': 'Player2', 'uuid': 'jtgkzmpsaczcmgpubexnkv', 'stack': 995, 'state': 'participating'}]",1000,Player1,20,1,preflop,0.71,1
10,yvlceedvuqrwdgjgrbihqw,preflop,call,10,vwbrdrigbfeqxpfamiehbv,preflop,call,0,yvlceedvuqrwdgjgrbihqw,flop,call,0,vwbrdrigbfeqxpfamiehbv,flop,call,990,yvlceedvuqrwdgjgrbihqw,turn,raise,-1,vwbrdrigbfeqxpfamiehbv,turn,raise,,,,,,,,,,,,,"S7,D9,C6,S5",turn,1010,990,1,,,"DA,H8","[{'name': 'Player1', 'uuid': 'vwbrdrigbfeqxpfamiehbv', 'stack': 990, 'state': 'participating'}, {'name': 'Player2', 'uuid': 'yvlceedvuqrwdgjgrbihqw', 'stack': 995, 'state': 'participating'}]",1000,Player1,1010,1,turn,0.93,0
10,rchnxyoogsxkbxivvtnvyu,preflop,call,10,tjxhdvsyultbfxavtnxeik,preflop,call,0,rchnxyoogsxkbxivvtnvyu,flop,call,990,tjxhdvsyultbfxavtnxeik,flop,raise,-1,rchnxyoogsxkbxivvtnvyu,flop,raise,,,,,,,,,,,,,,,,,"H5,C7,C2",flop,1010,1010,1,,,"HJ,S7","[{'name': 'Player1', 'uuid': 'tjxhdvsyultbfxavtnxeik', 'stack': 990, 'state': 'participating'}, {'name': 'Player2', 'uuid': 'rchnxyoogsxkbxivvtnvyu', 'stack': 995, 'state': 'participating'}]",1000,Player1,20,1,flop,0.73,1
10,jkjenqfprvahfskixwjpej,preflop,call,10,jggshnltmqssnfvtnpvnlr,preflop,call,0,jkjenqfprvahfskixwjpej,flop,call,0,jggshnltmqssnfvtnpvnlr,flop,call,0,jkjenqfprvahfskixwjpej,turn,call,0,jggshnltmqssnfvtnpvnlr,turn,call,0,jkjenqfprvahfskixwjpej,river,call,0,jggshnltmqssnfvtnpvnlr,river,call,,,,,"CQ,S7,HT,H7,ST",river,20,1010,1,,,"CK,D6","[{'name': 'Player1', 'uuid': 'jggshnltmqssnfvtnpvnlr', 'stack': 990, 'state': 'participating'}, {'name': 'Player2', 'uuid': 'jkjenqfprvahfskixwjpej', 'stack': 995, 'state': 'participating'}]",1000,Player1,20,1,river,0.46,1
10,xhwdxgvdafbufpndpelqrl,preflop,call,10,qfsfmvxyulxclcvzgugkyi,preflop,call,0,xhwdxgvdafbufpndpelqrl,flop,call,0,qfsfmvxyulxclcvzgugkyi,flop,call,990,xhwdxgvdafbufpndpelqrl,turn,raise,990,qfsfmvxyulxclcvzgugkyi,turn,call,,,,,,,,,,,,,"SJ,S9,C7,D7",river,2000,0,1,,,"H4,S3","[{'name': 'Player1', 'uuid': 'qfsfmvxyulxclcvzgugkyi', 'stack': 990, 'state': 'participating'}, {'name': 'Player2', 'uuid': 'xhwdxgvdafbufpndpelqrl', 'stack': 995, 'state': 'participating'}]",1000,Player1,1010,1,turn,0.19,0
10,mputnmkmwgsoyzwxsamofd,preflop,call,10,wfkaxmwaoijovweitcuyap,preflop,call,0,mputnmkmwgsoyzwxsamofd,flop,call,0,wfkaxmwaoijovweitcuyap,flop,call,990,mputnmkmwgsoyzwxsamofd,turn,raise,990,wfkaxmwaoijovweitcuyap,turn,call,,,,,,,,,,,,,"C7,H5,C8,HK",river,2000,2000,1,,,"D7,C6","[{'name': 'Player1', 'uuid': 'wfkaxmwaoijovweitcuyap', 'stack': 990, 'state': 'participating'}, {'name': 'Player2', 'uuid': 'mputnmkmwgsoyzwxsamofd', 'stack': 995, 'state': 'participating'}]",1000,Player1,1010,1,turn,0.59,1
10,cfuhuaeaqdqhebqkttywpk,preflop,call,10,zztdblznsjrzcvwndnscfu,preflop,call,0,cfuhuaeaqdqhebqkttywpk,flop,call,990,zztdblznsjrzcvwndnscfu,flop,raise,990,cfuhuaeaqdqhebqkttywpk,flop,call,,,,,,,,,,,,,,,,,"DQ,CK,CA",river,2000,2000,1,,,"S5,DK","[{'name': 'Player1', 'uuid': 'zztdblznsjrzcvwndnscfu', 'stack': 990, 'state': 'participating'}, {'name': 'Player2', 'uuid': 'cfuhuaeaqdqhebqkttywpk', 'stack': 995, 'state': 'participating'}]",1000,Player1,20,1,flop,0.76,1
10,moelwcinpgvodobpendscm,preflop,call,10,cgzrnjjhiwwdbjxryfgesu,preflop,call,0,moelwcinpgvodobpendscm,flop,call,0,cgzrnjjhiwwdbjxryfgesu,flop,call,0,moelwcinpgvodobpendscm,turn,call,990,cgzrnjjhiwwdbjxryfgesu,turn,raise,990,moelwcinpgvodobpendscm,turn,call,,,,,,,,,"DJ,CJ,C8,C3",river,2000,2000,1,,,"D7,S8","[{'name': 'Player1', 'uuid': 'cgzrnjjhiwwdbjxryfgesu', 'stack': 990, 'state': 'participating'}, {'name': 'Player2', 'uuid': 'moelwcinpgvodobpendscm', 'stack': 995, 'state': 'participating'}]",1000,Player1,20,1,turn,0.7,1
10,bpoyzptpuldihvfyjzxdmz,preflop,call,10,bpcvxadzcquycgepcvfjiv,preflop,call,0,bpoyzptpuldihvfyjzxdmz,flop,call,0,bpcvxadzcquycgepcvfjiv,flop,call,0,bpoyzptpuldihvfyjzxdmz,turn,call,0,bpcvxadzcquycgepcvfjiv,turn,call,0,bpoyzptpuldihvfyjzxdmz,river,call,990,bpcvxadzcquycgepcvfjiv,river,raise,990,bpoyzptpuldihvfyjzxdmz,river,call,"S7,D2,C9,S6,DA",river,2000,2000,1,,,"SA,S4","[{'name': 'Player1', 'uuid': 'bpcvxadzcquycgepcvfjiv', 'stack': 990, 'state': 'participating'}, {'name': 'Player2', 'uuid': 'bpoyzptpuldihvfyjzxdmz', 'stack': 995, 'state': 'participating'}]",1000,Player1,20,1,river,0.79,1
10,zvgceipkycifoyoedfmxrg,preflop,call,1000,ybzpkrtlcijlkgpzuhtthw,preflop,raise,1000,zvgceipkycifoyoedfmxrg,preflop,call,,,,,,,,,,,,,,,,,,,,,,,,,,river,2000,2000,1,,,"CA,SA","[{'name': 'Player1', 'uuid': 'ybzpkrtlcijlkgpzuhtthw', 'stack': 990, 'state': 'participating'}, {'name': 'Player2', 'uuid': 'zvgceipkycifoyoedfmxrg', 'stack': 995, 'state': 'participating'}]",1000,Player1,20,1,preflop,0.88,1
10,ospbcciqjscitrbmutwqnt,preflop,call,10,fxijevxvnbxwbjuxgldcwu,preflop,call,0,ospbcciqjscitrbmutwqnt,flop,call,0,fxijevxvnbxwbjuxgldcwu,flop,call,990,ospbcciqjscitrbmutwqnt,turn,raise,990,fxijevxvnbxwbjuxgldcwu,turn,call,,,,,,,,,,,,,"S7,HK,D7,CJ",river,2000,0,1,,,"D9,C6","[{'name': 'Player1', 'uuid': 'fxijevxvnbxwbjuxgldcwu', 'stack': 990, 'state': 'participating'}, {'name': 'Player2', 'uuid': 'ospbcciqjscitrbmutwqnt', 'stack': 995, 'state': 'participating'}]",1000,Player1,1010,1,turn,0.26,0
10,zbhtdtobtqzitlcpkbjevk,preflop,call,10,hhzbsbdwoiadpteiwtwirm,preflop,call,0,zbhtdtobtqzitlcpkbjevk,flop,call,0,hhzbsbdwoiadpteiwtwirm,flop,call,0,zbhtdtobtqzitlcpkbjevk,turn,call,0,hhzbsbdwoiadpteiwtwirm,turn,call,990,zbhtdtobtqzitlcpkbjevk,river,raise,-1,hhzbsbdwoiadpteiwtwirm,river,raise,,,,,"CQ,SK,CJ,H6,C6",river,1010,990,1,,,"S6,HA","[{'name': 'Player1', 'uuid': 'hhzbsbdwoiadpteiwtwirm', 'stack': 990, 'state': 'participating'}, {'name': 'Player2', 'uuid': 'zbhtdtobtqzitlcpkbjevk', 'stack': 995, 'state': 'participating'}]",1000,Player1,1010,1,river,0.91,0
10,hjwnkjqqhujpsjntnjxoxa,preflop,call,10,npjpoyhblckedigihtkkhf,preflop,call,0,hjwnkjqqhujpsjntnjxoxa,flop,call,0,npjpoyhblckedigihtkkhf,flop,call,0,hjwnkjqqhujpsjntnjxoxa,turn,call,0,npjpoyhblckedigihtkkhf,turn,call,990,hjwnkjqqhujpsjntnjxoxa,river,raise,990,npjpoyhblckedigihtkkhf,river,call,,,,,"H3,DJ,S7,S5,HA",river,2000,0,1,,,"C5,S4","[{'name': 'Player1', 'uuid': 'npjpoyhblckedigihtkkhf', 'stack': 990, 'state': 'participating'}, {'name': 'Player2', 'uuid': 'hjwnkjqqhujpsjntnjxoxa', 'stack': 995, 'state': 'participating'}]",1000,Player1,1010,1,river,0.52,0
10,cxesdsuzrzgsnvkqxrygyd,preflop,call,10,uaktbumocebbpzuqhzqvau,preflop,call,990,cxesdsuzrzgsnvkqxrygyd,flop,raise,-1,uaktbumocebbpzuqhzqvau,flop,raise,,,,,,,,,,,,,,,,,,,,,"SA,D2,D8",flop,1010,990,1,,,"H9,CA","[{'name': 'Player1', 'uuid': 'uaktbumocebbpzuqhzqvau', 'stack': 990, 'state': 'participating'}, {'name': 'Player2', 'uuid': 'cxesdsuzrzgsnvkqxrygyd', 'stack': 995, 'state': 'participating'}]",1000,Player1,1010,1,flop,0.87,0
10,zlorjkkugagfavfgbikgqj,preflop,call,10,wznquakjkanwtgrkecwxzp,preflop,call,0,zlorjkkugagfavfgbikgqj,flop,call,0,wznquakjkanwtgrkecwxzp,flop,call,0,zlorjkkugagfavfgbikgqj,turn,call,0,wznquakjkanwtgrkecwxzp,turn,call,0,zlorjkkugagfavfgbikgqj,river,call,0,wznquakjkanwtgrkecwxzp,river,call,,,,,"SJ,D5,S4,SA,H8",river,20,990,1,,,"H7,SK","[{'name': 'Player1', 'uuid': 'wznquakjkanwtgrkecwxzp', 'stack': 990, 'state': 'participating'}, {'name': 'Player2', 'uuid': 'zlorjkkugagfavfgbikgqj', 'stack': 995, 'state': 'participating'}]",1000,Player1,20,1,river,0.31,0
10,gvcjzjmctncksdprxfkobz,preflop,call,10,xflurehwbhwddusxjvhjzl,preflop,call,0,gvcjzjmctncksdprxfkobz,flop,call,0,xflurehwbhwddusxjvhjzl,flop,call,0,gvcjzjmctncksdprxfkobz,turn,call,0,xflurehwbhwddusxjvhjzl,turn,call,0,gvcjzjmctncksdprxfkobz,river,call,0,xflurehwbhwddusxjvhjzl,river,call,,,,,"C3,CQ,HA,SA,S5",river,20,1010,1,,,"D7,C9","[{'name': 'Player1', 'uuid': 'xflurehwbhwddusxjvhjzl', 'stack': 990, 'state': 'participating'}, {'name': 'Player2', 'uuid': 'gvcjzjmctncksdprxfkobz', 'stack': 995, 'state': 'participating'}]",1000,Player1,20,1,river,0.18,1
10,ksvsmxaotpwkmhcmjmimpk,preflop,call,10,dsllxttaxxqakqxbkdyhft,preflop,call,990,ksvsmxaotpwkmhcmjmimpk,flop,raise,-1,dsllxttaxxqakqxbkdyhft,flop,raise,,,,,,,,,,,,,,,,,,,,,"CA,S7,SJ",flop,1010,990,1,,,"CJ,SK","[{'name': 'Player1', 'uuid': 'dsllxttaxxqakqxbkdyhft', 'stack': 990, 'state': 'participating'}, {'name': 'Player2', 'uuid': 'ksvsmxaotpwkmhcmjmimpk', 'stack': 995, 'state': 'participating'}]",1000,Player1,1010,1,flop,0.81,0
10,pxzixgmwqgwfmbpfhfhzvc,preflop,call,10,rblcxighpchvuszximtiaj,preflop,call,0,pxzixgmwqgwfmbpfhfhzvc,flop,call,0,rblcxighpchvuszximtiaj,flop,call,0,pxzixgmwqgwfmbpfhfhzvc,turn,call,0,rblcxighpchvuszximtiaj,turn,call,0,pxzixgmwqgwfmbpfhfhzvc,river,call,0,rblcxighpchvuszximtiaj,river,call,,,,,"S9,D4,H8,H5,SQ",river,20,1010,1,,,"CA,HT","[{'name': 'Player1', 'uuid': 'rblcxighpchvuszximtiaj', 'stack': 990, 'state': 'participating'}, {'name': 'Player2', 'uuid': 'pxzixgmwqgwfmbpfhfhzvc', 'stack': 995, 'state': 'participating'}]",1000,Player1,20,1,river,0.39,1
10,bbfmeuradihmyyhogzsmff,preflop,call,10,azjfimftgeiubfacxrepjp,preflop,call,0,bbfmeuradihmyyhogzsmff,flop,call,0,azjfimftgeiubfacxrepjp,flop,call,0,bbfmeuradihmyyhogzsmff,turn,call,990,azjfimftgeiubfacxrepjp,turn,raise,-1,bbfmeuradihmyyhogzsmff,turn,raise,,,,,,,,,"CK,C3,H5,H8",turn,1010,1010,1,,,"HQ,D8","[{'name': 'Player1', 'uuid': 'azjfimftgeiubfacxrepjp', 'stack': 990, 'state': 'participating'}, {'name': 'Player2', 'uuid': 'bbfmeuradihmyyhogzsmff', 'stack': 995, 'state': 'participating'}]",1000,Player1,20,1,turn,0.79,1
10,hicshfphcvffiizsebknvp,preflop,call,10,rnoxskckijgbjmxdixtdjr,preflop,call,0,hicshfphcvffiizsebknvp,flop,call,0,rnoxskckijgbjmxdixtdjr,flop,call,0,hicshfphcvffiizsebknvp,turn,call,0,rnoxskckijgbjmxdixtdjr,turn,call,0,hicshfphcvffiizsebknvp,river,call,0,rnoxskckijgbjmxdixtdjr,river,call,,,,,"H7,C8,HT,C7,D3",river,20,1010,1,,,"HK,H4","[{'name': 'Player1', 'uuid': 'rnoxskckijgbjmxdixtdjr', 'stack': 990, 'state': 'participating'}, {'name': 'Player2', 'uuid': 'hicshfphcvffiizsebknvp', 'stack': 995, 'state': 'participating'}]",1000,Player1,20,1,river,0.25,1
10,wppceqikmyjiuintrnmgyh,preflop,call,10,uhkrotftqsdybpveteppfz,preflop,call,0,wppceqikmyjiuintrnmgyh,flop,call,990,uhkrotftqsdybpveteppfz,flop,raise,990,wppceqikmyjiuintrnmgyh,flop,call,,,,,,,,,,,,,,,,,"C9,S3,D6",river,2000,2000,1,,,"C7,C6","[{'name': 'Player1', 'uuid': 'uhkrotftqsdybpveteppfz', 'stack': 990, 'state': 'participating'}, {'name': 'Player2', 'uuid': 'wppceqikmyjiuintrnmgyh', 'stack': 995, 'state': 'participating'}]",1000,Player1,20,1,flop,0.72,1
10,hjhxldkehhvvojfrusxswk,preflop,call,10,canwxunkvjytoxtzxoxmdv,preflop,call,0,hjhxldkehhvvojfrusxswk,flop,call,0,canwxunkvjytoxtzxoxmdv,flop,call,990,hjhxldkehhvvojfrusxswk,turn,raise,990,canwxunkvjytoxtzxoxmdv,turn,call,,,,,,,,,,,,,"D4,C6,CT,S6",river,2000,0,1,,,"D3,SQ","[{'name': 'Player1', 'uuid': 'canwxunkvjytoxtzxoxmdv', 'stack': 990, 'state': 'participating'}, {'name': 'Player2', 'uuid': 'hjhxldkehhvvojfrusxswk', 'stack': 995, 'state': 'participating'}]",1000,Player1,1010,1,turn,0.23,0
10,syxxdmivcgevyhckmzfikj,preflop,call,10,smsaydpdukdylydhbswhid,preflop,call,0,syxxdmivcgevyhckmzfikj,flop,call,0,smsaydpdukdylydhbswhid,flop,call,0,syxxdmivcgevyhckmzfikj,turn,call,0,smsaydpdukdylydhbswhid,turn,call,0,syxxdmivcgevyhckmzfikj,river,call,0,smsaydpdukdylydhbswhid,river,call,,,,,"C4,H8,D9,S2,SA",river,20,1010,1,,,"H7,D4","[{'name': 'Player1', 'uuid': 'smsaydpdukdylydhbswhid', 'stack': 990, 'state': 'participating'}, {'name': 'Player2', 'uuid': 'syxxdmivcgevyhckmzfikj', 'stack': 995, 'state': 'participating'}]",1000,Player1,20,1,river,0.45,1
10,ggarhednytyvhrrstwpulz,preflop,call,10,dggfiulnixzybuzihiotiz,preflop,call,0,ggarhednytyvhrrstwpulz,flop,call,0,dggfiulnixzybuzihiotiz,flop,call,0,ggarhednytyvhrrstwpulz,turn,call,0,dggfiulnixzybuzihiotiz,turn,call,0,ggarhednytyvhrrstwpulz,river,call,990,dggfiulnixzybuzihiotiz,river,raise,990,ggarhednytyvhrrstwpulz,river,call,"DK,H6,S7,HT,D8",river,2000,2000,1,,,"D9,CA","[{'name': 'Player1', 'uuid': 'dggfiulnixzybuzihiotiz', 'stack': 990, 'state': 'participating'}, {'name': 'Player2', 'uuid': 'ggarhednytyvhrrstwpulz', 'stack': 995, 'state': 'participating'}]",1000,Player1,20,1,river,1.0,1
10,ttfiteplvgnbazuqlqdmxo,preflop,call,10,ijvugbnenbpbbtmvenrmcb,preflop,call,0,ttfiteplvgnbazuqlqdmxo,flop,call,0,ijvugbnenbpbbtmvenrmcb,flop,call,0,ttfiteplvgnbazuqlqdmxo,turn,call,0,ijvugbnenbpbbtmvenrmcb,turn,call,0,ttfiteplvgnbazuqlqdmxo,river,call,0,ijvugbnenbpbbtmvenrmcb,river,call,,,,,"S2,DK,HA,C5,H4",river,20,990,1,,,"H3,D8","[{'name': 'Player1', 'uuid': 'ijvugbnenbpbbtmvenrmcb', 'stack': 990, 'state': 'participating'}, {'name': 'Player2', 'uuid': 'ttfiteplvgnbazuqlqdmxo', 'stack': 995, 'state': 'participating'}]",1000,Player1,20,1,river,0.03,0
10,nrdvrmomouwwctfytyxvti,preflop,call,10,bqwzfziktzdyglwthxlxkz,preflop,call,0,nrdvrmomouwwctfytyxvti,flop,call,0,bqwzfziktzdyglwthxlxkz,flop,call,0,nrdvrmomouwwctfytyxvti,turn,call,0,bqwzfziktzdyglwthxlxkz,turn,call,0,nrdvrmomouwwctfytyxvti,river,call,0,bqwzfziktzdyglwthxlxkz,river,call,,,,,"S8,C7,H4,H8,C3",river,20,1010,1,,,"S4,H2","[{'name': 'Player1', 'uuid': 'bqwzfziktzdyglwthxlxkz', 'stack': 990, 'state': 'participating'}, {'name': 'Player2', 'uuid': 'nrdvrmomouwwctfytyxvti', 'stack': 995, 'state': 'participating'}]",1000,Player1,20,1,river,0.59,1
10,kjqfdnterneejkruefcien,preflop,call,10,oiltvjjksxoafoiwwyvdzs,preflop,call,0,kjqfdnterneejkruefcien,flop,call,0,oiltvjjksxoafoiwwyvdzs,flop,call,0,kjqfdnterneejkruefcien,turn,call,0,oiltvjjksxoafoiwwyvdzs,turn,call,990,kjqfdnterneejkruefcien,river,raise,990,oiltvjjksxoafoiwwyvdzs,river,call,,,,,"D9,H8,S4,C7,HT",river,2000,0,1,,,"D7,DK","[{'name': 'Player1', 'uuid': 'oiltvjjksxoafoiwwyvdzs', 'stack': 990, 'state': 'participating'}, {'name': 'Player2', 'uuid': 'kjqfdnterneejkruefcien', 'stack': 995, 'state': 'participating'}]",1000,Player1,1010,1,river,0.41,0
10,xfqmzkpjbnygphmyqnldsz,preflop,call,10,ccgrctlzxuunahiteouvlu,preflop,call,0,xfqmzkpjbnygphmyqnldsz,flop,call,0,ccgrctlzxuunahiteouvlu,flop,call,0,xfqmzkpjbnygphmyqnldsz,turn,call,0,ccgrctlzxuunahiteouvlu,turn,call,0,xfqmzkpjbnygphmyqnldsz,river,call,0,ccgrctlzxuunahiteouvlu,river,call,,,,,"S5,DQ,S9,D2,HT",river,20,1000,1,,,"C8,D3","[{'name': 'Player1', 'uuid': 'ccgrctlzxuunahiteouvlu', 'stack': 990, 'state': 'participating'}, {'name': 'Player2', 'uuid': 'xfqmzkpjbnygphmyqnldsz', 'stack': 995, 'state': 'participating'}]",1000,Player1,20,1,river,0.09,1
10,zmdwccuvrspgncijavlehr,preflop,call,10,dvoggnlnvmxtconbwnifmu,preflop,call,0,zmdwccuvrspgncijavlehr,flop,call,990,dvoggnlnvmxtconbwnifmu,flop,raise,990,zmdwccuvrspgncijavlehr,flop,call,,,,,,,,,,,,,,,,,"HJ,SQ,H2",river,2000,2000,1,,,"CQ,S2","[{'name': 'Player1', 'uuid': 'dvoggnlnvmxtconbwnifmu', 'stack': 990, 'state': 'participating'}, {'name': 'Player2', 'uuid': 'zmdwccuvrspgncijavlehr', 'stack': 995, 'state': 'participating'}]",1000,Player1,20,1,flop,0.88,1
10,lwuantcrjlgiojnbkapnnv,preflop,call,10,dukzblmfljcriwsihuqumu,preflop,call,990,lwuantcrjlgiojnbkapnnv,flop,raise,-1,dukzblmfljcriwsihuqumu,flop,raise,,,,,,,,,,,,,,,,,,,,,"HJ,D5,D2",flop,1010,990,1,,,"C5,C2","[{'name': 'Player1', 'uuid': 'dukzblmfljcriwsihuqumu', 'stack': 990, 'state': 'participating'}, {'name': 'Player2', 'uuid': 'lwuantcrjlgiojnbkapnnv', 'stack': 995, 'state': 'participating'}]",1000,Player1,1010,1,flop,0.82,0
10,epbfuklxscdcaxrbavtyxs,preflop,call,10,gzhmybvcvsctqoukhuafeo,preflop,call,0,epbfuklxscdcaxrbavtyxs,flop,call,990,gzhmybvcvsctqoukhuafeo,flop,raise,990,epbfuklxscdcaxrbavtyxs,flop,call,,,,,,,,,,,,,,,,,"DJ,H5,S6",river,2000,2000,1,,,"SJ,H4","[{'name': 'Player1', 'uuid': 'gzhmybvcvsctqoukhuafeo', 'stack': 990, 'state': 'participating'}, {'name': 'Player2', 'uuid': 'epbfuklxscdcaxrbavtyxs', 'stack': 995, 'state': 'participating'}]",1000,Player1,20,1,flop,0.8,1
10,pkggwkoqhiwyswspyavafw,preflop,call,10,allcqaiqpiucucebcdwjad,preflop,call,990,pkggwkoqhiwyswspyavafw,flop,raise,990,allcqaiqpiucucebcdwjad,flop,call,,,,,,,,,,,,,,,,,,,,,"S9,SJ,C2",river,2000,0,1,,,"H3,S4","[{'name': 'Player1', 'uuid': 'allcqaiqpiucucebcdwjad', 'stack': 990, 'state': 'participating'}, {'name': 'Player2', 'uuid': 'pkggwkoqhiwyswspyavafw', 'stack': 995, 'state': 'participating'}]",1000,Player1,1010,1,flop,0.13,0
1000,splrnjkpwimwajhvofdjoa,preflop,raise,1000,pvajrrfiaotpeomukmzmxh,preflop,call,,,,,,,,,,,,,,,,,,,,,,,,,,,,,,river,2000,0,1,,,"H3,C8","[{'name': 'Player1', 'uuid': 'pvajrrfiaotpeomukmzmxh', 'stack': 990, 'state': 'participating'}, {'name': 'Player2', 'uuid': 'splrnjkpwimwajhvofdjoa', 'stack': 995, 'state': 'participating'}]",1000,Player1,1010,1,preflop,0.43,0
10,cfdoubbgfeyzrageqwttrl,preflop,call,10,wsfdrcszjloqpzedfwbopf,preflop,call,0,cfdoubbgfeyzrageqwttrl,flop,call,990,wsfdrcszjloqpzedfwbopf,flop,raise,990,cfdoubbgfeyzrageqwttrl,flop,call,,,,,,,,,,,,,,,,,"CA,S6,CT",river,2000,2000,1,,,"CJ,C6","[{'name': 'Player1', 'uuid': 'wsfdrcszjloqpzedfwbopf', 'stack': 990, 'state': 'participating'}, {'name': 'Player2', 'uuid': 'cfdoubbgfeyzrageqwttrl', 'stack': 995, 'state': 'participating'}]",1000,Player1,20,1,flop,0.83,1
10,lhjzqaqhhxgjnhuivetxck,preflop,call,10,csndxcdexrkjivqvufaqtx,preflop,call,0,lhjzqaqhhxgjnhuivetxck,flop,call,990,csndxcdexrkjivqvufaqtx,flop,raise,990,lhjzqaqhhxgjnhuivetxck,flop,call,,,,,,,,,,,,,,,,,"HT,D2,H4",river,2000,0,1,,,"S3,DT","[{'name': 'Player1', 'uuid': 'csndxcdexrkjivqvufaqtx', 'stack': 990, 'state': 'participating'}, {'name': 'Player2', 'uuid': 'lhjzqaqhhxgjnhuivetxck', 'stack': 995, 'state': 'participating'}]",1000,Player1,20,1,flop,0.75,0
10,szbmiksukzplccgbdwsgwv,preflop,call,10,ukwevwesxvmzzaasvrezbe,preflop,call,0,szbmiksukzplccgbdwsgwv,flop,call,0,ukwevwesxvmzzaasvrezbe,flop,call,0,szbmiksukzplccgbdwsgwv,turn,call,990,ukwevwesxvmzzaasvrezbe,turn,raise,990,szbmiksukzplccgbdwsgwv,turn,call,,,,,,,,,"D7,SK,D4,CT",river,2000,2000,1,,,"HT,S2","[{'name': 'Player1', 'uuid': 'ukwevwesxvmzzaasvrezbe', 'stack': 990, 'state': 'participating'}, {'name': 'Player2', 'uuid': 'szbmiksukzplccgbdwsgwv', 'stack': 995, 'state': 'participating'}]",1000,Player1,20,1,turn,0.71,1
10,kxmfthothjtgisssbwjawj,preflop,call,10,grgcvoamfpirovtkqzfmms,preflop,call,0,kxmfthothjtgisssbwjawj,flop,call,0,grgcvoamfpirovtkqzfmms,flop,call,0,kxmfthothjtgisssbwjawj,turn,call,0,grgcvoamfpirovtkqzfmms,turn,call,0,kxmfthothjtgisssbwjawj,river,call,0,grgcvoamfpirovtkqzfmms,river,call,,,,,"C5,HK,S9,SA,CT",river,20,1010,1,,,"H7,DT","[{'name': 'Player1', 'uuid': 'grgcvoamfpirovtkqzfmms', 'stack': 990, 'state': 'participating'}, {'name': 'Player2', 'uuid': 'kxmfthothjtgisssbwjawj', 'stack': 995, 'state': 'participating'}]",1000,Player1,20,1,river,0.66,1
10,xaxvewhhwhmnrdvbcmiynx,preflop,call,10,iwklwefvxcxlcbtoenhaiu,preflop,call,0,xaxvewhhwhmnrdvbcmiynx,flop,call,990,iwklwefvxcxlcbtoenhaiu,flop,raise,990,xaxvewhhwhmnrdvbcmiynx,flop,call,,,,,,,,,,,,,,,,,"D8,HJ,SJ",river,2000,0,1,,,"H8,C9","[{'name': 'Player1', 'uuid': 'iwklwefvxcxlcbtoenhaiu', 'stack': 990, 'state': 'participating'}, {'name': 'Player2', 'uuid': 'xaxvewhhwhmnrdvbcmiynx', 'stack': 995, 'state': 'participating'}]",1000,Player1,20,1,flop,0.79,0
10,hpyieqtsoyhbgpwkrptssp,preflop,call,10,geupecnhebtodmdnuaewta,preflop,call,0,hpyieqtsoyhbgpwkrptssp,flop,call,0,geupecnhebtodmdnuaewta,flop,call,0,hpyieqtsoyhbgpwkrptssp,turn,call,0,geupecnhebtodmdnuaewta,turn,call,0,hpyieqtsoyhbgpwkrptssp,river,call,0,geupecnhebtodmdnuaewta,river,call,,,,,"S2,S9,SQ,D6,C7",river,20,1010,1,,,"CT,C4","[{'name': 'Player1', 'uuid': 'geupecnhebtodmdnuaewta', 'stack': 990, 'state': 'participating'}, {'name': 'Player2', 'uuid': 'hpyieqtsoyhbgpwkrptssp', 'stack': 995, 'state': 'participating'}]",1000,Player1,20,1,river,0.04,1
10,fdrbdkdocmifcaofjhrwdw,preflop,call,10,siebjemhblaiohbldayocv,preflop,call,0,fdrbdkdocmifcaofjhrwdw,flop,call,990,siebjemhblaiohbldayocv,flop,raise,990,fdrbdkdocmifcaofjhrwdw,flop,call,,,,,,,,,,,,,,,,,"HT,DJ,D2",river,2000,2000,1,,,"DQ,DK","[{'name': 'Player1', 'uuid': 'siebjemhblaiohbldayocv', 'stack': 990, 'state': 'participating'}, {'name': 'Player2', 'uuid': 'fdrbdkdocmifcaofjhrwdw', 'stack': 995, 'state': 'participating'}]",1000,Player1,20,1,flop,0.75,1
10,mimxpafmtiboejnallhkdx,preflop,call,10,uwnpfqibjnqpjzigbjbbqy,preflop,call,0,mimxpafmtiboejnallhkdx,flop,call,0,uwnpfqibjnqpjzigbjbbqy,flop,call,0,mimxpafmtiboejnallhkdx,turn,call,0,uwnpfqibjnqpjzigbjbbqy,turn,call,0,mimxpafmtiboejnallhkdx,river,call,990,uwnpfqibjnqpjzigbjbbqy,river,raise,990,mimxpafmtiboejnallhkdx,river,call,"C2,C9,H8,D5,CT",river,2000,2000,1,,,"DT,SK","[{'name': 'Player1', 'uuid': 'uwnpfqibjnqpjzigbjbbqy', 'stack': 990, 'state': 'participating'}, {'name': 'Player2', 'uuid': 'mimxpafmtiboejnallhkdx', 'stack': 995, 'state': 'participating'}]",1000,Player1,20,1,river,0.75,1
10,cdaqhjsnpebjfcjtcycnft,preflop,call,10,vomubvvznbsualkbblcudu,preflop,call,0,cdaqhjsnpebjfcjtcycnft,flop,call,0,vomubvvznbsualkbblcudu,flop,call,0,cdaqhjsnpebjfcjtcycnft,turn,call,0,vomubvvznbsualkbblcudu,turn,call,0,cdaqhjsnpebjfcjtcycnft,river,call,0,vomubvvznbsualkbblcudu,river,call,,,,,"DQ,D4,CT,C9,C8",river,20,990,1,,,"H2,S5","[{'name': 'Player1', 'uuid': 'vomubvvznbsualkbblcudu', 'stack': 990, 'state': 'participating'}, {'name': 'Player2', 'uuid': 'cdaqhjsnpebjfcjtcycnft', 'stack': 995, 'state': 'participating'}]",1000,Player1,20,1,river,0.04,0
10,jlqehitokmlxmsjizbtwgn,preflop,call,10,xfojvrwwuesuwwvnfvxecx,preflop,call,990,jlqehitokmlxmsjizbtwgn,flop,raise,-1,xfojvrwwuesuwwvnfvxecx,flop,raise,,,,,,,,,,,,,,,,,,,,,"S2,DK,C2",flop,1010,990,1,,,"SA,D2","[{'name': 'Player1', 'uuid': 'xfojvrwwuesuwwvnfvxecx', 'stack': 990, 'state': 'participating'}, {'name': 'Player2', 'uuid': 'jlqehitokmlxmsjizbtwgn', 'stack': 995, 'state': 'participating'}]",1000,Player1,1010,1,flop,0.94,0
10,focmvaubecrlrppehhniuf,preflop,call,10,oryhhwjrkkkgixurfriloz,preflop,call,0,focmvaubecrlrppehhniuf,flop,call,0,oryhhwjrkkkgixurfriloz,flop,call,0,focmvaubecrlrppehhniuf,turn,call,0,oryhhwjrkkkgixurfriloz,turn,call,0,focmvaubecrlrppehhniuf,river,call,0,oryhhwjrkkkgixurfriloz,river,call,,,,,"H9,SA,H5,HA,S8",river,20,990,1,,,"DQ,C6","[{'name': 'Player1', 'uuid': 'oryhhwjrkkkgixurfriloz', 'stack': 990, 'state': 'participating'}, {'name': 'Player2', 'uuid': 'focmvaubecrlrppehhniuf', 'stack': 995, 'state': 'participating'}]",1000,Player1,20,1,river,0.32,0
10,cvcuqgvqebalutccuxflvz,preflop,call,10,ptcgrzwdfoprwefagjaskf,preflop,call,0,cvcuqgvqebalutccuxflvz,flop,call,0,ptcgrzwdfoprwefagjaskf,flop,call,0,cvcuqgvqebalutccuxflvz,turn,call,990,ptcgrzwdfoprwefagjaskf,turn,raise,990,cvcuqgvqebalutccuxflvz,turn,call,,,,,,,,,"S9,H4,HQ,DQ",river,2000,2000,1,,,"D5,H9","[{'name': 'Player1', 'uuid': 'ptcgrzwdfoprwefagjaskf', 'stack': 990, 'state': 'participating'}, {'name': 'Player2', 'uuid': 'cvcuqgvqebalutccuxflvz', 'stack': 995, 'state': 'participating'}]",1000,Player1,20,1,turn,0.8,1
10,slxnzjbbrdmccmmlelhmnh,preflop,call,10,mikhqdvmhxcynuxqtmyihk,preflop,call,0,slxnzjbbrdmccmmlelhmnh,flop,call,0,mikhqdvmhxcynuxqtmyihk,flop,call,0,slxnzjbbrdmccmmlelhmnh,turn,call,0,mikhqdvmhxcynuxqtmyihk,turn,call,0,slxnzjbbrdmccmmlelhmnh,river,call,0,mikhqdvmhxcynuxqtmyihk,river,call,,,,,"D5,CK,ST,S6,S2",river,20,990,1,,,"SQ,CJ","[{'name': 'Player1', 'uuid': 'mikhqdvmhxcynuxqtmyihk', 'stack': 990, 'state': 'participating'}, {'name': 'Player2', 'uuid': 'slxnzjbbrdmccmmlelhmnh', 'stack': 995, 'state': 'participating'}]",1000,Player1,20,1,river,0.24,0
1000,fnngdryfdlphxasszwbsot,preflop,raise,1000,eljxjmxsiqvekzkmyzonib,preflop,call,,,,,,,,,,,,,,,,,,,,,,,,,,,,,,river,2000,0,1,,,"SK,DT","[{'name': 'Player1', 'uuid': 'eljxjmxsiqvekzkmyzonib', 'stack': 990, 'state': 'participating'}, {'name': 'Player2', 'uuid': 'fnngdryfdlphxasszwbsot', 'stack': 995, 'state': 'participating'}]",1000,Player1,1010,1,preflop,0.62,0
10,mgamlhnszrrcetjoqykuyf,preflop,call,10,pfbdgfsvweisicmfjoyoyl,preflop,call,990,mgamlhnszrrcetjoqykuyf,flop,raise,990,pfbdgfsvweisicmfjoyoyl,flop,call,,,,,,,,,,,,,,,,,,,,,"S3,H4,D7",river,2000,0,1,,,"C5,CA","[{'name': 'Player1', 'uuid': 'pfbdgfsvweisicmfjoyoyl', 'stack': 990, 'state': 'participating'}, {'name': 'Player2', 'uuid': 'mgamlhnszrrcetjoqykuyf', 'stack': 995, 'state': 'participating'}]",1000,Player1,1010,1,flop,0.48,0
10,xcheemjauxblgaxojgxmlb,preflop,call,10,bsmgwlzfkofvitghpggvpi,preflop,call,0,xcheemjauxblgaxojgxmlb,flop,call,0,bsmgwlzfkofvitghpggvpi,flop,call,0,xcheemjauxblgaxojgxmlb,turn,call,0,bsmgwlzfkofvitghpggvpi,turn,call,0,xcheemjauxblgaxojgxmlb,river,call,0,bsmgwlzfkofvitghpggvpi,river,call,,,,,"C4,HT,C6,CT,ST",river,20,990,1,,,"D5,D8","[{'name': 'Player1', 'uuid': 'bsmgwlzfkofvitghpggvpi', 'stack': 990, 'state': 'participating'}, {'name': 'Player2', 'uuid': 'xcheemjauxblgaxojgxmlb', 'stack': 995, 'state': 'participating'}]",1000,Player1,20,1,river,0.04,0
10,himjyrzfxdaekaabnfkqim,preflop,call,10,fczhnnmxhhzhytbklloike,preflop,call,0,himjyrzfxdaekaabnfkqim,flop,call,0,fczhnnmxhhzhytbklloike,flop,call,0,himjyrzfxdaekaabnfkqim,turn,call,0,fczhnnmxhhzhytbklloike,turn,call,0,himjyrzfxdaekaabnfkqim,river,call,0,fczhnnmxhhzhytbklloike,river,call,,,,,"S3,H7,C4,DA,S8",river,20,990,1,,,"C5,DJ","[{'name': 'Player1', 'uuid': 'fczhnnmxhhzhytbklloike', 'stack': 990, 'state': 'participating'}, {'name': 'Player2', 'uuid': 'himjyrzfxdaekaabnfkqim', 'stack': 995, 'state': 'participating'}]",1000,Player1,20,1,river,0.14,0
10,oifwcjofjeohnvgfkphidc,preflop,call,10,oztelkrlvuilvbughouxlt,preflop,call,0,oifwcjofjeohnvgfkphidc,flop,call,0,oztelkrlvuilvbughouxlt,flop,call,0,oifwcjofjeohnvgfkphidc,turn,call,0,oztelkrlvuilvbughouxlt,turn,call,0,oifwcjofjeohnvgfkphidc,river,call,0,oztelkrlvuilvbughouxlt,river,call,,,,,"S4,D5,SK,ST,D7",river,20,1010,1,,,"S9,DJ","[{'name': 'Player1', 'uuid': 'oztelkrlvuilvbughouxlt', 'stack': 990, 'state': 'participating'}, {'name': 'Player2', 'uuid': 'oifwcjofjeohnvgfkphidc', 'stack': 995, 'state': 'participating'}]",1000,Player1,20,1,river,0.15,1
10,voatwpcirqenentvxzqnsx,preflop,call,10,gctlhxzpulkrzsphxjgllb,preflop,call,0,voatwpcirqenentvxzqnsx,flop,call,0,gctlhxzpulkrzsphxjgllb,flop,call,0,voatwpcirqenentvxzqnsx,turn,call,0,gctlhxzpulkrzsphxjgllb,turn,call,0,voatwpcirqenentvxzqnsx,river,call,990,gctlhxzpulkrzsphxjgllb,river,raise,990,voatwpcirqenentvxzqnsx,river,call,"HT,H7,ST,HA,CK",river,2000,2000,1,,,"DQ,SJ","[{'name': 'Player1', 'uuid': 'gctlhxzpulkrzsphxjgllb', 'stack': 990, 'state': 'participating'}, {'name': 'Player2', 'uuid': 'voatwpcirqenentvxzqnsx', 'stack': 995, 'state': 'participating'}]",1000,Player1,20,1,river,0.95,1
10,imqfowjhexprtjwgwxpzcj,preflop,call,10,frnqhszydzwljjipubwlqt,preflop,call,0,imqfowjhexprtjwgwxpzcj,flop,call,0,frnqhszydzwljjipubwlqt,flop,call,0,imqfowjhexprtjwgwxpzcj,turn,call,990,frnqhszydzwljjipubwlqt,turn,raise,990,imqfowjhexprtjwgwxpzcj,turn,call,,,,,,,,,"SK,C7,H5,S6",river,2000,2000,1,,,"H3,C4","[{'name': 'Player1', 'uuid': 'frnqhszydzwljjipubwlqt', 'stack': 990, 'state': 'participating'}, {'name': 'Player2', 'uuid': 'imqfowjhexprtjwgwxpzcj', 'stack': 995, 'state': 'participating'}]",1000,Player1,20,1,turn,0.92,1
10,scgobsevgizmavrzmofbuc,preflop,call,10,fphuuscarjpjmghldcaklu,preflop,call,0,scgobsevgizmavrzmofbuc,flop,call,0,fphuuscarjpjmghldcaklu,flop,call,0,scgobsevgizmavrzmofbuc,turn,call,0,fphuuscarjpjmghldcaklu,turn,call,0,scgobsevgizmavrzmofbuc,river,call,0,fphuuscarjpjmghldcaklu,river,call,,,,,"H8,H3,HK,C3,C4",river,20,1010,1,,,"CA,H5","[{'name': 'Player1', 'uuid': 'fphuuscarjpjmghldcaklu', 'stack': 990, 'state': 'participating'}, {'name': 'Player2', 'uuid': 'scgobsevgizmavrzmofbuc', 'stack': 995, 'state': 'participating'}]",1000,Player1,20,1,river,0.49,1
10,nnjewrophfqvmnhudeeyxs,preflop,call,10,tnbfrfpzgaailtytweepxd,preflop,call,0,nnjewrophfqvmnhudeeyxs,flop,call,0,tnbfrfpzgaailtytweepxd,flop,call,0,nnjewrophfqvmnhudeeyxs,turn,call,0,tnbfrfpzgaailtytweepxd,turn,call,0,nnjewrophfqvmnhudeeyxs,river,call,0,tnbfrfpzgaailtytweepxd,river,call,,,,,"DA,C8,DK,C9,H2",river,20,1010,1,,,"D4,D2","[{'name': 'Player1', 'uuid': 'tnbfrfpzgaailtytweepxd', 'stack': 990, 'state': 'participating'}, {'name': 'Player2', 'uuid': 'nnjewrophfqvmnhudeeyxs', 'stack': 995, 'state': 'participating'}]",1000,Player1,20,1,river,0.43,1
10,mfjebcihzuvtahbenysqsf,preflop,call,10,kjhktgeieaiejgqfcywopc,preflop,call,0,mfjebcihzuvtahbenysqsf,flop,call,0,kjhktgeieaiejgqfcywopc,flop,call,0,mfjebcihzuvtahbenysqsf,turn,call,0,kjhktgeieaiejgqfcywopc,turn,call,0,mfjebcihzuvtahbenysqsf,river,call,0,kjhktgeieaiejgqfcywopc,river,call,,,,,"S6,H5,HK,S5,D2",river,20,1010,1,,,"DA,DJ","[{'name': 'Player1', 'uuid': 'kjhktgeieaiejgqfcywopc', 'stack': 990, 'state': 'participating'}, {'name': 'Player2', 'uuid': 'mfjebcihzuvtahbenysqsf', 'stack': 995, 'state': 'participating'}]",1000,Player1,20,1,river,0.4,1
10,cbclpuvuynwylpnpvliroh,preflop,call,10,stgdylollnzfqbohbquueo,preflop,call,0,cbclpuvuynwylpnpvliroh,flop,call,990,stgdylollnzfqbohbquueo,flop,raise,990,cbclpuvuynwylpnpvliroh,flop,call,,,,,,,,,,,,,,,,,"D5,C6,ST",river,2000,2000,1,,,"SK,DT","[{'name': 'Player1', 'uuid': 'stgdylollnzfqbohbquueo', 'stack': 990, 'state': 'participating'}, {'name': 'Player2', 'uuid': 'cbclpuvuynwylpnpvliroh', 'stack': 995, 'state': 'participating'}]",1000,Player1,20,1,flop,0.75,1
10,mdnmhxjidabyheewcqznei,preflop,call,10,uphzewzidnylmcqzfttqjl,preflop,call,0,mdnmhxjidabyheewcqznei,flop,call,0,uphzewzidnylmcqzfttqjl,flop,call,0,mdnmhxjidabyheewcqznei,turn,call,0,uphzewzidnylmcqzfttqjl,turn,call,0,mdnmhxjidabyheewcqznei,river,call,0,uphzewzidnylmcqzfttqjl,river,call,,,,,"D6,CJ,S7,C8,H2",river,20,1010,1,,,"H4,HK","[{'name': 'Player1', 'uuid': 'uphzewzidnylmcqzfttqjl', 'stack': 990, 'state': 'participating'}, {'name': 'Player2', 'uuid': 'mdnmhxjidabyheewcqznei', 'stack': 995, 'state': 'participating'}]",1000,Player1,20,1,river,0.21,1
10,janghzrtfruvbwmivntglw,preflop,call,10,uywihbnlfxwilpvcawcxpx,preflop,call,0,janghzrtfruvbwmivntglw,flop,call,0,uywihbnlfxwilpvcawcxpx,flop,call,0,janghzrtfruvbwmivntglw,turn,call,0,uywihbnlfxwilpvcawcxpx,turn,call,0,janghzrtfruvbwmivntglw,river,call,0,uywihbnlfxwilpvcawcxpx,river,call,,,,,"HA,HK,HJ,H3,SQ",river,20,990,1,,,"S3,SK","[{'name': 'Player1', 'uuid': 'uywihbnlfxwilpvcawcxpx', 'stack': 990, 'state': 'participating'}, {'name': 'Player2', 'uuid': 'janghzrtfruvbwmivntglw', 'stack': 995, 'state': 'participating'}]",1000,Player1,20,1,river,0.4,0
10,nyrcnnrgaxzpjpzkkhohod,preflop,call,10,mljdyvptktlgxidfizvbve,preflop,call,0,nyrcnnrgaxzpjpzkkhohod,flop,call,0,mljdyvptktlgxidfizvbve,flop,call,0,nyrcnnrgaxzpjpzkkhohod,turn,call,0,mljdyvptktlgxidfizvbve,turn,call,0,nyrcnnrgaxzpjpzkkhohod,river,call,0,mljdyvptktlgxidfizvbve,river,call,,,,,"H5,C6,S6,H8,S2",river,20,1010,1,,,"D5,H4","[{'name': 'Player1', 'uuid': 'mljdyvptktlgxidfizvbve', 'stack': 990, 'state': 'participating'}, {'name': 'Player2', 'uuid': 'nyrcnnrgaxzpjpzkkhohod', 'stack': 995, 'state': 'participating'}]",1000,Player1,20,1,river,0.57,1
10,iqfhsericwrbiycineiovq,preflop,call,10,clrlrlknqfwkmpeaubvgox,preflop,call,0,iqfhsericwrbiycineiovq,flop,call,0,clrlrlknqfwkmpeaubvgox,flop,call,990,iqfhsericwrbiycineiovq,turn,raise,990,clrlrlknqfwkmpeaubvgox,turn,call,,,,,,,,,,,,,"S2,S5,C4,CT",river,2000,2000,1,,,"H6,DQ","[{'name': 'Player1', 'uuid': 'clrlrlknqfwkmpeaubvgox', 'stack': 990, 'state': 'participating'}, {'name': 'Player2', 'uuid': 'iqfhsericwrbiycineiovq', 'stack': 995, 'state': 'participating'}]",1000,Player1,1010,1,turn,0.29,1
10,eiwghvejtuiallnbcmxoar,preflop,call,10,xuljdljdrrbndmxlevbgeq,preflop,call,0,eiwghvejtuiallnbcmxoar,flop,call,0,xuljdljdrrbndmxlevbgeq,flop,call,0,eiwghvejtuiallnbcmxoar,turn,call,0,xuljdljdrrbndmxlevbgeq,turn,call,990,eiwghvejtuiallnbcmxoar,river,raise,990,xuljdljdrrbndmxlevbgeq,river,call,,,,,"D4,C9,C6,ST,DQ",river,2000,0,1,,,"S3,S6","[{'name': 'Player1', 'uuid': 'xuljdljdrrbndmxlevbgeq', 'stack': 990, 'state': 'participating'}, {'name': 'Player2', 'uuid': 'eiwghvejtuiallnbcmxoar', 'stack': 995, 'state': 'participating'}]",1000,Player1,1010,1,river,0.57,0
10,iguhnrhmpcgvvgqeqkcjju,preflop,call,10,aaemcexqqkiipximlgzefb,preflop,call,0,iguhnrhmpcgvvgqeqkcjju,flop,call,0,aaemcexqqkiipximlgzefb,flop,call,0,iguhnrhmpcgvvgqeqkcjju,turn,call,0,aaemcexqqkiipximlgzefb,turn,call,990,iguhnrhmpcgvvgqeqkcjju,river,raise,990,aaemcexqqkiipximlgzefb,river,call,,,,,"D4,S7,D2,D6,C5",river,2000,0,1,,,"CA,SQ","[{'name': 'Player1', 'uuid': 'aaemcexqqkiipximlgzefb', 'stack': 990, 'state': 'participating'}, {'name': 'Player2', 'uuid': 'iguhnrhmpcgvvgqeqkcjju', 'stack': 995, 'state': 'participating'}]",1000,Player1,1010,1,river,0.16,0
10,uewfzlahxxoumizbpwhtip,preflop,call,10,vptbthaiqgmjuevdhhljfv,preflop,call,0,uewfzlahxxoumizbpwhtip,flop,call,990,vptbthaiqgmjuevdhhljfv,flop,raise,990,uewfzlahxxoumizbpwhtip,flop,call,,,,,,,,,,,,,,,,,"DA,CA,C4",river,2000,2000,1,,,"SA,D4","[{'name': 'Player1', 'uuid': 'vptbthaiqgmjuevdhhljfv', 'stack': 990, 'state': 'participating'}, {'name': 'Player2', 'uuid': 'uewfzlahxxoumizbpwhtip', 'stack': 995, 'state': 'participating'}]",1000,Player1,20,1,flop,0.99,1
10,tyzeovjwqgclbnmiaqmazf,preflop,call,10,xgykmmlhvxqazxtwzwcdxg,preflop,call,990,tyzeovjwqgclbnmiaqmazf,flop,raise,990,xgykmmlhvxqazxtwzwcdxg,flop,call,,,,,,,,,,,,,,,,,,,,,"D5,C4,C5",river,2000,0,1,,,"SK,H3","[{'name': 'Player1', 'uuid': 'xgykmmlhvxqazxtwzwcdxg', 'stack': 990, 'state': 'participating'}, {'name': 'Player2', 'uuid': 'tyzeovjwqgclbnmiaqmazf', 'stack': 995, 'state': 'participating'}]",1000,Player1,1010,1,flop,0.44,0
10,ztcobpdagrkvjzsysncobc,preflop,call,10,tyjbrlpxjobnaqywxcujjd,preflop,call,0,ztcobpdagrkvjzsysncobc,flop,call,0,tyjbrlpxjobnaqywxcujjd,flop,call,0,ztcobpdagrkvjzsysncobc,turn,call,0,tyjbrlpxjobnaqywxcujjd,turn,call,0,ztcobpdagrkvjzsysncobc,river,call,0,tyjbrlpxjobnaqywxcujjd,river,call,,,,,"DT,D5,D2,S8,ST",river,20,990,1,,,"C7,H9","[{'name': 'Player1', 'uuid': 'tyjbrlpxjobnaqywxcujjd', 'stack': 990, 'state': 'participating'}, {'name': 'Player2', 'uuid': 'ztcobpdagrkvjzsysncobc', 'stack': 995, 'state': 'participating'}]",1000,Player1,20,1,river,0.11,0
10,leueqgjmqrojjtustlxxij,preflop,call,10,skjpdutypqtvocxvgqcxxg,preflop,call,0,leueqgjmqrojjtustlxxij,flop,call,0,skjpdutypqtvocxvgqcxxg,flop,call,990,leueqgjmqrojjtustlxxij,turn,raise,990,skjpdutypqtvocxvgqcxxg,turn,call,,,,,,,,,,,,,"S2,CK,D3,DT",river,2000,0,1,,,"C8,H7","[{'name': 'Player1', 'uuid': 'skjpdutypqtvocxvgqcxxg', 'stack': 990, 'state': 'participating'}, {'name': 'Player2', 'uuid': 'leueqgjmqrojjtustlxxij', 'stack': 995, 'state': 'participating'}]",1000,Player1,1010,1,turn,0.16,0
10,uughhgbgvwilluqciapefj,preflop,call,10,flqejtyqaeljhbtreajcpb,preflop,call,0,uughhgbgvwilluqciapefj,flop,call,990,flqejtyqaeljhbtreajcpb,flop,raise,990,uughhgbgvwilluqciapefj,flop,call,,,,,,,,,,,,,,,,,"DQ,H6,DA",river,2000,2000,1,,,"S3,HA","[{'name': 'Player1', 'uuid': 'flqejtyqaeljhbtreajcpb', 'stack': 990, 'state': 'participating'}, {'name': 'Player2', 'uuid': 'uughhgbgvwilluqciapefj', 'stack': 995, 'state': 'participating'}]",1000,Player1,20,1,flop,0.81,1
10,xffisinynbwftolerxtldo,preflop,call,10,ffonzjgldkejbrhzwqxsdf,preflop,call,990,xffisinynbwftolerxtldo,flop,raise,990,ffonzjgldkejbrhzwqxsdf,flop,call,,,,,,,,,,,,,,,,,,,,,"C8,S7,DK",river,2000,0,1,,,"C7,D3","[{'name': 'Player1', 'uuid': 'ffonzjgldkejbrhzwqxsdf', 'stack': 990, 'state': 'participating'}, {'name': 'Player2', 'uuid': 'xffisinynbwftolerxtldo', 'stack': 995, 'state': 'participating'}]",1000,Player1,1010,1,flop,0.53,0
1000,qosijtfryuilhejeftcvll,preflop,raise,1000,qeqmuhqogkbdgyxvtmvnfg,preflop,call,,,,,,,,,,,,,,,,,,,,,,,,,,,,,,river,2000,0,1,,,"SA,H3","[{'name': 'Player1', 'uuid': 'qeqmuhqogkbdgyxvtmvnfg', 'stack': 990, 'state': 'participating'}, {'name': 'Player2', 'uuid': 'qosijtfryuilhejeftcvll', 'stack': 995, 'state': 'participating'}]",1000,Player1,1010,1,preflop,0.49,0
10,qgvdeixsyccpvxulmgrlro,preflop,call,10,usfctfzbrknpgtgkwpmaxf,preflop,call,0,qgvdeixsyccpvxulmgrlro,flop,call,0,usfctfzbrknpgtgkwpmaxf,flop,call,0,qgvdeixsyccpvxulmgrlro,turn,call,0,usfctfzbrknpgtgkwpmaxf,turn,call,0,qgvdeixsyccpvxulmgrlro,river,call,0,usfctfzbrknpgtgkwpmaxf,river,call,,,,,"H9,SQ,C9,H3,C3",river,20,990,1,,,"S8,C2","[{'name': 'Player1', 'uuid': 'usfctfzbrknpgtgkwpmaxf', 'stack': 990, 'state': 'participating'}, {'name': 'Player2', 'uuid': 'qgvdeixsyccpvxulmgrlro', 'stack': 995, 'state': 'participating'}]",1000,Player1,20,1,river,0.16,0
10,dwrkufjekqvqmzlywjzyiy,preflop,call,10,wvqnxqxziyzihenjtujntx,preflop,call,0,dwrkufjekqvqmzlywjzyiy,flop,call,0,wvqnxqxziyzihenjtujntx,flop,call,0,dwrkufjekqvqmzlywjzyiy,turn,call,0,wvqnxqxziyzihenjtujntx,turn,call,0,dwrkufjekqvqmzlywjzyiy,river,call,0,wvqnxqxziyzihenjtujntx,river,call,,,,,"H4,C3,HT,D7,S7",river,20,1010,1,,,"S2,SK","[{'name': 'Player1', 'uuid': 'wvqnxqxziyzihenjtujntx', 'stack': 990, 'state': 'participating'}, {'name': 'Player2', 'uuid': 'dwrkufjekqvqmzlywjzyiy', 'stack': 995, 'state': 'participating'}]",1000,Player1,20,1,river,0.33,1
10,nzypoplqruhnukknwralse,preflop,call,10,rdwrxeclxgiaqkwpitsaqv,preflop,call,0,nzypoplqruhnukknwralse,flop,call,0,rdwrxeclxgiaqkwpitsaqv,flop,call,0,nzypoplqruhnukknwralse,turn,call,0,rdwrxeclxgiaqkwpitsaqv,turn,call,0,nzypoplqruhnukknwralse,river,call,0,rdwrxeclxgiaqkwpitsaqv,river,call,,,,,"C2,D3,H5,SJ,DT",river,20,990,1,,,"D4,S3","[{'name': 'Player1', 'uuid': 'rdwrxeclxgiaqkwpitsaqv', 'stack': 990, 'state': 'participating'}, {'name': 'Player2', 'uuid': 'nzypoplqruhnukknwralse', 'stack': 995, 'state': 'participating'}]",1000,Player1,20,1,river,0.48,0
10,krofesmksnjvtrwxyjojin,preflop,call,10,vwwbmszemeeowwxtlekxcj,preflop,call,0,krofesmksnjvtrwxyjojin,flop,call,0,vwwbmszemeeowwxtlekxcj,flop,call,0,krofesmksnjvtrwxyjojin,turn,call,990,vwwbmszemeeowwxtlekxcj,turn,raise,990,krofesmksnjvtrwxyjojin,turn,call,,,,,,,,,"S9,DA,C9,CA",river,2000,2000,1,,,"SK,HJ","[{'name': 'Player1', 'uuid': 'vwwbmszemeeowwxtlekxcj', 'stack': 990, 'state': 'participating'}, {'name': 'Player2', 'uuid': 'krofesmksnjvtrwxyjojin', 'stack': 995, 'state': 'participating'}]",1000,Player1,20,1,turn,0.76,1
10,slqniaaaeyihlwzrbtjmuk,preflop,call,10,vfqgzrpigkvppvtoenlubp,preflop,call,0,slqniaaaeyihlwzrbtjmuk,flop,call,0,vfqgzrpigkvppvtoenlubp,flop,call,0,slqniaaaeyihlwzrbtjmuk,turn,call,0,vfqgzrpigkvppvtoenlubp,turn,call,0,slqniaaaeyihlwzrbtjmuk,river,call,0,vfqgzrpigkvppvtoenlubp,river,call,,,,,"C7,HT,H2,H7,H4",river,20,990,1,,,"D2,SA","[{'name': 'Player1', 'uuid': 'vfqgzrpigkvppvtoenlubp', 'stack': 990, 'state': 'participating'}, {'name': 'Player2', 'uuid': 'slqniaaaeyihlwzrbtjmuk', 'stack': 995, 'state': 'participating'}]",1000,Player1,20,1,river,0.43,0
10,ysewihuiyxwhibdjnvhnhb,preflop,call,10,neiouqvmxgajyapgypwtym,preflop,call,0,ysewihuiyxwhibdjnvhnhb,flop,call,0,neiouqvmxgajyapgypwtym,flop,call,0,ysewihuiyxwhibdjnvhnhb,turn,call,0,neiouqvmxgajyapgypwtym,turn,call,0,ysewihuiyxwhibdjnvhnhb,river,call,0,neiouqvmxgajyapgypwtym,river,call,,,,,"SK,CJ,HQ,S3,D8",river,20,990,1,,,"CT,D2","[{'name': 'Player1', 'uuid': 'neiouqvmxgajyapgypwtym', 'stack': 990, 'state': 'participating'}, {'name': 'Player2', 'uuid': 'ysewihuiyxwhibdjnvhnhb', 'stack': 995, 'state': 'participating'}]",1000,Player1,20,1,river,0.18,0
1000,uqtraqirfkchiblaaxarfs,preflop,raise,1000,svedcaswzqgwthnbzlttyt,preflop,call,,,,,,,,,,,,,,,,,,,,,,,,,,,,,,river,2000,2000,1,,,"H9,DQ","[{'name': 'Player1', 'uuid': 'svedcaswzqgwthnbzlttyt', 'stack': 990, 'state': 'participating'}, {'name': 'Player2', 'uuid': 'uqtraqirfkchiblaaxarfs', 'stack': 995, 'state': 'participating'}]",1000,Player1,1010,1,preflop,0.53,1
10,epzuhikrdnquelrdmbhesx,preflop,call,10,ekxpqxhxifdxhsskqkukyh,preflop,call,0,epzuhikrdnquelrdmbhesx,flop,call,0,ekxpqxhxifdxhsskqkukyh,flop,call,0,epzuhikrdnquelrdmbhesx,turn,call,0,ekxpqxhxifdxhsskqkukyh,turn,call,0,epzuhikrdnquelrdmbhesx,river,call,990,ekxpqxhxifdxhsskqkukyh,river,raise,990,epzuhikrdnquelrdmbhesx,river,call,"CQ,HK,D3,H7,C3",river,2000,2000,1,,,"C5,S3","[{'name': 'Player1', 'uuid': 'ekxpqxhxifdxhsskqkukyh', 'stack': 990, 'state': 'participating'}, {'name': 'Player2', 'uuid': 'epzuhikrdnquelrdmbhesx', 'stack': 995, 'state': 'participating'}]",1000,Player1,20,1,river,0.96,1
